user_id,signup_date,plan,region,acquisition_channel,segment,seats,mrr,active_days_90,support_tickets,csat,churned
U100000,2024-07-21,Enterprise,APAC,Paid,SMB,263,12887,37.0,0,,0
U100001,2025-03-25,Free,NA,Organic,SMB,1,0,11.0,0,,0
U100002,2024-06-06,Free,EMEA,Referral,SMB,1,0,0.0,0,,0
U100003,2025-06-05,Business,NA,Organic,Mid-Market,9,261,22.0,0,,0
U100004,2024-05-19,Starter,NA,Paid,SMB,3,36,19.0,0,,0
U100005,2024-01-25,Free,NA,Organic,Mid-Market,1,0,7.0,0,,0
U100006,2024-02-10,Enterprise,APAC,Organic,SMB,226,11074,20.0,3,3.6,0
U100007,2024-06-24,Starter,EMEA,Referral,SMB,2,24,24.0,1,4.4,0
U100008,2024-01-14,Free,NA,Paid,SMB,1,0,16.0,0,,1
U100009,2024-06-05,Free,LATAM,Referral,Mid-Market,1,0,2.0,1,3.9,0
U100010,2024-02-29,Free,EMEA,Referral,Mid-Market,1,0,10.0,0,,1
U100011,2024-07-01,Enterprise,NA,Paid,Mid-Market,289,14161,25.0,1,3.0,1
U100012,2024-11-25,Starter,NA,Organic,Enterprise,3,36,21.0,0,,0
U100013,2024-07-17,Starter,EMEA,Paid,SMB,7,84,19.0,0,,0
U100014,2024-12-31,Free,EMEA,Organic,Mid-Market,1,0,0.0,2,3.8,0
U100015,2025-03-17,Starter,EMEA,Organic,SMB,7,84,5.0,4,2.8,1
U100016,2024-03-28,Business,EMEA,Organic,SMB,5,145,33.0,1,4.5,0
U100017,2024-05-08,Free,,Paid,Mid-Market,1,0,0.0,0,,0
U100018,2024-07-31,Business,EMEA,Referral,SMB,22,638,14.0,1,3.4,1
U100019,2025-05-22,Enterprise,LATAM,Organic,SMB,290,14210,29.0,4,3.8,0
U100020,2025-05-20,Starter,EMEA,Organic,Mid-Market,7,84,5.0,3,4.5,1
U100021,2025-03-13,Business,LATAM,Paid,SMB,27,783,15.0,3,3.5,1
U100022,2024-09-08,Starter,,Paid,SMB,2,24,14.0,0,,0
U100023,2025-02-19,Free,EMEA,Organic,SMB,1,0,0.0,1,4.3,0
U100024,2024-02-12,Free,LATAM,Referral,Mid-Market,1,0,8.0,0,,0
U100025,2024-05-31,Enterprise,APAC,Paid,Mid-Market,126,6174,14.0,1,4.5,1
U100026,2024-09-13,Free,EMEA,Organic,SMB,1,0,11.0,0,,1
U100027,2024-07-21,Starter,EMEA,Referral,Mid-Market,2,24,14.0,2,3.7,0
U100028,2024-09-04,Starter,LATAM,Organic,Enterprise,7,84,15.0,0,,0
U100029,2025-04-01,Free,APAC,Organic,SMB,1,0,1.0,0,,0
U100030,2024-06-01,Free,APAC,Referral,Enterprise,1,0,9.0,1,4.0,0
U100031,2025-02-11,Free,LATAM,Paid,Mid-Market,1,0,4.0,2,3.6,0
U100032,2024-08-30,Free,NA,Paid,Mid-Market,1,0,,0,,0
U100033,2025-04-24,Free,NA,Organic,Mid-Market,1,0,5.0,0,,1
U100034,2025-03-19,Starter,NA,Organic,Enterprise,4,48,9.0,0,,0
U100035,2024-10-28,Free,,Organic,SMB,1,0,15.0,0,,0
U100036,2024-12-16,Starter,EMEA,Partner,SMB,3,36,14.0,1,4.8,0
U100037,2025-06-07,Starter,EMEA,Paid,SMB,5,60,29.0,0,,0
U100038,2024-09-07,Free,EMEA,Organic,Enterprise,1,0,0.0,0,,0
U100039,2025-01-04,Free,LATAM,Referral,Enterprise,1,0,14.0,1,3.8,0
U100040,2024-07-24,Enterprise,APAC,Referral,SMB,45,2205,27.0,6,3.6,0
U100041,2024-03-10,Enterprise,EMEA,Organic,Mid-Market,60,2940,27.0,6,4.8,1
U100042,2024-01-16,Business,EMEA,Paid,SMB,5,145,7.0,2,5.0,0
U100043,2025-02-27,Free,EMEA,Referral,Enterprise,1,0,4.0,1,3.0,0
U100044,2024-12-08,Free,NA,Organic,SMB,1,0,2.0,1,3.4,0
U100045,2024-04-03,Free,NA,Organic,SMB,1,0,0.0,0,,0
U100046,2025-01-07,Free,APAC,Paid,SMB,1,0,4.0,0,,0
U100047,2025-02-08,Free,NA,Organic,SMB,1,0,11.0,1,3.5,0
U100048,2024-02-27,Free,EMEA,Organic,SMB,1,0,1.0,0,,0
U100049,2024-11-16,starter,APAC,Organic,SMB,5,60,6.0,0,,1
U100050,2024-06-02,Free,EMEA,Paid,SMB,1,0,1.0,0,,0
U100051,2024-04-03,Business,NA,Paid,SMB,8,232,16.0,3,4.2,1
U100052,2024-10-27,Starter,NA,Referral,SMB,3,36,15.0,0,,0
U100053,2024-11-25,Free,EMEA,Organic,SMB,1,0,1.0,0,,0
U100054,2024-11-17,Starter,EMEA,Organic,Enterprise,6,72,19.0,2,4.3,1
U100055,2025-03-30,Free,APAC,Organic,SMB,1,0,17.0,0,,0
U100056,2025-04-18,Free,APAC,Organic,SMB,1,0,0.0,1,4.2,0
U100057,2025-05-04,Starter,NA,Partner,Mid-Market,4,48,18.0,2,5.0,0
U100058,2024-05-14,Starter,NA,Paid,Mid-Market,7,84,12.0,1,3.5,0
U100059,2025-01-25,Starter,EMEA,Paid,SMB,3,36,15.0,0,,0
U100060,2025-05-26,Free,EMEA,Paid,Mid-Market,1,0,11.0,0,,0
U100061,2025-05-13,Starter,NA,Paid,Mid-Market,4,48,13.0,0,,0
U100062,2025-03-29,Free,LATAM,Referral,SMB,1,0,11.0,0,,0
U100063,2024-01-03,Free,NA,Paid,Enterprise,1,0,0.0,0,,1
U100064,2024-04-05,Starter,EMEA,Partner,SMB,5,60,12.0,1,4.0,0
U100065,2024-02-16,Enterprise,EMEA,Paid,SMB,272,13328,18.0,1,5.0,1
U100066,2024-02-05,Business,EMEA,Paid,SMB,24,696,12.0,0,,0
U100067,2025-05-25,Free,NA,Paid,SMB,1,0,5.0,0,,0
U100068,2024-12-28,Free,NA,Referral,SMB,1,0,6.0,0,,0
U100069,2025-04-07,Business,NA,Paid,SMB,36,1044,8.0,3,5.0,0
U100070,2024-11-14,Free,EMEA,Organic,SMB,1,0,2.0,1,4.4,0
U100071,2025-03-07,Free,NA,Organic,SMB,1,0,0.0,0,,1
U100072,2025-05-08,Free,EMEA,Organic,SMB,1,0,6.0,0,,1
U100073,2025-05-01,Business,EMEA,Paid,Mid-Market,37,1073,22.0,0,,0
U100074,2025-02-02,Free,EMEA,Organic,SMB,1,0,0.0,0,,0
U100075,2024-09-14,Starter,LATAM,Paid,SMB,2,24,13.0,1,3.7,0
U100076,2024-02-27,Free,APAC,Organic,Mid-Market,1,0,10.0,0,,0
U100077,2024-07-13,Free,LATAM,Organic,Enterprise,1,0,12.0,1,5.0,0
U100078,2025-04-03,Free,EMEA,Organic,Enterprise,1,0,13.0,1,3.4,0
U100079,2025-05-14,Enterprise,LATAM,Organic,Mid-Market,253,12397,33.0,0,,0
U100080,2024-05-04,Free,NA,Paid,SMB,1,0,16.0,0,,0
U100081,2025-04-23,Starter,NA,Organic,Mid-Market,2,24,15.0,3,3.5,0
U100082,2024-12-04,Business,LATAM,Referral,SMB,30,870,2.0,0,,0
U100083,2024-06-04,Free,NA,Organic,SMB,1,0,0.0,2,4.5,0
U100084,2025-04-19,Enterprise,EMEA,Paid,SMB,284,13916,34.0,2,5.0,0
U100085,2024-04-10,Business,NA,Organic,Enterprise,37,1073,17.0,2,3.2,0
U100086,2024-05-01,Free,EMEA,Paid,SMB,1,0,9.0,0,,1
U100087,2024-08-08,Free,NA,Paid,SMB,1,0,13.0,0,,0
U100088,2024-09-24,Starter,EMEA,Referral,SMB,6,72,15.0,3,4.1,0
U100089,2025-01-11,Starter,EMEA,Referral,SMB,7,84,12.0,0,,0
U100090,2024-03-27,Business,APAC,Paid,SMB,26,754,21.0,1,5.0,0
U100091,2024-02-27,Business,EMEA,Partner,SMB,37,1073,21.0,2,3.7,0
U100092,2024-11-10,Free,EMEA,Organic,Mid-Market,1,0,7.0,0,,0
U100093,2024-01-14,Free,NA,Organic,Mid-Market,1,0,0.0,1,4.0,1
U100094,2024-02-14,Starter,EMEA,Organic,Enterprise,2,24,26.0,0,,0
U100095,2025-06-15,Free,APAC,Organic,SMB,1,0,0.0,1,4.3,0
U100096,2025-02-23,Business,APAC,Referral,Mid-Market,6,174,18.0,3,2.0,1
U100097,2024-04-18,Starter,NA,Paid,SMB,6,72,26.0,0,,0
U100098,2024-07-30,Starter,EMEA,Organic,Mid-Market,7,84,7.0,0,,0
U100099,2024-03-17,Starter,EMEA,Paid,SMB,2,24,13.0,0,,0
U100100,2024-01-18,Free,NA,Organic,SMB,1,0,15.0,0,,0
U100101,2024-01-29,Starter,APAC,Referral,Mid-Market,6,72,20.0,0,,0
U100102,2024-10-22,Business,EMEA,Paid,SMB,7,203,15.0,1,3.8,0
U100103,2024-06-30,Free,APAC,Paid,SMB,1,0,0.0,0,,1
U100104,2024-01-17,Free,EMEA,Referral,Mid-Market,1,0,9.0,0,,0
U100105,2024-01-22,Business,EMEA,Organic,Mid-Market,35,1015,8.0,2,3.6,0
U100106,2024-12-07,Starter,NA,Paid,Enterprise,3,36,16.0,1,3.9,0
U100107,2024-08-28,Starter,NA,Paid,SMB,4,48,4.0,1,5.0,0
U100108,2024-09-02,Free,NA,Organic,SMB,1,0,10.0,0,,0
U100109,2024-03-31,Free,APAC,Paid,SMB,1,0,0.0,1,4.1,1
U100110,2024-10-13,Enterprise,NA,Organic,SMB,166,8134,25.0,0,,0
U100111,2025-06-16,Enterprise,NA,Partner,Mid-Market,169,8281,40.0,1,4.1,0
U100112,2025-01-15,Free,EMEA,Partner,SMB,1,0,9.0,2,3.4,0
U100113,2024-11-29,Business,EMEA,Organic,Enterprise,28,812,12.0,1,5.0,0
U100114,2025-06-23,Free,LATAM,Organic,Mid-Market,1,0,4.0,0,,0
U100115,2025-03-12,business,APAC,Organic,Mid-Market,24,696,26.0,4,1.9,0
U100116,2024-05-02,Free,EMEA,Paid,Mid-Market,1,0,0.0,0,,0
U100117,2024-01-14,Free,NA,Organic,SMB,1,0,10.0,1,4.7,0
U100118,2024-01-05,Starter,APAC,Organic,Enterprise,2,24,13.0,0,,0
U100119,2024-06-14,Business,EMEA,Organic,Mid-Market,14,406,13.0,0,,0
U100120,2025-01-02,Free,EMEA,Paid,SMB,1,0,15.0,0,,1
U100121,2024-12-07,Enterprise,EMEA,Referral,Enterprise,194,9506,25.0,4,4.3,0
U100122,2024-08-16,Starter,NA,Paid,SMB,5,60,10.0,1,4.2,1
U100123,2024-11-23,Starter,NA,Organic,SMB,4,48,12.0,1,4.8,0
U100124,2025-06-19,Free,NA,Paid,SMB,1,0,13.0,1,3.7,0
U100125,2024-02-07,Starter,NA,Referral,SMB,5,60,5.0,1,4.6,0
U100126,2025-01-29,Starter,NA,Paid,Enterprise,3,36,27.0,1,3.6,0
U100127,2024-12-25,Business,LATAM,Organic,SMB,39,1131,28.0,3,3.5,1
U100128,2025-03-22,Business,APAC,Organic,SMB,17,493,22.0,4,2.9,0
U100129,2024-09-25,Enterprise,APAC,Organic,Enterprise,132,6468,26.0,5,3.9,0
U100130,2024-07-05,Enterprise,EMEA,Referral,SMB,161,7889,19.0,2,3.3,0
U100131,2024-07-17,Free,NA,Organic,Enterprise,1,0,3.0,0,,0
U100132,2024-08-25,Free,EMEA,Organic,Mid-Market,1,0,4.0,0,,0
U100133,2024-02-01,Starter,LATAM,Organic,SMB,2,24,24.0,1,3.1,0
U100134,2024-12-02,Starter,EMEA,Organic,Enterprise,4,48,20.0,0,,0
U100135,2025-01-31,Business,,Organic,SMB,14,406,20.0,0,,1
U100136,2024-05-10,Enterprise,APAC,Partner,SMB,152,7448,18.0,1,3.8,0
U100137,2025-02-02,Starter,NA,Organic,SMB,6,72,7.0,1,3.0,0
U100138,2025-03-30,Free,LATAM,Organic,Mid-Market,1,0,3.0,0,,1
U100139,2024-10-06,Free,APAC,Paid,Mid-Market,1,0,0.0,0,,0
U100140,2025-02-22,Starter,NA,Organic,SMB,5,60,23.0,0,,0
U100141,2025-06-06,Free,APAC,Paid,SMB,1,0,10.0,0,,1
U100142,2025-06-06,Business,NA,Partner,Mid-Market,31,899,28.0,1,3.4,0
U100143,2024-08-25,Starter,LATAM,Organic,SMB,3,36,0.0,0,,0
U100144,2025-04-10,Business,LATAM,Organic,Mid-Market,34,986,24.0,0,,0
U100145,2025-06-15,Enterprise,NA,Organic,SMB,87,4263,34.0,5,4.8,0
U100146,2025-04-16,Starter,APAC,Organic,SMB,2,24,18.0,1,3.7,0
U100147,2024-10-26,Starter,EMEA,Organic,SMB,6,72,18.0,1,3.1,0
U100148,2024-03-21,Free,APAC,Partner,SMB,1,0,0.0,0,,0
U100149,2024-08-10,Starter,NA,Paid,SMB,6,72,29.0,0,,0
U100150,2024-10-30,Starter,EMEA,Paid,Mid-Market,3,36,11.0,0,,1
U100151,2024-06-29,Business,APAC,Referral,SMB,10,290,14.0,0,,0
U100152,2025-02-01,Enterprise,LATAM,Paid,SMB,61,2989,25.0,3,3.5,0
U100153,2024-06-29,Free,NA,Referral,SMB,1,0,0.0,0,,0
U100154,2025-04-16,Business,NA,Referral,SMB,9,261,19.0,3,5.0,0
U100155,2024-03-14,Business,EMEA,Partner,SMB,14,406,22.0,1,4.0,0
U100156,2024-08-30,Business,NA,Organic,SMB,36,1044,3.0,2,4.6,0
U100157,2025-06-04,Starter,LATAM,Organic,SMB,3,36,19.0,0,,0
U100158,2024-09-07,Enterprise,EMEA,Organic,SMB,97,4753,17.0,3,3.6,0
U100159,2025-01-17,Starter,NA,Organic,SMB,2,24,15.0,1,4.6,0
U100160,2024-02-03,Starter,APAC,Organic,SMB,6,72,28.0,0,,0
U100161,2025-02-12,Starter,NA,Referral,Mid-Market,7,84,20.0,1,4.1,0
U100162,2024-12-20,Business,NA,Referral,Enterprise,23,667,22.0,2,5.0,0
U100163,2024-10-14,Free,EMEA,Referral,SMB,1,0,2.0,1,3.8,1
U100164,2024-08-25,Starter,NA,Referral,Mid-Market,5,60,6.0,1,4.4,1
U100165,2024-01-07,Starter,EMEA,Paid,Enterprise,2,24,15.0,1,4.4,0
U100166,2024-09-11,Business,EMEA,Organic,SMB,16,464,25.0,0,,0
U100167,2024-03-17,Free,EMEA,Paid,Mid-Market,1,0,9.0,0,,0
U100168,2024-12-08,Free,EMEA,Organic,Mid-Market,1,0,10.0,0,,0
U100169,2025-01-09,Starter,NA,Organic,SMB,3,36,10.0,3,4.0,1
U100170,2024-10-29,Free,EMEA,Organic,Mid-Market,1,0,10.0,0,,0
U100171,2024-01-23,Starter,LATAM,Organic,Mid-Market,3,36,20.0,0,,0
U100172,2024-03-01,Starter,EMEA,Organic,SMB,2,24,10.0,1,4.8,0
U100173,2025-04-26,Free,NA,Organic,Mid-Market,1,0,17.0,1,4.4,1
U100174,2024-03-03,Free,LATAM,Paid,Mid-Market,1,0,,0,,0
U100175,2024-08-22,business,EMEA,Referral,SMB,27,783,12.0,1,4.7,0
U100176,2024-09-20,Starter,LATAM,Paid,Mid-Market,5,60,8.0,1,3.2,1
U100177,2024-05-29,Enterprise,NA,Organic,SMB,85,4165,24.0,0,,0
U100178,2024-01-20,Free,NA,Referral,SMB,1,0,6.0,0,,1
U100179,2024-11-29,Free,NA,Paid,Mid-Market,1,0,3.0,0,,0
U100180,2024-08-09,Business,APAC,Paid,SMB,38,1102,15.0,0,,0
U100181,2024-01-28,Free,NA,Paid,Mid-Market,1,0,0.0,0,,0
U100182,2024-02-08,Free,NA,Partner,Mid-Market,1,0,3.0,0,,0
U100183,2025-05-08,Starter,APAC,Paid,SMB,7,84,2.0,1,3.7,1
U100184,2024-03-07,Starter,NA,Paid,Mid-Market,7,84,,0,,0
U100185,2024-08-29,Business,APAC,Referral,Enterprise,16,464,26.0,1,3.5,0
U100186,2024-03-31,Free,NA,Referral,SMB,1,0,16.0,0,,0
U100187,2024-02-08,Free,NA,Paid,Mid-Market,1,0,19.0,0,,0
U100188,2024-01-15,Starter,LATAM,Organic,SMB,2,24,10.0,0,,0
U100189,2024-09-04,Free,LATAM,Organic,Enterprise,1,0,0.0,0,,0
U100190,2024-03-24,Starter,EMEA,Referral,Mid-Market,4,48,3.0,0,,1
U100191,2024-07-03,Free,LATAM,Paid,SMB,1,0,4.0,0,,0
U100192,2025-04-20,Starter,EMEA,Paid,SMB,4,48,30.0,1,4.3,0
U100193,2024-10-15,Business,NA,Referral,SMB,14,406,,1,4.1,0
U100194,2025-04-11,Starter,NA,Organic,SMB,6,72,16.0,1,4.1,0
U100195,2025-03-22,Business,EMEA,Partner,SMB,34,986,21.0,2,4.4,0
U100196,2024-12-04,Business,NA,Organic,Mid-Market,29,841,0.0,1,3.5,0
U100197,2025-06-01,Free,LATAM,Paid,Mid-Market,1,0,1.0,1,4.7,1
U100198,2024-12-21,Business,APAC,Paid,SMB,7,203,25.0,1,2.8,0
U100199,2025-05-26,free,LATAM,Paid,SMB,1,0,5.0,0,,1
U100200,2024-02-09,Free,NA,Organic,SMB,1,0,4.0,0,,0
U100201,2024-12-11,Enterprise,EMEA,Organic,Mid-Market,165,8085,30.0,3,4.4,0
U100202,2025-03-20,Business,EMEA,Paid,SMB,14,406,13.0,1,3.7,0
U100203,2024-05-29,Starter,NA,Referral,SMB,3,36,14.0,0,,0
U100204,2024-05-26,Business,NA,Referral,Enterprise,36,1044,19.0,2,5.0,1
U100205,2024-03-31,Starter,EMEA,Partner,Mid-Market,7,84,15.0,1,4.0,0
U100206,2025-05-31,Starter,EMEA,Organic,SMB,4,48,10.0,2,5.0,0
U100207,2024-09-12,Business,NA,Paid,Mid-Market,9,261,13.0,2,4.8,0
U100208,2025-04-25,Free,NA,Organic,SMB,1,0,4.0,0,,0
U100209,2024-10-13,Starter,NA,Organic,Enterprise,5,60,7.0,2,4.5,0
U100210,2024-03-05,Free,NA,Organic,Mid-Market,1,0,10.0,0,,0
U100211,2024-12-15,Enterprise,APAC,Organic,Enterprise,153,7497,14.0,0,,0
U100212,2024-05-13,Starter,APAC,Organic,SMB,7,84,8.0,3,3.4,0
U100213,2024-03-17,Starter,APAC,Paid,SMB,6,72,9.0,1,4.0,0
U100214,2024-09-10,Business,APAC,Organic,SMB,27,783,23.0,3,2.1,0
U100215,2024-05-28,Business,EMEA,Paid,SMB,10,290,21.0,0,,1
U100216,2025-03-31,Enterprise,APAC,Referral,SMB,286,14014,26.0,2,4.2,1
U100217,2024-12-02,Enterprise,NA,Referral,Enterprise,170,8330,25.0,3,3.0,0
U100218,2024-11-01,Business,EMEA,Organic,SMB,37,1073,11.0,2,4.4,1
U100219,2024-08-19,Free,EMEA,Paid,SMB,1,0,1.0,0,,0
U100220,2025-05-10,Enterprise,EMEA,Organic,Mid-Market,126,6174,35.0,2,4.0,0
U100221,2024-04-29,Free,NA,Organic,Mid-Market,1,0,0.0,0,,0
U100222,2024-10-06,Business,NA,Organic,Enterprise,36,1044,19.0,1,5.0,0
U100223,2024-04-10,Free,APAC,Organic,SMB,1,0,14.0,1,3.9,0
U100224,2025-02-20,Starter,NA,Referral,SMB,3,36,16.0,0,,0
U100225,2024-10-09,Free,LATAM,Organic,SMB,1,0,2.0,0,,0
U100226,2024-05-01,Starter,APAC,Referral,SMB,3,36,10.0,0,,0
U100227,2025-03-11,Enterprise,,Organic,SMB,177,8673,29.0,3,2.7,0
U100228,2025-01-20,Business,NA,Paid,SMB,37,1073,25.0,3,4.3,0
U100229,2024-05-27,Business,NA,Organic,SMB,34,986,22.0,3,4.2,0
U100230,2025-01-31,Free,NA,Referral,SMB,1,0,2.0,0,,0
U100231,2025-03-17,Starter,LATAM,Organic,SMB,6,72,15.0,0,,0
U100232,2025-04-12,Free,NA,Organic,Mid-Market,1,0,15.0,0,,0
U100233,2025-03-25,Business,NA,Paid,SMB,15,435,28.0,2,2.9,1
U100234,2025-02-27,Free,EMEA,Paid,SMB,1,0,15.0,0,,0
U100235,2024-08-13,Business,NA,Organic,SMB,39,1131,28.0,1,4.0,0
U100236,2025-02-02,Starter,EMEA,Organic,SMB,3,36,7.0,0,,0
U100237,2024-12-20,Enterprise,EMEA,Organic,SMB,54,2646,37.0,2,4.9,0
U100238,2024-05-15,Starter,APAC,Paid,SMB,3,36,17.0,0,,0
U100239,2025-01-13,Starter,EMEA,Organic,SMB,3,36,16.0,0,,0
U100240,2024-04-11,Starter,LATAM,Organic,SMB,4,48,13.0,0,,0
U100241,2025-01-25,Free,EMEA,Paid,Mid-Market,1,0,11.0,0,,0
U100242,2025-02-02,Free,NA,Organic,SMB,1,0,10.0,0,,1
U100243,2025-05-28,Business,APAC,Referral,Enterprise,12,348,30.0,3,2.6,0
U100244,2024-10-17,Free,NA,Referral,Mid-Market,1,0,11.0,0,,0
U100245,2024-08-18,Free,EMEA,Partner,SMB,1,0,1.0,0,,0
U100246,2024-02-26,Business,EMEA,Paid,SMB,10,290,20.0,0,,0
U100247,2025-04-21,Business,EMEA,Organic,SMB,13,377,4.0,3,4.2,0
U100248,2025-05-29,Free,NA,Paid,Enterprise,1,0,7.0,0,,0
U100249,2024-12-31,Business,APAC,Paid,SMB,10,290,40.0,2,3.3,0
U100250,2024-10-05,Free,NA,Organic,SMB,1,0,12.0,0,,0
U100251,2024-10-07,Starter,NA,Organic,SMB,3,36,21.0,0,,0
U100252,2024-10-19,Starter,APAC,Organic,SMB,4,48,28.0,1,3.9,0
U100253,2024-03-18,Starter,NA,Organic,Enterprise,3,36,8.0,0,,0
U100254,2024-02-07,Starter,EMEA,Paid,Mid-Market,3,36,22.0,2,4.1,0
U100255,2025-03-03,Starter,NA,Referral,Enterprise,4,48,12.0,2,4.7,0
U100256,2024-02-10,Free,APAC,Organic,Enterprise,1,0,0.0,0,,0
U100257,2024-09-07,Starter,EMEA,Paid,SMB,3,36,3.0,0,,0
U100258,2025-02-21,Starter,NA,Referral,SMB,6,72,5.0,1,4.2,0
U100259,2024-04-01,Free,APAC,Paid,Enterprise,1,0,7.0,0,,1
U100260,2024-09-12,Starter,NA,Organic,SMB,3,36,20.0,2,3.4,1
U100261,2025-03-19,Starter,APAC,Organic,Mid-Market,3,36,24.0,0,,0
U100262,2024-04-13,Starter,NA,Paid,SMB,5,60,9.0,0,,0
U100263,2024-07-17,Free,NA,Organic,SMB,1,0,10.0,0,,0
U100264,2024-06-23,Business,APAC,Organic,Enterprise,33,957,23.0,0,,0
U100265,2025-06-23,Free,APAC,Referral,Mid-Market,1,0,0.0,0,,1
U100266,2024-01-13,Free,APAC,Paid,SMB,1,0,10.0,1,5.0,0
U100267,2024-11-30,Starter,EMEA,Referral,SMB,5,60,26.0,0,,0
U100268,2024-11-18,Business,LATAM,Organic,SMB,39,1131,16.0,3,5.0,1
U100269,2024-12-31,Free,LATAM,Organic,SMB,1,0,2.0,0,,1
U100270,2024-12-09,Starter,NA,Paid,SMB,6,72,24.0,3,4.4,0
U100271,2024-08-05,Free,EMEA,Organic,Enterprise,1,0,0.0,0,,0
U100272,2025-04-21,Starter,NA,Referral,Enterprise,3,36,12.0,2,4.2,0
U100273,2024-09-08,Business,NA,Organic,SMB,33,957,20.0,1,4.0,0
U100274,2024-05-25,Free,NA,Organic,Enterprise,1,0,0.0,0,,0
U100275,2024-06-25,Free,NA,Organic,SMB,1,0,10.0,0,,0
U100276,2025-04-11,Free,NA,Organic,SMB,1,0,2.0,0,,0
U100277,2024-03-18,Starter,NA,Organic,SMB,4,48,13.0,1,3.7,0
U100278,2024-12-26,Business,APAC,Organic,SMB,39,1131,11.0,5,1.8,0
U100279,2024-08-07,Free,EMEA,Referral,SMB,1,0,19.0,0,,0
U100280,2024-05-04,Starter,NA,Paid,SMB,5,60,25.0,0,,0
U100281,2025-03-21,Free,LATAM,Partner,SMB,1,0,0.0,0,,0
U100282,2025-03-05,Free,,Organic,SMB,1,0,4.0,0,,0
U100283,2025-03-04,Starter,APAC,Organic,SMB,4,48,7.0,0,,0
U100284,2024-09-09,Starter,APAC,Organic,SMB,4,48,9.0,1,3.7,0
U100285,2024-10-02,Starter,LATAM,Paid,SMB,2,24,6.0,0,,0
U100286,2024-03-27,Free,EMEA,Organic,SMB,1,0,0.0,0,,0
U100287,2024-07-30,Business,NA,Referral,SMB,24,696,16.0,1,4.2,1
U100288,2025-02-22,Free,NA,Organic,Enterprise,1,0,15.0,0,,0
U100289,2024-06-20,Business,LATAM,Referral,Mid-Market,14,406,26.0,2,5.0,1
U100290,2024-08-27,Free,NA,Referral,Enterprise,1,0,8.0,0,,0
U100291,2024-08-29,Starter,NA,Organic,Mid-Market,6,72,5.0,3,4.3,1
U100292,2024-08-10,Free,APAC,Referral,Enterprise,1,0,0.0,0,,1
U100293,2024-07-03,Free,APAC,Organic,Mid-Market,1,0,11.0,0,,0
U100294,2024-03-03,Starter,LATAM,Organic,Mid-Market,5,60,2.0,1,3.0,0
U100295,2024-01-06,Business,APAC,Organic,SMB,9,261,13.0,0,,1
U100296,2024-11-17,Starter,NA,Paid,SMB,2,24,16.0,2,3.9,0
U100297,2024-08-20,Free,NA,Organic,Mid-Market,1,0,9.0,0,,0
U100298,2025-03-19,Starter,NA,Organic,Mid-Market,3,36,3.0,1,3.8,0
U100299,2025-03-12,Business,NA,Organic,SMB,9,261,10.0,2,3.2,0
U100300,2024-12-20,Enterprise,EMEA,Paid,SMB,195,9555,23.0,2,2.5,0
U100301,2025-03-26,Business,EMEA,Organic,SMB,17,493,28.0,2,3.7,0
U100302,2025-03-22,Free,EMEA,Organic,Mid-Market,1,0,3.0,0,,0
U100303,2024-04-29,Business,LATAM,Partner,Mid-Market,19,551,33.0,3,4.1,0
U100304,2024-10-18,Business,EMEA,Organic,Enterprise,34,986,6.0,1,4.3,1
U100305,2024-05-26,Free,LATAM,Partner,SMB,1,0,15.0,0,,0
U100306,2024-01-14,Starter,EMEA,Paid,SMB,7,84,10.0,0,,0
U100307,2024-10-22,Free,NA,Organic,SMB,1,0,0.0,0,,0
U100308,2024-11-21,Free,NA,Organic,Mid-Market,1,0,4.0,2,4.1,1
U100309,2024-07-31,Free,EMEA,Organic,Mid-Market,1,0,2.0,0,,0
U100310,2024-10-20,Free,APAC,Organic,Enterprise,1,0,14.0,1,4.0,0
U100311,2025-03-17,Enterprise,NA,Organic,SMB,87,4263,5.0,2,3.7,1
U100312,2024-11-04,Business,APAC,Organic,SMB,17,493,17.0,1,2.9,0
U100313,2024-04-14,starter,NA,Referral,Enterprise,3,36,19.0,3,3.0,1
U100314,2025-02-02,Free,EMEA,Organic,SMB,1,0,12.0,1,5.0,0
U100315,2024-11-30,Free,EMEA,Organic,SMB,1,0,12.0,0,,0
U100316,2024-01-09,Business,NA,Referral,Enterprise,12,348,23.0,1,4.8,0
U100317,2024-06-24,Starter,EMEA,Paid,Mid-Market,5,60,17.0,1,4.6,0
U100318,2025-02-07,Free,NA,Organic,Mid-Market,1,0,0.0,0,,0
U100319,2025-05-16,Free,EMEA,Organic,SMB,1,0,16.0,0,,0
U100320,2024-12-24,Enterprise,NA,Referral,SMB,48,2352,10.0,0,,0
U100321,2024-07-03,Business,EMEA,Organic,Mid-Market,23,667,20.0,3,4.0,1
U100322,2024-05-26,Free,EMEA,Paid,SMB,1,0,10.0,0,,1
U100323,2024-02-20,Business,LATAM,Paid,SMB,30,870,33.0,0,,1
U100324,2025-01-19,Free,NA,Organic,SMB,1,0,0.0,0,,0
U100325,2024-11-23,Free,NA,Organic,SMB,1,0,6.0,0,,0
U100326,2025-04-16,Enterprise,EMEA,Referral,SMB,211,10339,17.0,1,4.9,0
U100327,2024-11-08,Starter,APAC,Referral,Mid-Market,4,48,10.0,2,2.8,1
U100328,2025-06-04,Free,EMEA,Paid,SMB,1,0,14.0,0,,0
U100329,2025-03-18,Free,EMEA,Paid,SMB,1,0,21.0,1,5.0,0
U100330,2024-09-08,Free,APAC,Paid,SMB,1,0,0.0,0,,0
U100331,2025-01-14,Free,EMEA,Organic,Mid-Market,1,0,2.0,0,,0
U100332,2024-07-23,Free,NA,Paid,SMB,1,0,3.0,0,,0
U100333,2024-03-03,Business,EMEA,Organic,Mid-Market,27,783,22.0,0,,0
U100334,2024-11-20,Starter,EMEA,Organic,SMB,4,48,14.0,0,,1
U100335,2024-10-25,Starter,APAC,Paid,SMB,6,72,20.0,0,,0
U100336,2024-03-18,Free,EMEA,Paid,SMB,1,0,6.0,1,4.9,0
U100337,2025-02-27,Free,LATAM,Organic,Mid-Market,1,0,9.0,0,,0
U100338,2024-10-05,Starter,LATAM,Paid,SMB,6,72,,0,,0
U100339,2024-12-13,Free,NA,Paid,Enterprise,1,0,11.0,0,,0
U100340,2025-03-22,Starter,NA,Referral,SMB,6,72,3.0,2,5.0,1
U100341,2024-12-03,Starter,NA,Organic,Mid-Market,6,72,9.0,0,,0
U100342,2024-04-09,Free,NA,Organic,SMB,1,0,7.0,1,5.0,0
U100343,2025-04-19,Starter,LATAM,Organic,SMB,2,24,27.0,1,3.8,0
U100344,2024-02-11,Free,NA,Organic,SMB,1,0,11.0,0,,0
U100345,2024-03-17,Free,EMEA,Organic,SMB,1,0,0.0,0,,0
U100346,2024-04-05,Free,LATAM,Paid,Mid-Market,1,0,3.0,0,,1
U100347,2025-03-06,Starter,EMEA,Organic,Enterprise,2,24,17.0,1,3.9,0
U100348,2024-08-09,Enterprise,NA,Referral,SMB,186,9114,29.0,1,4.5,0
U100349,2024-03-16,Free,EMEA,Organic,SMB,1,0,0.0,0,,0
U100350,2025-04-19,Business,LATAM,Organic,SMB,21,609,18.0,1,4.1,0
U100351,2024-10-25,Starter,,Paid,SMB,4,48,5.0,0,,0
U100352,2024-11-02,Business,APAC,Paid,SMB,14,406,22.0,1,4.5,0
U100353,2024-06-03,Starter,NA,Paid,Enterprise,3,36,19.0,0,,0
U100354,2025-04-29,Free,NA,Referral,SMB,1,0,20.0,0,,0
U100355,2025-05-08,Starter,NA,Organic,SMB,3,36,3.0,1,5.0,1
U100356,2024-04-02,Starter,NA,Organic,SMB,6,72,21.0,1,4.6,0
U100357,2025-04-23,Starter,EMEA,Paid,Mid-Market,7,84,18.0,0,,0
U100358,2025-04-29,Free,NA,Organic,Mid-Market,1,0,3.0,1,3.2,0
U100359,2025-06-11,Starter,LATAM,Organic,Mid-Market,6,72,11.0,0,,1
U100360,2024-12-28,Starter,EMEA,Organic,SMB,3,36,8.0,0,,0
U100361,2024-04-17,Business,LATAM,Organic,Mid-Market,34,986,25.0,2,3.3,1
U100362,2024-05-14,Free,APAC,Referral,SMB,1,0,5.0,0,,0
U100363,2025-05-25,Starter,NA,Paid,Mid-Market,5,60,16.0,0,,0
U100364,2024-06-26,Starter,APAC,Referral,Enterprise,3,36,16.0,2,4.0,0
U100365,2024-01-29,Starter,EMEA,Referral,SMB,3,36,14.0,0,,0
U100366,2024-10-03,Starter,EMEA,Referral,Mid-Market,6,72,22.0,0,,0
U100367,2025-01-26,Free,EMEA,Referral,SMB,1,0,13.0,0,,0
U100368,2025-05-23,Free,,Organic,SMB,1,0,0.0,0,,0
U100369,2024-08-25,Business,EMEA,Paid,SMB,13,377,10.0,2,3.6,0
U100370,2025-03-18,Starter,EMEA,Organic,SMB,6,72,18.0,2,3.7,0
U100371,2024-04-20,Free,NA,Organic,Enterprise,1,0,4.0,0,,1
U100372,2025-01-25,Business,,Organic,SMB,18,522,15.0,0,,0
U100373,2024-05-05,Free,NA,Organic,SMB,1,0,8.0,0,,0
U100374,2025-04-10,Business,NA,Referral,SMB,21,609,14.0,3,4.4,0
U100375,2024-07-05,Free,EMEA,Organic,Mid-Market,1,0,0.0,0,,1
U100376,2024-04-11,Starter,NA,Organic,SMB,7,84,8.0,0,,1
U100377,2025-05-29,Free,NA,Organic,SMB,1,0,0.0,0,,0
U100378,2024-04-12,Business,EMEA,Organic,Enterprise,35,1015,22.0,1,4.0,0
U100379,2024-06-02,Free,NA,Organic,SMB,1,0,7.0,0,,0
U100380,2025-03-06,Starter,EMEA,Organic,SMB,2,24,11.0,0,,0
U100381,2025-05-26,Free,APAC,Organic,Enterprise,1,0,5.0,0,,1
U100382,2024-03-19,Enterprise,LATAM,Referral,Mid-Market,120,5880,33.0,1,3.2,0
U100383,2025-03-15,Free,NA,Organic,SMB,1,0,0.0,1,5.0,0
U100384,2025-03-08,Free,,Referral,SMB,1,0,3.0,0,,0
U100385,2024-07-27,Free,NA,Organic,SMB,1,0,4.0,0,,0
U100386,2025-05-15,Free,LATAM,Organic,Mid-Market,1,0,0.0,0,,0
U100387,2024-06-26,Free,APAC,Organic,Enterprise,1,0,7.0,0,,0
U100388,2024-09-08,Free,APAC,Partner,SMB,1,0,0.0,1,4.0,0
U100389,2025-03-14,Free,EMEA,Referral,SMB,1,0,11.0,1,4.6,1
U100390,2024-08-05,Starter,EMEA,Paid,SMB,5,60,4.0,0,,0
U100391,2024-09-17,Free,LATAM,Paid,Enterprise,1,0,7.0,0,,0
U100392,2024-05-16,Free,NA,Organic,SMB,1,0,12.0,0,,0
U100393,2025-01-28,Starter,APAC,Referral,Enterprise,5,60,17.0,0,,0
U100394,2024-03-05,Free,,Paid,SMB,1,0,9.0,0,,0
U100395,2024-03-30,Starter,EMEA,Paid,SMB,3,36,16.0,2,4.0,0
U100396,2024-05-19,Free,,Organic,SMB,1,0,11.0,0,,0
U100397,2024-11-29,Enterprise,APAC,Partner,Mid-Market,210,10290,35.0,2,5.0,0
U100398,2024-04-16,Business,NA,Organic,SMB,20,580,6.0,3,4.4,0
U100399,2024-01-20,Starter,NA,Partner,SMB,5,60,30.0,0,,0
U100400,2024-08-19,Free,NA,Referral,SMB,1,0,8.0,0,,0
U100401,2024-03-05,Free,NA,Referral,SMB,1,0,2.0,0,,0
U100402,2024-11-07,Starter,NA,Organic,SMB,4,48,2.0,4,3.2,1
U100403,2024-09-17,Business,NA,Organic,Enterprise,21,609,,2,4.1,0
U100404,2024-10-04,Free,NA,Partner,SMB,1,0,14.0,1,5.0,1
U100405,2024-08-07,Business,,Referral,Mid-Market,15,435,23.0,3,3.7,0
U100406,2024-05-01,Starter,NA,Organic,SMB,2,24,25.0,0,,0
U100407,2025-02-19,Free,EMEA,Organic,SMB,1,0,6.0,1,3.5,0
U100408,2024-03-13,Enterprise,APAC,Partner,Mid-Market,104,5096,34.0,4,3.0,1
U100409,2024-07-28,Free,NA,Partner,Mid-Market,1,0,3.0,1,5.0,0
U100410,2024-04-28,Free,APAC,Organic,Mid-Market,1,0,4.0,0,,1
U100411,2024-07-10,Free,NA,Paid,Enterprise,1,0,3.0,0,,0
U100412,2024-08-09,Starter,NA,Paid,Mid-Market,2,24,14.0,2,2.1,0
U100413,2025-04-11,Starter,EMEA,Organic,Enterprise,6,72,8.0,1,4.1,0
U100414,2024-04-20,Business,EMEA,Organic,Enterprise,15,435,16.0,0,,0
U100415,2024-06-09,Business,EMEA,Organic,SMB,37,1073,25.0,2,5.0,0
U100416,2025-06-15,Free,NA,Paid,SMB,1,0,3.0,1,3.2,0
U100417,2024-01-15,Business,NA,Referral,Enterprise,23,667,33.0,3,1.7,0
U100418,2024-05-30,Enterprise,NA,Paid,SMB,299,14651,29.0,0,,0
U100419,2024-02-14,Free,EMEA,Paid,SMB,1,0,11.0,1,2.8,0
U100420,2025-05-27,Free,NA,Partner,SMB,1,0,13.0,1,4.8,0
U100421,2024-10-14,Free,NA,Partner,Mid-Market,1,0,19.0,0,,0
U100422,2024-11-26,Free,APAC,Organic,SMB,1,0,8.0,0,,0
U100423,2024-11-07,Free,APAC,Organic,SMB,1,0,7.0,0,,0
U100424,2024-11-04,Business,NA,Paid,Mid-Market,30,870,35.0,0,,0
U100425,2024-08-01,Business,NA,Partner,Enterprise,17,493,19.0,1,4.5,0
U100426,2024-05-27,Starter,NA,Organic,SMB,4,48,6.0,0,,0
U100427,2024-08-10,Free,EMEA,Partner,SMB,1,0,1.0,0,,0
U100428,2024-02-04,Starter,APAC,Organic,Mid-Market,2,24,10.0,1,3.9,0
U100429,2024-07-06,Starter,EMEA,Organic,SMB,3,36,7.0,0,,0
U100430,2025-06-11,Enterprise,,Organic,SMB,166,8134,30.0,5,2.3,1
U100431,2025-01-09,Business,NA,Referral,SMB,30,870,13.0,1,4.7,0
U100432,2024-03-25,Business,EMEA,Organic,SMB,25,725,21.0,2,4.0,1
U100433,2024-06-16,free,EMEA,Organic,SMB,1,0,0.0,1,4.6,1
U100434,2025-02-18,Free,EMEA,Referral,SMB,1,0,10.0,0,,0
U100435,2024-02-13,Free,NA,Paid,SMB,1,0,6.0,0,,1
U100436,2024-12-16,Business,APAC,Paid,SMB,6,174,27.0,2,3.4,0
U100437,2025-01-18,Free,APAC,Organic,Mid-Market,1,0,8.0,0,,0
U100438,2024-01-14,Starter,APAC,Referral,Enterprise,7,84,23.0,0,,0
U100439,2025-06-14,Business,EMEA,Organic,SMB,29,841,29.0,0,,0
U100440,2024-09-10,Business,EMEA,Organic,SMB,39,1131,4.0,3,3.6,1
U100441,2024-03-08,Starter,NA,Paid,Mid-Market,7,84,15.0,1,3.8,0
U100442,2025-03-28,Business,NA,Paid,SMB,36,1044,18.0,1,5.0,1
U100443,2025-02-12,Starter,NA,Organic,SMB,2,24,22.0,0,,0
U100444,2024-11-18,Free,NA,Paid,Mid-Market,1,0,8.0,0,,0
U100445,2024-03-09,Free,EMEA,Referral,Enterprise,1,0,8.0,0,,0
U100446,2025-01-14,Business,NA,Paid,Mid-Market,27,783,28.0,1,4.5,0
U100447,2024-04-04,Free,,Partner,SMB,1,0,0.0,1,3.7,0
U100448,2025-01-04,Starter,,Organic,SMB,4,48,10.0,0,,0
U100449,2024-10-31,Free,LATAM,Organic,Enterprise,1,0,10.0,0,,0
U100450,2024-04-11,Free,NA,Organic,SMB,1,0,5.0,0,,0
U100451,2024-04-16,Free,NA,Partner,Mid-Market,1,0,14.0,0,,0
U100452,2024-01-22,Starter,APAC,Paid,Mid-Market,7,84,22.0,3,3.7,0
U100453,2025-02-25,Business,NA,Paid,SMB,15,435,20.0,2,3.4,0
U100454,2024-02-06,Free,LATAM,Paid,Mid-Market,1,0,11.0,0,,0
U100455,2024-03-19,business,NA,Paid,SMB,8,232,18.0,2,4.3,0
U100456,2024-12-23,Enterprise,LATAM,Paid,Mid-Market,290,14210,22.0,1,3.6,0
U100457,2024-07-23,Free,NA,Partner,Mid-Market,1,0,2.0,0,,1
U100458,2024-03-06,Starter,LATAM,Organic,Mid-Market,4,48,19.0,0,,0
U100459,2024-12-10,Free,NA,Paid,Enterprise,1,0,8.0,1,5.0,0
U100460,2024-12-06,Free,NA,Organic,SMB,1,0,0.0,0,,1
U100461,2025-06-02,Business,APAC,Organic,Mid-Market,5,145,28.0,3,2.1,0
U100462,2025-01-30,Free,APAC,Paid,SMB,1,0,18.0,0,,0
U100463,2025-04-13,Starter,EMEA,Organic,SMB,5,60,,2,2.0,0
U100464,2025-01-23,Starter,EMEA,Organic,SMB,3,36,14.0,1,4.6,1
U100465,2024-07-21,Free,EMEA,Organic,Mid-Market,1,0,7.0,0,,0
U100466,2024-02-15,Enterprise,EMEA,Organic,SMB,77,3773,28.0,3,4.5,0
U100467,2024-02-12,Free,NA,Partner,SMB,1,0,7.0,0,,0
U100468,2024-08-10,Free,NA,Referral,Enterprise,1,0,12.0,0,,0
U100469,2025-03-02,Starter,NA,Paid,SMB,4,48,17.0,0,,0
U100470,2024-08-07,Business,EMEA,Referral,Enterprise,37,1073,15.0,2,4.4,0
U100471,2024-01-27,Free,EMEA,Paid,Mid-Market,1,0,11.0,0,,0
U100472,2024-01-08,Starter,EMEA,Organic,SMB,6,72,14.0,1,4.2,0
U100473,2024-11-27,Free,LATAM,Paid,SMB,1,0,5.0,2,3.6,0
U100474,2024-10-22,Starter,NA,Organic,Mid-Market,7,84,16.0,0,,0
U100475,2024-03-10,Starter,NA,Paid,SMB,6,72,19.0,1,3.5,0
U100476,2024-11-16,Free,EMEA,Organic,Mid-Market,1,0,10.0,0,,0
U100477,2025-04-03,Starter,EMEA,Organic,Mid-Market,6,72,14.0,1,4.1,0
U100478,2024-06-29,Free,,Partner,SMB,1,0,16.0,0,,0
U100479,2024-10-20,Starter,NA,Organic,Enterprise,4,48,25.0,0,,0
U100480,2024-01-12,Free,APAC,Organic,SMB,1,0,4.0,1,5.0,0
U100481,2024-06-21,Business,NA,Organic,SMB,11,319,13.0,3,4.6,0
U100482,2025-06-18,Free,EMEA,Organic,SMB,1,0,14.0,1,3.8,0
U100483,2024-07-22,Business,EMEA,Organic,SMB,19,551,14.0,3,4.1,1
U100484,2024-03-31,Starter,EMEA,Paid,Enterprise,5,60,16.0,0,,0
U100485,2024-01-18,Starter,APAC,Organic,Mid-Market,2,24,4.0,1,3.7,0
U100486,2024-01-31,Free,NA,Paid,SMB,1,0,0.0,0,,0
U100487,2024-11-16,Free,NA,Partner,SMB,1,0,7.0,0,,1
U100488,2025-01-11,Starter,APAC,Partner,Mid-Market,2,24,8.0,2,5.0,0
U100489,2024-05-19,Free,EMEA,Organic,SMB,1,0,10.0,0,,0
U100490,2024-07-20,Free,,Paid,SMB,1,0,10.0,0,,0
U100491,2025-02-25,Free,EMEA,Partner,SMB,1,0,15.0,2,4.9,1
U100492,2024-10-20,Starter,APAC,Paid,SMB,6,72,4.0,0,,1
U100493,2024-08-04,Starter,EMEA,Paid,Mid-Market,3,36,12.0,0,,0
U100494,2025-03-30,Starter,LATAM,Organic,SMB,5,60,14.0,1,3.6,0
U100495,2024-07-15,Business,NA,Referral,SMB,29,841,,2,4.1,0
U100496,2024-07-29,Enterprise,NA,Referral,Enterprise,225,11025,33.0,3,3.4,0
U100497,2024-07-22,Free,EMEA,Referral,SMB,1,0,8.0,0,,0
U100498,2024-12-15,Free,EMEA,Paid,SMB,1,0,4.0,1,4.4,0
U100499,2024-10-01,Free,APAC,Organic,SMB,1,0,18.0,0,,0
U100500,2025-03-21,Free,NA,Organic,Enterprise,1,0,2.0,0,,0
U100501,2025-06-06,Starter,EMEA,Partner,Mid-Market,2,24,14.0,1,3.4,0
U100502,2024-09-29,Business,EMEA,Organic,Enterprise,12,348,16.0,5,3.4,1
U100503,2024-12-05,Starter,APAC,Organic,SMB,2,24,2.0,2,3.5,0
U100504,2025-04-07,Starter,APAC,Organic,Mid-Market,2,24,0.0,0,,0
U100505,2025-05-22,Free,NA,Referral,SMB,1,0,7.0,0,,0
U100506,2024-09-08,Free,NA,Organic,SMB,1,0,7.0,0,,0
U100507,2025-05-23,Business,EMEA,Referral,SMB,9,261,7.0,0,,0
U100508,2024-01-18,Starter,EMEA,Partner,SMB,2,24,15.0,1,3.2,0
U100509,2024-01-23,Free,NA,Paid,Enterprise,1,0,17.0,0,,1
U100510,2025-05-19,Business,EMEA,Referral,Mid-Market,29,841,12.0,1,4.2,0
U100511,2024-09-17,Starter,NA,Organic,SMB,7,84,19.0,0,,0
U100512,2024-04-27,Enterprise,NA,Organic,SMB,84,4116,36.0,0,,0
U100513,2024-01-06,Free,APAC,Referral,Enterprise,1,0,9.0,1,4.4,0
U100514,2025-04-01,Starter,LATAM,Organic,SMB,3,36,21.0,3,3.6,1
U100515,2024-05-15,Starter,APAC,Organic,Mid-Market,3,36,13.0,0,,0
U100516,2024-09-28,Free,EMEA,Organic,SMB,1,0,0.0,0,,0
U100517,2024-01-29,Business,LATAM,Organic,SMB,25,725,29.0,1,3.5,0
U100518,2024-10-30,Free,NA,Referral,SMB,1,0,13.0,2,2.6,1
U100519,2024-12-27,Free,EMEA,Organic,SMB,1,0,13.0,1,3.9,1
U100520,2024-05-16,Business,EMEA,Paid,SMB,33,957,25.0,2,4.0,0
U100521,2024-01-20,Free,APAC,Organic,SMB,1,0,3.0,0,,0
U100522,2024-04-02,Business,EMEA,Paid,Mid-Market,9,261,2.0,2,3.4,0
U100523,2024-08-30,Business,APAC,Organic,Enterprise,19,551,21.0,3,3.2,0
U100524,2024-05-09,Free,NA,Organic,SMB,1,0,2.0,0,,0
U100525,2025-04-27,Business,NA,Paid,SMB,17,493,10.0,2,4.5,0
U100526,2025-04-11,Free,EMEA,Organic,SMB,1,0,,0,,0
U100527,2024-10-30,Starter,EMEA,Organic,Mid-Market,3,36,18.0,0,,0
U100528,2024-09-05,Business,LATAM,Paid,Mid-Market,8,232,26.0,2,4.4,0
U100529,2024-05-04,Free,APAC,Organic,Mid-Market,1,0,1.0,2,3.8,1
U100530,2025-05-19,Free,NA,Paid,Enterprise,1,0,13.0,0,,0
U100531,2025-01-01,Free,LATAM,Organic,SMB,1,0,7.0,0,,0
U100532,2025-03-27,Starter,LATAM,Organic,SMB,2,24,11.0,0,,0
U100533,2024-12-09,Free,EMEA,Organic,Mid-Market,1,0,11.0,0,,0
U100534,2024-09-28,Free,APAC,Referral,Enterprise,1,0,2.0,0,,0
U100535,2024-09-09,Free,LATAM,Organic,SMB,1,0,12.0,0,,0
U100536,2024-08-21,Business,APAC,Organic,SMB,32,928,12.0,1,4.1,0
U100537,2025-01-18,Starter,EMEA,Partner,Enterprise,3,36,18.0,0,,0
U100538,2024-02-18,Starter,LATAM,Partner,SMB,4,48,6.0,2,3.8,1
U100539,2024-08-30,Starter,NA,Organic,Enterprise,7,84,4.0,0,,0
U100540,2024-05-28,Business,EMEA,Organic,Enterprise,7,203,13.0,0,,0
U100541,2025-06-01,Starter,NA,Paid,SMB,7,84,2.0,0,,0
U100542,2024-05-23,Business,NA,Organic,SMB,37,1073,13.0,2,3.7,0
U100543,2024-07-26,Starter,APAC,Referral,SMB,3,36,4.0,0,,0
U100544,2025-03-09,Business,EMEA,Organic,Enterprise,12,348,25.0,0,,0
U100545,2025-05-06,Starter,EMEA,Partner,SMB,3,36,13.0,2,3.7,0
U100546,2024-02-20,Free,NA,Partner,SMB,1,0,12.0,1,3.7,1
U100547,2024-11-01,Business,NA,Organic,Enterprise,31,899,18.0,2,4.0,0
U100548,2025-01-14,Enterprise,EMEA,Organic,Enterprise,64,3136,23.0,2,4.7,0
U100549,2024-02-02,Free,EMEA,Organic,Mid-Market,1,0,7.0,2,3.0,0
U100550,2024-08-19,Starter,NA,Organic,Enterprise,3,36,14.0,2,4.5,0
U100551,2024-01-21,Free,APAC,Referral,SMB,1,0,0.0,0,,0
U100552,2024-05-31,Free,EMEA,Referral,SMB,1,0,1.0,0,,0
U100553,2025-06-02,Business,EMEA,Organic,SMB,18,522,11.0,2,4.7,0
U100554,2024-05-23,Free,EMEA,Paid,Mid-Market,1,0,4.0,0,,1
U100555,2024-04-20,Starter,APAC,Paid,Enterprise,4,48,18.0,1,5.0,0
U100556,2025-02-24,Free,EMEA,Organic,SMB,1,0,7.0,0,,0
U100557,2024-02-10,Starter,NA,Paid,Mid-Market,5,60,11.0,1,5.0,1
U100558,2024-12-19,Starter,NA,Organic,SMB,7,84,21.0,1,2.9,0
U100559,2025-04-25,Free,NA,Partner,Mid-Market,1,0,9.0,0,,0
U100560,2025-05-10,Free,NA,Paid,Enterprise,1,0,3.0,0,,0
U100561,2024-03-07,Starter,APAC,Organic,SMB,2,24,13.0,1,4.3,0
U100562,2024-09-19,Starter,APAC,Paid,Mid-Market,2,24,8.0,3,4.5,0
U100563,2024-11-29,Business,NA,Partner,Enterprise,33,957,6.0,2,3.7,0
U100564,2025-01-12,Starter,NA,Referral,SMB,3,36,12.0,1,4.8,0
U100565,2025-06-19,Business,NA,Paid,SMB,32,928,7.0,2,4.9,0
U100566,2024-09-29,Free,APAC,Paid,SMB,1,0,0.0,0,,1
U100567,2025-05-19,Free,NA,Organic,SMB,1,0,3.0,0,,0
U100568,2024-03-20,Starter,EMEA,Paid,Enterprise,7,84,11.0,3,3.3,0
U100569,2024-08-16,Free,EMEA,Organic,SMB,1,0,8.0,0,,0
U100570,2025-05-04,Free,EMEA,Organic,SMB,1,0,11.0,1,4.5,0
U100571,2024-06-22,Starter,NA,Organic,Mid-Market,4,48,12.0,1,3.9,0
U100572,2024-07-10,Free,LATAM,Paid,SMB,1,0,0.0,0,,0
U100573,2024-11-23,Starter,NA,Organic,Mid-Market,3,36,14.0,2,4.0,1
U100574,2024-09-23,Free,LATAM,Organic,SMB,1,0,0.0,1,3.8,0
U100575,2025-03-25,Free,APAC,Organic,Enterprise,1,0,6.0,0,,0
U100576,2024-05-12,Starter,EMEA,Paid,SMB,3,36,11.0,0,,0
U100577,2024-04-26,Business,LATAM,Paid,SMB,6,174,23.0,3,5.0,0
U100578,2024-05-24,Starter,EMEA,Paid,Enterprise,3,36,5.0,3,4.0,0
U100579,2025-01-15,Starter,EMEA,Referral,SMB,4,48,21.0,0,,0
U100580,2024-03-06,Free,EMEA,Organic,SMB,1,0,16.0,1,3.7,0
U100581,2025-06-10,Free,EMEA,Paid,SMB,1,0,4.0,0,,1
U100582,2025-04-28,Starter,NA,Organic,Mid-Market,5,60,18.0,1,3.4,0
U100583,2024-08-17,Free,NA,Referral,SMB,1,0,7.0,0,,0
U100584,2024-07-29,Free,EMEA,Organic,SMB,1,0,2.0,0,,0
U100585,2024-04-14,Free,NA,Referral,SMB,1,0,1.0,0,,0
U100586,2024-07-02,Starter,,Organic,Mid-Market,2,24,15.0,0,,0
U100587,2025-04-15,Enterprise,EMEA,Organic,SMB,129,6321,24.0,3,4.4,0
U100588,2024-06-29,Business,NA,Referral,SMB,22,638,6.0,0,,0
U100589,2024-09-25,Free,EMEA,Organic,Enterprise,1,0,1.0,0,,0
U100590,2024-11-03,Business,NA,Organic,Mid-Market,28,812,21.0,2,3.3,0
U100591,2025-05-17,Business,LATAM,Organic,SMB,33,957,25.0,0,,0
U100592,2024-09-30,Starter,APAC,Organic,Mid-Market,5,60,9.0,0,,1
U100593,2024-03-05,Free,EMEA,Referral,Mid-Market,1,0,0.0,0,,0
U100594,2025-06-18,Free,NA,Referral,SMB,1,0,3.0,0,,0
U100595,2024-09-08,Starter,EMEA,Organic,SMB,5,60,,1,4.4,0
U100596,2025-05-11,Free,APAC,Organic,SMB,1,0,17.0,1,4.6,0
U100597,2024-07-31,Free,NA,Paid,Mid-Market,1,0,9.0,1,4.7,0
U100598,2024-04-23,Free,LATAM,Organic,Mid-Market,1,0,14.0,0,,0
U100599,2024-06-30,Free,NA,Organic,Enterprise,1,0,0.0,0,,0
U100600,2025-06-08,Free,APAC,Paid,SMB,1,0,4.0,1,4.8,0
U100601,2024-11-21,Free,LATAM,Paid,SMB,1,0,5.0,0,,0
U100602,2024-05-21,Free,EMEA,Paid,SMB,1,0,3.0,0,,1
U100603,2025-03-14,Business,APAC,Paid,Mid-Market,27,783,29.0,4,2.7,0
U100604,2024-07-03,Business,EMEA,Referral,SMB,25,725,36.0,1,4.6,0
U100605,2025-02-07,Free,NA,Referral,SMB,1,0,7.0,0,,0
U100606,2024-07-04,Free,LATAM,Referral,Mid-Market,1,0,9.0,0,,0
U100607,2024-10-17,Business,NA,Organic,SMB,7,203,21.0,2,4.0,0
U100608,2025-05-02,Free,NA,Organic,Enterprise,1,0,7.0,1,3.6,0
U100609,2024-02-12,Starter,NA,Paid,SMB,4,48,7.0,1,4.9,0
U100610,2024-03-10,Free,NA,Paid,SMB,1,0,0.0,0,,0
U100611,2024-12-22,Starter,NA,Organic,SMB,6,72,15.0,0,,0
U100612,2024-06-29,Free,NA,Referral,Enterprise,1,0,5.0,0,,0
U100613,2024-01-14,Starter,EMEA,Organic,SMB,5,60,18.0,1,3.6,0
U100614,2024-02-27,Starter,APAC,Organic,SMB,3,36,11.0,0,,0
U100615,2024-10-05,Free,LATAM,Partner,SMB,1,0,3.0,2,5.0,0
U100616,2024-02-21,Free,EMEA,Organic,Mid-Market,1,0,0.0,1,5.0,0
U100617,2024-02-06,Starter,APAC,Paid,Mid-Market,4,48,21.0,1,3.4,0
U100618,2024-08-15,Free,,Organic,SMB,1,0,0.0,1,4.9,0
U100619,2024-07-12,Free,APAC,Organic,Enterprise,1,0,0.0,0,,1
U100620,2024-01-30,Starter,EMEA,Referral,SMB,6,72,25.0,0,,0
U100621,2024-03-22,Starter,APAC,Organic,SMB,7,84,17.0,1,3.9,0
U100622,2025-03-09,Free,LATAM,Organic,Mid-Market,1,0,,0,,1
U100623,2024-05-12,Starter,NA,Organic,SMB,5,60,0.0,0,,0
U100624,2024-05-20,Business,APAC,Referral,SMB,31,899,11.0,0,,0
U100625,2024-11-12,Free,EMEA,Organic,Mid-Market,1,0,0.0,0,,0
U100626,2025-01-28,Enterprise,NA,Partner,SMB,271,13279,40.0,2,4.3,0
U100627,2024-06-19,Free,EMEA,Paid,SMB,1,0,0.0,1,4.4,1
U100628,2025-05-12,Business,APAC,Paid,SMB,29,841,30.0,6,1.8,1
U100629,2024-03-04,Free,NA,Organic,Enterprise,1,0,0.0,1,4.8,0
U100630,2024-01-22,Business,EMEA,Paid,SMB,32,928,14.0,4,5.0,1
U100631,2024-08-07,Business,NA,Paid,Mid-Market,27,783,21.0,0,,0
U100632,2025-04-06,Free,LATAM,Partner,SMB,1,0,4.0,0,,0
U100633,2024-01-17,Business,NA,Organic,SMB,29,841,8.0,1,3.4,0
U100634,2024-12-07,Free,LATAM,Organic,Enterprise,1,0,21.0,0,,0
U100635,2025-01-30,Starter,APAC,Organic,Mid-Market,5,60,3.0,0,,1
U100636,2024-04-25,Free,EMEA,Paid,Enterprise,1,0,4.0,0,,0
U100637,2024-10-14,Business,NA,Organic,SMB,33,957,27.0,1,3.3,0
U100638,2024-09-24,Starter,APAC,Organic,SMB,7,84,17.0,0,,0
U100639,2024-05-10,Free,EMEA,Organic,Mid-Market,1,0,11.0,0,,0
U100640,2024-07-20,Starter,NA,Organic,Enterprise,5,60,9.0,2,3.8,0
U100641,2024-05-16,Starter,APAC,Organic,Enterprise,6,72,17.0,0,,0
U100642,2025-02-26,Enterprise,NA,Organic,SMB,44,2156,21.0,3,5.0,0
U100643,2024-12-10,Free,NA,Paid,SMB,1,0,0.0,0,,0
U100644,2024-10-07,Free,APAC,Organic,SMB,1,0,2.0,0,,0
U100645,2024-11-07,Free,NA,Organic,Enterprise,1,0,0.0,0,,0
U100646,2024-01-09,Starter,NA,Paid,SMB,3,36,10.0,1,4.0,1
U100647,2024-10-24,Free,NA,Paid,SMB,1,0,11.0,0,,1
U100648,2024-10-22,Starter,APAC,Paid,SMB,6,72,1.0,1,3.5,0
U100649,2025-05-08,Business,LATAM,Partner,SMB,19,551,28.0,0,,0
U100650,2025-02-13,Free,APAC,Organic,Mid-Market,1,0,9.0,0,,1
U100651,2024-02-07,Starter,EMEA,Paid,SMB,4,48,11.0,2,4.6,1
U100652,2024-02-10,Starter,LATAM,Paid,SMB,3,36,24.0,0,,0
U100653,2025-03-01,Free,APAC,Organic,SMB,1,0,14.0,0,,0
U100654,2024-09-14,Free,NA,Paid,SMB,1,0,5.0,0,,0
U100655,2024-04-21,Free,NA,Referral,SMB,1,0,14.0,1,5.0,0
U100656,2024-09-06,Enterprise,EMEA,Organic,Mid-Market,78,3822,23.0,4,4.4,0
U100657,2024-01-27,Business,EMEA,Organic,SMB,23,667,23.0,0,,0
U100658,2024-03-12,Free,EMEA,Paid,Mid-Market,1,0,0.0,1,3.3,0
U100659,2024-04-02,Free,EMEA,Organic,SMB,1,0,5.0,1,3.0,0
U100660,2024-02-18,Starter,NA,Partner,Mid-Market,6,72,21.0,2,3.9,0
U100661,2024-10-17,Starter,NA,Organic,SMB,5,60,6.0,0,,0
U100662,2024-11-04,Business,,Paid,SMB,5,145,19.0,1,3.6,0
U100663,2024-04-17,Starter,NA,Referral,Enterprise,3,36,11.0,1,4.6,0
U100664,2024-08-12,Free,EMEA,Paid,Mid-Market,1,0,0.0,0,,0
U100665,2024-08-26,Enterprise,NA,Paid,SMB,289,14161,24.0,3,4.2,0
U100666,2024-06-08,Free,NA,Organic,SMB,1,0,7.0,0,,0
U100667,2024-01-02,Free,LATAM,Partner,Mid-Market,1,0,1.0,0,,1
U100668,2025-03-13,Free,EMEA,Partner,SMB,1,0,2.0,0,,0
U100669,2024-05-31,Enterprise,NA,Paid,SMB,107,5243,19.0,2,3.2,0
U100670,2025-05-31,Business,EMEA,Referral,SMB,10,290,14.0,1,4.6,0
U100671,2024-12-08,Business,NA,Paid,Mid-Market,16,464,27.0,3,4.2,0
U100672,2024-08-02,Starter,APAC,Organic,SMB,2,24,21.0,1,3.8,0
U100673,2024-11-16,Business,APAC,Organic,Enterprise,35,1015,21.0,5,1.4,1
U100674,2025-04-09,Free,EMEA,Organic,SMB,1,0,0.0,1,4.9,0
U100675,2025-02-15,Starter,EMEA,Referral,SMB,4,48,13.0,1,5.0,0
U100676,2024-08-13,Starter,APAC,Organic,SMB,4,48,15.0,2,4.8,0
U100677,2024-01-12,Starter,NA,Referral,SMB,6,72,14.0,0,,0
U100678,2024-06-05,Business,APAC,Organic,Mid-Market,33,957,13.0,2,3.4,1
U100679,2025-01-23,Free,NA,Organic,SMB,1,0,0.0,0,,0
U100680,2024-08-22,Free,NA,Organic,SMB,1,0,7.0,0,,0
U100681,2025-05-26,Free,EMEA,Organic,SMB,1,0,0.0,0,,0
U100682,2024-04-05,Starter,NA,Paid,SMB,2,24,14.0,0,,0
U100683,2024-05-22,Free,EMEA,Paid,Enterprise,1,0,0.0,0,,0
U100684,2025-02-05,Starter,NA,Paid,Mid-Market,3,36,8.0,2,4.0,0
U100685,2024-06-18,Business,NA,Organic,Mid-Market,19,551,27.0,1,3.5,0
U100686,2024-09-02,Free,LATAM,Organic,SMB,1,0,11.0,0,,0
U100687,2024-01-30,Starter,EMEA,Organic,SMB,2,24,9.0,0,,0
U100688,2025-04-06,Free,NA,Organic,SMB,1,0,0.0,1,3.9,0
U100689,2024-08-03,Free,NA,Organic,SMB,1,0,,1,3.5,0
U100690,2025-04-08,Free,EMEA,Paid,SMB,1,0,3.0,0,,0
U100691,2024-02-01,Free,,Organic,SMB,1,0,17.0,0,,0
U100692,2025-06-19,Starter,APAC,Organic,Mid-Market,2,24,13.0,0,,0
U100693,2024-07-05,Starter,APAC,Paid,SMB,5,60,21.0,0,,0
U100694,2024-05-21,Free,EMEA,Paid,SMB,1,0,0.0,0,,0
U100695,2024-01-27,Starter,APAC,Organic,Mid-Market,2,24,8.0,0,,0
U100696,2024-09-10,Free,EMEA,Organic,SMB,1,0,19.0,0,,0
U100697,2025-03-17,Business,EMEA,Organic,Mid-Market,24,696,24.0,0,,0
U100698,2024-01-03,Business,NA,Organic,SMB,12,348,18.0,1,4.6,0
U100699,2025-01-26,Starter,NA,Organic,SMB,6,72,20.0,0,,0
U100700,2024-06-22,Starter,NA,Partner,SMB,7,84,25.0,1,5.0,0
U100701,2025-06-16,Starter,APAC,Referral,SMB,2,24,12.0,1,5.0,1
U100702,2024-11-28,Business,NA,Paid,SMB,9,261,10.0,0,,0
U100703,2024-11-25,Starter,NA,Referral,SMB,3,36,10.0,2,4.3,0
U100704,2024-05-28,Business,NA,Paid,SMB,27,783,9.0,2,3.8,0
U100705,2024-10-27,Starter,EMEA,Paid,SMB,2,24,13.0,0,,1
U100706,2024-08-19,Starter,NA,Paid,Mid-Market,3,36,19.0,0,,0
U100707,2024-07-22,Enterprise,APAC,Paid,SMB,158,7742,40.0,2,4.0,0
U100708,2025-01-26,Free,EMEA,Organic,SMB,1,0,12.0,0,,0
U100709,2024-02-15,Free,NA,Organic,SMB,1,0,10.0,0,,0
U100710,2024-10-06,Free,EMEA,Organic,Enterprise,1,0,3.0,0,,0
U100711,2024-09-02,Starter,NA,Referral,Mid-Market,3,36,10.0,0,,0
U100712,2025-05-29,Starter,APAC,Paid,SMB,3,36,13.0,1,4.4,0
U100713,2024-07-31,Starter,EMEA,Organic,SMB,2,24,17.0,1,5.0,0
U100714,2025-02-27,Business,APAC,Organic,SMB,16,464,14.0,2,3.0,0
U100715,2024-08-21,Free,EMEA,Paid,SMB,1,0,0.0,1,3.7,0
U100716,2025-01-21,Free,NA,Organic,Mid-Market,1,0,13.0,0,,0
U100717,2024-09-05,Free,EMEA,Paid,Enterprise,1,0,20.0,1,3.9,0
U100718,2024-08-12,Starter,APAC,Partner,SMB,6,72,15.0,1,5.0,0
U100719,2024-11-29,Free,NA,Partner,SMB,1,0,0.0,0,,0
U100720,2024-09-25,Free,EMEA,Organic,SMB,1,0,0.0,0,,0
U100721,2024-12-10,Business,NA,Partner,Mid-Market,11,319,13.0,1,3.5,1
U100722,2024-05-27,Free,NA,Referral,SMB,1,0,8.0,0,,0
U100723,2025-01-28,Free,LATAM,Referral,Enterprise,1,0,0.0,1,4.2,0
U100724,2024-11-04,Enterprise,EMEA,Paid,SMB,165,8085,27.0,5,4.2,0
U100725,2025-04-02,Free,NA,Paid,SMB,1,0,6.0,0,,0
U100726,2024-07-26,Starter,EMEA,Organic,Enterprise,4,48,27.0,0,,0
U100727,2025-01-12,Starter,EMEA,Partner,SMB,4,48,13.0,0,,0
U100728,2024-05-14,Free,APAC,Organic,SMB,1,0,9.0,0,,0
U100729,2025-03-13,Free,NA,Organic,SMB,1,0,0.0,0,,0
U100730,2025-01-23,Free,NA,Paid,SMB,1,0,2.0,1,4.3,0
U100731,2025-03-18,Free,NA,Paid,SMB,1,0,4.0,0,,0
U100732,2024-09-29,Starter,NA,Organic,Mid-Market,2,24,10.0,0,,0
U100733,2024-07-17,Starter,NA,Referral,SMB,5,60,15.0,0,,0
U100734,2025-05-23,Business,NA,Organic,Mid-Market,31,899,26.0,2,5.0,0
U100735,2024-10-19,Business,APAC,Organic,Enterprise,35,1015,16.0,3,2.2,1
U100736,2025-04-06,Starter,EMEA,Referral,SMB,3,36,16.0,1,5.0,0
U100737,2024-04-13,Free,APAC,Organic,SMB,1,0,8.0,0,,1
U100738,2024-06-11,Starter,NA,Paid,Mid-Market,7,84,18.0,1,4.2,0
U100739,2024-07-23,Free,NA,Organic,SMB,1,0,0.0,0,,0
U100740,2024-05-05,Starter,NA,Paid,SMB,6,72,17.0,1,4.3,0
U100741,2024-10-06,Business,EMEA,Paid,SMB,32,928,7.0,4,3.0,0
U100742,2024-06-09,Starter,NA,Organic,Mid-Market,3,36,6.0,0,,0
U100743,2024-01-25,Enterprise,APAC,Organic,SMB,69,3381,28.0,2,3.8,0
U100744,2024-07-03,Starter,NA,Paid,SMB,6,72,14.0,0,,0
U100745,2025-01-07,Business,NA,Partner,Mid-Market,35,1015,26.0,0,,0
U100746,2024-06-06,Starter,APAC,Referral,Mid-Market,2,24,14.0,0,,0
U100747,2024-04-06,Starter,EMEA,Organic,SMB,7,84,0.0,1,3.7,0
U100748,2024-02-17,Starter,NA,Organic,SMB,5,60,0.0,1,4.3,0
U100749,2024-08-01,Free,EMEA,Partner,Mid-Market,1,0,18.0,0,,0
U100750,2025-05-27,Free,LATAM,Organic,Mid-Market,1,0,0.0,0,,0
U100751,2024-09-10,Free,NA,Organic,SMB,1,0,8.0,1,4.9,0
U100752,2024-02-27,Starter,EMEA,Paid,Mid-Market,2,24,17.0,0,,0
U100753,2024-12-01,Business,EMEA,Referral,SMB,7,203,9.0,2,3.2,1
U100754,2024-05-28,Starter,NA,Organic,Enterprise,6,72,22.0,1,3.7,0
U100755,2024-08-02,Free,NA,Organic,SMB,1,0,1.0,0,,0
U100756,2025-02-21,Business,EMEA,Organic,Mid-Market,13,377,23.0,0,,0
U100757,2025-04-09,Starter,LATAM,Paid,SMB,4,48,9.0,0,,0
U100758,2025-04-15,Free,NA,Organic,Mid-Market,1,0,16.0,0,,0
U100759,2024-01-11,Free,NA,Organic,SMB,1,0,13.0,0,,0
U100760,2024-04-18,Free,NA,Organic,SMB,1,0,10.0,0,,0
U100761,2025-03-17,Starter,NA,Organic,SMB,3,36,18.0,1,3.5,0
U100762,2024-07-28,Free,NA,Paid,Enterprise,1,0,2.0,0,,0
U100763,2024-10-26,Starter,NA,Organic,SMB,7,84,14.0,0,,0
U100764,2024-08-18,Starter,NA,Paid,SMB,6,72,20.0,0,,0
U100765,2024-01-02,Starter,NA,Paid,SMB,7,84,18.0,1,3.6,0
U100766,2025-01-22,Business,EMEA,Paid,Mid-Market,38,1102,16.0,0,,0
U100767,2024-03-08,Free,APAC,Organic,Mid-Market,1,0,0.0,0,,0
U100768,2024-06-14,Free,LATAM,Organic,SMB,1,0,12.0,0,,0
U100769,2025-06-19,Free,EMEA,Partner,SMB,1,0,10.0,2,3.1,0
U100770,2024-07-01,Free,EMEA,Referral,SMB,1,0,0.0,0,,0
U100771,2025-05-21,Starter,APAC,Organic,SMB,5,60,23.0,1,5.0,0
U100772,2025-05-14,Starter,EMEA,Partner,Mid-Market,3,36,17.0,1,3.4,0
U100773,2025-03-23,Free,APAC,Partner,Mid-Market,1,0,6.0,0,,0
U100774,2025-02-09,Starter,NA,Organic,Mid-Market,4,48,7.0,1,5.0,0
U100775,2024-03-05,Free,APAC,Organic,Mid-Market,1,0,13.0,0,,0
U100776,2025-04-02,Free,EMEA,Paid,Mid-Market,1,0,0.0,1,2.8,1
U100777,2024-03-24,Business,EMEA,Partner,Mid-Market,5,145,24.0,0,,0
U100778,2024-04-04,Free,EMEA,Organic,SMB,1,0,15.0,0,,0
U100779,2024-11-01,Free,LATAM,Organic,Mid-Market,1,0,0.0,0,,0
U100780,2024-02-15,Business,APAC,Paid,SMB,28,812,12.0,2,3.7,0
U100781,2024-01-01,Free,NA,Organic,Enterprise,1,0,0.0,1,3.8,0
U100782,2024-10-14,Free,EMEA,Partner,Mid-Market,1,0,1.0,0,,0
U100783,2025-04-17,Starter,LATAM,Organic,SMB,5,60,11.0,0,,0
U100784,2024-10-03,Free,EMEA,Paid,SMB,1,0,12.0,0,,0
U100785,2024-11-13,Starter,EMEA,Paid,SMB,5,60,19.0,1,4.1,1
U100786,2024-04-10,Starter,APAC,Partner,Mid-Market,4,48,9.0,2,3.9,0
U100787,2024-06-24,Starter,APAC,Organic,Mid-Market,7,84,23.0,0,,0
U100788,2024-06-28,Free,EMEA,Organic,Mid-Market,1,0,9.0,0,,0
U100789,2024-06-28,Starter,NA,Organic,SMB,2,24,16.0,0,,0
U100790,2024-01-05,Starter,NA,Partner,Enterprise,5,60,16.0,0,,0
U100791,2024-06-06,Starter,NA,Partner,SMB,3,36,19.0,1,4.0,1
U100792,2025-05-03,Free,EMEA,Organic,SMB,1,0,15.0,0,,1
U100793,2024-11-10,Free,NA,Paid,Mid-Market,1,0,0.0,1,4.8,1
U100794,2024-08-26,Free,LATAM,Paid,SMB,1,0,16.0,0,,0
U100795,2024-05-02,Free,NA,Organic,Mid-Market,1,0,11.0,0,,0
U100796,2024-03-31,Enterprise,EMEA,Partner,SMB,100,4900,11.0,1,4.2,1
U100797,2025-01-15,Starter,NA,Organic,SMB,5,60,16.0,0,,0
U100798,2024-09-23,Business,EMEA,Paid,Enterprise,26,754,24.0,0,,1
U100799,2024-03-05,Starter,EMEA,Paid,SMB,4,48,22.0,1,4.5,0
U100800,2024-07-30,Business,NA,Organic,SMB,19,551,22.0,3,3.7,0
U100801,2025-05-09,Free,EMEA,Organic,SMB,1,0,,0,,1
U100802,2025-02-15,Free,EMEA,Paid,Mid-Market,1,0,6.0,0,,0
U100803,2025-04-03,Business,NA,Organic,Mid-Market,5,145,26.0,0,,0
U100804,2024-10-08,Free,NA,Organic,SMB,1,0,11.0,0,,0
U100805,2025-06-11,Free,NA,Paid,Enterprise,1,0,0.0,0,,0
U100806,2025-06-05,Free,NA,Paid,Mid-Market,1,0,6.0,0,,0
U100807,2025-04-09,Starter,APAC,Paid,Mid-Market,3,36,3.0,1,4.3,1
U100808,2025-06-06,Free,APAC,Partner,SMB,1,0,10.0,0,,0
U100809,2024-09-27,Business,NA,Paid,Mid-Market,37,1073,18.0,0,,0
U100810,2024-08-02,Free,EMEA,Organic,SMB,1,0,22.0,1,3.9,0
U100811,2024-08-09,Free,LATAM,Referral,SMB,1,0,0.0,0,,1
U100812,2024-06-19,starter,EMEA,Partner,Mid-Market,4,48,16.0,2,4.6,0
U100813,2025-05-05,Free,LATAM,Organic,Enterprise,1,0,0.0,0,,0
U100814,2024-09-15,Free,APAC,Organic,SMB,1,0,1.0,0,,1
U100815,2024-09-22,Business,APAC,Paid,SMB,10,290,14.0,4,2.6,0
U100816,2025-05-03,Free,EMEA,Partner,SMB,1,0,0.0,0,,0
U100817,2024-08-23,Free,APAC,Organic,SMB,1,0,2.0,0,,0
U100818,2024-07-16,Business,EMEA,Organic,Enterprise,11,319,27.0,4,3.7,0
U100819,2024-03-11,Enterprise,APAC,Referral,Enterprise,177,8673,26.0,0,,0
U100820,2024-09-29,Starter,,Organic,SMB,3,36,18.0,1,3.1,0
U100821,2025-02-28,Free,NA,Partner,Mid-Market,1,0,0.0,0,,0
U100822,2024-06-25,Business,,Organic,Mid-Market,34,986,21.0,0,,0
U100823,2024-09-11,Business,NA,Organic,SMB,17,493,24.0,2,4.3,0
U100824,2024-12-31,Starter,LATAM,Paid,Enterprise,7,84,2.0,0,,1
U100825,2024-10-09,Starter,,Partner,Enterprise,2,24,12.0,0,,0
U100826,2024-10-09,Starter,APAC,Referral,SMB,6,72,13.0,0,,0
U100827,2025-01-10,Business,NA,Organic,Mid-Market,37,1073,15.0,1,3.8,1
U100828,2024-11-26,Free,EMEA,Paid,SMB,1,0,3.0,0,,0
U100829,2025-03-06,Free,EMEA,Paid,Mid-Market,1,0,1.0,0,,0
U100830,2024-11-30,Starter,APAC,Paid,SMB,6,72,0.0,0,,0
U100831,2024-11-10,Free,APAC,Organic,Mid-Market,1,0,0.0,0,,1
U100832,2024-10-30,Starter,NA,Paid,Mid-Market,6,72,27.0,2,2.6,0
U100833,2024-11-06,Starter,APAC,Paid,SMB,7,84,4.0,0,,0
U100834,2024-02-19,Free,NA,Paid,Mid-Market,1,0,13.0,0,,0
U100835,2025-05-04,Business,LATAM,Partner,SMB,19,551,22.0,2,3.7,0
U100836,2025-02-23,Starter,EMEA,Organic,Mid-Market,6,72,16.0,0,,0
U100837,2024-04-14,Free,EMEA,Partner,SMB,1,0,9.0,0,,0
U100838,2024-03-16,Free,NA,Paid,Enterprise,1,0,8.0,0,,0
U100839,2024-11-27,Business,LATAM,Paid,Mid-Market,12,348,31.0,0,,0
U100840,2024-07-15,Enterprise,EMEA,Referral,Mid-Market,271,13279,28.0,3,4.2,0
U100841,2025-03-22,Business,EMEA,Organic,Enterprise,23,667,21.0,2,5.0,0
U100842,2024-03-16,Free,NA,Paid,SMB,1,0,0.0,0,,1
U100843,2025-02-20,Business,EMEA,Organic,SMB,38,1102,16.0,1,5.0,1
U100844,2025-03-07,Free,APAC,Organic,Enterprise,1,0,5.0,0,,0
U100845,2024-04-09,Free,NA,Partner,SMB,1,0,9.0,0,,1
U100846,2024-10-26,Free,LATAM,Referral,Enterprise,1,0,0.0,0,,0
U100847,2025-01-09,Free,NA,Organic,SMB,1,0,11.0,1,4.6,0
U100848,2024-09-19,Free,NA,Organic,Mid-Market,1,0,1.0,0,,0
U100849,2025-04-13,Starter,NA,Organic,Mid-Market,5,60,6.0,1,4.5,0
U100850,2024-01-26,Free,APAC,Organic,Mid-Market,1,0,23.0,0,,0
U100851,2024-08-22,Free,NA,Organic,SMB,1,0,,1,4.9,0
U100852,2024-02-15,Free,NA,Paid,SMB,1,0,12.0,0,,0
U100853,2024-07-03,Free,NA,Referral,SMB,1,0,4.0,0,,0
U100854,2024-11-17,Starter,,Organic,Mid-Market,6,72,10.0,1,3.7,0
U100855,2025-05-30,Free,EMEA,Paid,SMB,1,0,5.0,0,,1
U100856,2024-07-15,Free,EMEA,Partner,SMB,1,0,5.0,1,5.0,1
U100857,2025-04-06,Starter,APAC,Partner,SMB,5,60,9.0,1,4.8,1
U100858,2025-03-15,Starter,LATAM,Organic,SMB,5,60,0.0,0,,0
U100859,2024-11-12,Free,LATAM,Organic,SMB,1,0,9.0,0,,1
U100860,2024-07-28,Starter,EMEA,Paid,SMB,3,36,10.0,1,4.9,1
U100861,2024-04-26,Free,NA,Paid,SMB,1,0,0.0,0,,0
U100862,2024-05-04,Free,EMEA,Organic,Enterprise,1,0,0.0,0,,0
U100863,2024-05-28,Starter,,Organic,SMB,6,72,25.0,2,2.8,0
U100864,2025-02-22,Free,NA,Partner,SMB,1,0,0.0,0,,0
U100865,2025-01-02,Free,LATAM,Organic,Enterprise,1,0,13.0,0,,0
U100866,2025-04-08,Free,APAC,Paid,Mid-Market,1,0,11.0,0,,0
U100867,2024-11-07,Starter,,Organic,Enterprise,3,36,11.0,0,,0
U100868,2025-02-01,Starter,EMEA,Paid,SMB,7,84,22.0,2,4.9,0
U100869,2024-07-13,Business,EMEA,Organic,SMB,9,261,17.0,4,3.6,0
U100870,2024-12-30,Enterprise,NA,Referral,Enterprise,137,6713,26.0,0,,0
U100871,2024-09-18,Starter,EMEA,Organic,SMB,6,72,15.0,0,,0
U100872,2025-01-28,Business,LATAM,Paid,SMB,32,928,23.0,2,4.2,1
U100873,2024-07-27,Free,NA,Organic,SMB,1,0,13.0,1,3.0,0
U100874,2025-02-11,Free,APAC,Referral,SMB,1,0,28.0,0,,0
U100875,2024-07-17,Free,NA,Paid,SMB,1,0,12.0,1,5.0,0
U100876,2024-07-30,Business,EMEA,Organic,Mid-Market,32,928,,1,4.8,0
U100877,2025-01-29,Enterprise,NA,Referral,Mid-Market,58,2842,29.0,3,5.0,0
U100878,2025-04-18,Business,EMEA,Referral,SMB,12,348,7.0,1,3.9,0
U100879,2024-08-29,Business,APAC,Organic,SMB,24,696,27.0,2,4.5,0
U100880,2024-01-11,Starter,EMEA,Organic,Mid-Market,7,84,9.0,0,,0
U100881,2025-03-25,Free,LATAM,Organic,Mid-Market,1,0,9.0,0,,0
U100882,2024-02-03,Free,EMEA,Organic,Mid-Market,1,0,10.0,1,4.2,0
U100883,2024-01-17,Starter,LATAM,Referral,SMB,6,72,14.0,1,3.4,0
U100884,2024-04-21,Starter,NA,Organic,Mid-Market,3,36,16.0,0,,0
U100885,2024-11-23,Business,LATAM,Partner,Mid-Market,5,145,23.0,1,3.6,0
U100886,2024-05-14,Free,EMEA,Organic,SMB,1,0,4.0,0,,0
U100887,2025-05-24,Free,EMEA,Referral,Mid-Market,1,0,11.0,0,,0
U100888,2025-04-18,Starter,NA,Organic,Mid-Market,3,36,12.0,0,,0
U100889,2025-04-05,Starter,APAC,Referral,Enterprise,3,36,24.0,0,,0
U100890,2024-05-28,Free,NA,Paid,SMB,1,0,1.0,0,,0
U100891,2024-03-02,Free,NA,Organic,Mid-Market,1,0,2.0,0,,0
U100892,2024-01-05,Business,NA,Partner,SMB,29,841,23.0,1,2.8,1
U100893,2024-09-04,Free,EMEA,Organic,SMB,1,0,3.0,0,,0
U100894,2024-09-08,Enterprise,LATAM,Referral,Mid-Market,285,13965,27.0,2,3.9,1
U100895,2024-08-26,Free,APAC,Organic,Mid-Market,1,0,8.0,0,,0
U100896,2024-06-17,Free,APAC,Organic,SMB,1,0,9.0,1,4.1,1
U100897,2025-04-10,Free,NA,Organic,SMB,1,0,6.0,0,,0
U100898,2024-08-19,business,NA,Organic,Mid-Market,39,1131,21.0,2,4.6,0
U100899,2024-08-31,Starter,EMEA,Organic,SMB,4,48,13.0,1,4.1,0
U100900,2024-01-06,Free,EMEA,Paid,Mid-Market,1,0,6.0,0,,0
U100901,2024-03-20,Starter,APAC,Organic,Mid-Market,5,60,0.0,0,,0
U100902,2024-02-09,Free,EMEA,Organic,Enterprise,1,0,7.0,0,,0
U100903,2025-05-23,Starter,APAC,Organic,SMB,6,72,17.0,2,3.2,0
U100904,2024-09-24,Enterprise,APAC,Referral,SMB,149,7301,34.0,2,4.0,0
U100905,2024-04-04,Starter,NA,Organic,Enterprise,2,24,12.0,1,4.1,0
U100906,2024-01-18,Free,EMEA,Organic,Mid-Market,1,0,18.0,0,,0
U100907,2025-01-27,Free,APAC,Paid,SMB,1,0,1.0,0,,0
U100908,2024-08-04,Business,EMEA,Partner,SMB,32,928,15.0,1,4.2,0
U100909,2024-06-15,Business,EMEA,Organic,SMB,35,1015,11.0,0,,0
U100910,2025-04-06,Free,APAC,Paid,SMB,1,0,0.0,0,,1
U100911,2024-04-26,Free,EMEA,Referral,SMB,1,0,13.0,1,3.9,0
U100912,2025-01-17,Business,NA,Referral,SMB,19,551,20.0,1,4.6,0
U100913,2025-03-14,Starter,EMEA,Paid,Mid-Market,6,72,3.0,1,3.8,0
U100914,2024-05-22,Free,EMEA,Organic,Mid-Market,1,0,12.0,0,,0
U100915,2025-05-10,Starter,APAC,Organic,SMB,7,84,9.0,1,4.6,1
U100916,2024-09-12,business,NA,Organic,Mid-Market,23,667,27.0,0,,0
U100917,2024-07-26,Business,LATAM,Referral,SMB,17,493,19.0,1,3.9,0
U100918,2025-06-07,Free,APAC,Organic,SMB,1,0,4.0,0,,1
U100919,2024-02-08,Business,EMEA,Organic,SMB,36,1044,19.0,2,3.8,0
U100920,2024-08-04,Enterprise,APAC,Organic,Mid-Market,125,6125,42.0,1,4.9,0
U100921,2024-02-09,Free,APAC,Paid,Enterprise,1,0,0.0,2,3.6,0
U100922,2024-11-06,Business,EMEA,Organic,SMB,13,377,28.0,0,,0
U100923,2024-06-16,Starter,,Organic,SMB,3,36,13.0,0,,0
U100924,2024-06-26,Starter,NA,Paid,Mid-Market,7,84,18.0,1,3.5,0
U100925,2024-07-05,Free,EMEA,Partner,Enterprise,1,0,5.0,0,,0
U100926,2024-08-08,Free,EMEA,Organic,Mid-Market,1,0,5.0,0,,0
U100927,2024-08-09,Free,APAC,Organic,SMB,1,0,13.0,0,,0
U100928,2025-01-17,Starter,EMEA,Paid,SMB,3,36,14.0,2,3.3,0
U100929,2024-10-01,Business,APAC,Partner,SMB,8,232,17.0,2,1.5,1
U100930,2024-01-12,Free,NA,Organic,SMB,1,0,13.0,0,,0
U100931,2024-10-30,Starter,APAC,Paid,Mid-Market,7,84,15.0,2,3.9,0
U100932,2025-04-15,Free,,Organic,SMB,1,0,0.0,2,3.7,0
U100933,2024-10-05,Starter,NA,Referral,SMB,7,84,9.0,2,4.0,0
U100934,2025-03-08,Business,LATAM,Paid,SMB,32,928,15.0,0,,1
U100935,2024-11-16,Business,EMEA,Partner,SMB,33,957,22.0,0,,0
U100936,2024-07-11,Business,APAC,Partner,SMB,37,1073,30.0,0,,0
U100937,2024-01-12,Starter,EMEA,Partner,SMB,3,36,27.0,1,3.4,0
U100938,2024-04-01,Free,APAC,Organic,SMB,1,0,3.0,0,,0
U100939,2024-06-30,Free,NA,Referral,Mid-Market,1,0,7.0,0,,0
U100940,2025-01-13,Business,APAC,Organic,SMB,37,1073,24.0,2,2.3,0
U100941,2024-06-08,Business,NA,Organic,SMB,29,841,11.0,2,3.7,0
U100942,2024-02-19,Free,NA,Referral,Enterprise,1,0,18.0,1,4.4,1
U100943,2025-01-09,Business,APAC,Paid,Enterprise,36,1044,16.0,4,2.9,1
U100944,2025-02-09,Free,NA,Organic,Mid-Market,1,0,5.0,0,,1
U100945,2024-01-03,Starter,NA,Organic,SMB,3,36,19.0,1,3.9,0
U100946,2025-05-21,Free,,Organic,SMB,1,0,11.0,0,,0
U100947,2024-08-30,Enterprise,LATAM,Organic,Enterprise,198,9702,36.0,3,2.5,0
U100948,2024-11-01,Free,NA,Paid,SMB,1,0,0.0,1,4.3,1
U100949,2024-12-02,Free,APAC,Organic,Mid-Market,1,0,2.0,0,,0
U100950,2024-12-17,Business,APAC,Paid,Mid-Market,9,261,22.0,9,1.0,1
U100951,2025-06-01,Free,APAC,Organic,SMB,1,0,4.0,0,,1
U100952,2024-04-23,Free,NA,Paid,SMB,1,0,2.0,1,3.9,1
U100953,2024-04-05,Business,APAC,Paid,SMB,39,1131,25.0,2,3.7,0
U100954,2024-02-29,Starter,NA,Referral,Enterprise,2,24,18.0,0,,0
U100955,2024-11-17,Enterprise,NA,Partner,SMB,155,7595,31.0,2,3.8,0
U100956,2025-02-15,Starter,NA,Referral,Mid-Market,7,84,8.0,1,3.8,1
U100957,2024-09-20,Free,EMEA,Paid,SMB,1,0,0.0,0,,0
U100958,2024-12-05,Starter,NA,Organic,Mid-Market,7,84,4.0,1,3.2,0
U100959,2024-12-24,Starter,NA,Paid,SMB,2,24,0.0,0,,0
U100960,2025-01-14,Starter,EMEA,Organic,SMB,3,36,22.0,0,,0
U100961,2025-03-11,Free,NA,Paid,SMB,1,0,7.0,0,,0
U100962,2024-11-29,Starter,LATAM,Partner,Mid-Market,4,48,20.0,0,,0
U100963,2024-02-10,Free,NA,Organic,Mid-Market,1,0,0.0,0,,0
U100964,2024-03-01,Free,EMEA,Partner,Mid-Market,1,0,8.0,0,,1
U100965,2025-04-07,Business,NA,Organic,SMB,12,348,27.0,3,4.3,0
U100966,2024-10-29,Starter,APAC,Partner,SMB,6,72,11.0,0,,0
U100967,2024-03-05,Business,NA,Partner,Mid-Market,18,522,,2,2.8,0
U100968,2025-02-17,business,NA,Organic,SMB,19,551,15.0,1,5.0,0
U100969,2024-02-21,Free,LATAM,Paid,SMB,1,0,4.0,0,,0
U100970,2024-04-03,Starter,,Paid,SMB,3,36,5.0,0,,0
U100971,2024-08-21,Enterprise,NA,Paid,SMB,60,2940,23.0,5,4.6,0
U100972,2024-03-22,Starter,NA,Organic,Mid-Market,4,48,14.0,1,4.8,0
U100973,2024-05-16,Free,EMEA,Organic,Mid-Market,1,0,,1,4.2,0
U100974,2024-03-23,Business,NA,Organic,Mid-Market,18,522,16.0,2,4.2,1
U100975,2025-05-01,Free,EMEA,Paid,SMB,1,0,18.0,0,,0
U100976,2024-05-20,Starter,LATAM,Paid,Mid-Market,6,72,14.0,0,,0
U100977,2024-10-12,Free,NA,Partner,SMB,1,0,0.0,1,4.3,0
U100978,2025-02-25,Free,LATAM,Organic,SMB,1,0,0.0,0,,0
U100979,2024-05-24,Starter,LATAM,Organic,Enterprise,5,60,0.0,0,,1
U100980,2025-03-25,Starter,LATAM,Organic,SMB,2,24,12.0,1,3.7,0
U100981,2024-03-21,Free,EMEA,Organic,SMB,1,0,12.0,1,3.8,0
U100982,2024-10-24,Starter,APAC,Paid,SMB,3,36,11.0,0,,0
U100983,2024-05-26,Free,APAC,Referral,SMB,1,0,1.0,0,,0
U100984,2025-03-10,Free,NA,Organic,SMB,1,0,4.0,1,3.3,0
U100985,2025-06-14,Starter,LATAM,Organic,Mid-Market,3,36,24.0,1,4.4,0
U100986,2024-08-17,Starter,,Referral,Mid-Market,4,48,13.0,0,,1
U100987,2024-11-28,Free,NA,Paid,SMB,1,0,14.0,0,,1
U100988,2024-02-12,Free,,Organic,SMB,1,0,12.0,0,,0
U100989,2024-09-19,Free,NA,Paid,Mid-Market,1,0,7.0,1,4.8,0
U100990,2025-05-02,Free,APAC,Paid,SMB,1,0,5.0,0,,0
U100991,2024-07-05,Free,EMEA,Organic,SMB,1,0,6.0,1,4.6,0
U100992,2025-05-26,Starter,APAC,Paid,SMB,4,48,8.0,1,3.0,0
U100993,2024-09-13,Starter,NA,Referral,SMB,5,60,17.0,1,3.5,1
U100994,2025-05-06,Starter,NA,Organic,SMB,5,60,7.0,1,3.7,0
U100995,2025-05-08,Starter,APAC,Organic,SMB,2,24,5.0,0,,0
U100996,2025-03-13,Free,APAC,Organic,Mid-Market,1,0,0.0,0,,0
U100997,2025-05-10,Free,NA,Organic,SMB,1,0,3.0,0,,0
U100998,2025-03-04,Free,EMEA,Paid,Mid-Market,1,0,0.0,0,,1
U100999,2024-02-20,Starter,NA,Organic,Mid-Market,3,36,21.0,0,,0
U101000,2025-02-07,Free,NA,Paid,Enterprise,1,0,19.0,0,,0
U101001,2025-03-15,Starter,EMEA,Organic,Mid-Market,7,84,3.0,0,,0
U101002,2025-01-24,Free,APAC,Organic,Mid-Market,1,0,9.0,0,,1
U101003,2024-03-01,Free,APAC,Paid,SMB,1,0,0.0,1,4.5,0
U101004,2024-11-03,Free,NA,Organic,Mid-Market,1,0,9.0,0,,0
U101005,2025-05-13,Starter,EMEA,Paid,SMB,3,36,15.0,0,,0
U101006,2024-01-16,Free,NA,Organic,Mid-Market,1,0,3.0,0,,0
U101007,2024-03-22,Starter,EMEA,Paid,Mid-Market,5,60,7.0,1,3.2,1
U101008,2024-07-22,Starter,EMEA,Organic,Enterprise,6,72,15.0,1,3.0,0
U101009,2024-09-02,Free,NA,Organic,Mid-Market,1,0,5.0,0,,0
U101010,2024-10-28,Free,EMEA,Organic,Mid-Market,1,0,15.0,0,,0
U101011,2024-06-04,Starter,NA,Organic,SMB,2,24,17.0,0,,0
U101012,2024-03-19,Starter,LATAM,Organic,Mid-Market,2,24,0.0,0,,1
U101013,2024-07-20,Free,NA,Paid,Enterprise,1,0,7.0,0,,1
U101014,2024-08-30,Free,LATAM,Referral,SMB,1,0,13.0,1,4.6,0
U101015,2024-12-03,Starter,NA,Organic,Enterprise,5,60,9.0,1,5.0,1
U101016,2025-01-19,Business,NA,Organic,Enterprise,26,754,26.0,1,4.3,0
U101017,2024-09-20,Free,NA,Organic,SMB,1,0,15.0,0,,0
U101018,2025-06-12,Free,NA,Organic,Mid-Market,1,0,16.0,1,5.0,0
U101019,2024-10-25,Enterprise,LATAM,Organic,Mid-Market,195,9555,26.0,2,3.5,0
U101020,2024-08-19,Free,EMEA,Paid,Mid-Market,1,0,0.0,0,,0
U101021,2024-10-28,Free,NA,Organic,SMB,1,0,9.0,0,,0
U101022,2024-10-12,Free,APAC,Organic,SMB,1,0,17.0,2,3.5,0
U101023,2024-01-02,Free,APAC,Organic,SMB,1,0,0.0,0,,0
U101024,2025-03-16,Free,LATAM,Paid,SMB,1,0,10.0,0,,0
U101025,2024-02-20,Business,NA,Partner,Enterprise,21,609,20.0,0,,0
U101026,2024-07-26,Enterprise,EMEA,Referral,SMB,34,1666,32.0,2,3.7,0
U101027,2024-11-01,Starter,APAC,Organic,Enterprise,5,60,11.0,0,,0
U101028,2024-11-10,Business,LATAM,Paid,SMB,6,174,15.0,1,3.6,0
U101029,2024-02-23,Free,,Paid,SMB,1,0,9.0,1,4.2,0
U101030,2024-04-05,Starter,LATAM,Paid,Enterprise,4,48,14.0,0,,1
U101031,2025-03-19,Free,APAC,Organic,SMB,1,0,2.0,0,,0
U101032,2025-05-08,Starter,EMEA,Referral,SMB,5,60,17.0,2,4.7,0
U101033,2024-09-18,Starter,NA,Organic,SMB,7,84,10.0,0,,1
U101034,2025-05-04,Enterprise,NA,Organic,SMB,111,5439,18.0,3,3.5,0
U101035,2024-10-10,Free,EMEA,Paid,SMB,1,0,1.0,0,,0
U101036,2024-01-24,Free,EMEA,Organic,SMB,1,0,10.0,0,,0
U101037,2024-08-10,Starter,LATAM,Partner,SMB,7,84,6.0,0,,0
U101038,2024-02-19,Free,APAC,Partner,Mid-Market,1,0,0.0,0,,1
U101039,2024-03-08,Business,NA,Paid,SMB,8,232,14.0,0,,0
U101040,2024-04-11,Starter,EMEA,Paid,SMB,4,48,20.0,0,,0
U101041,2024-09-11,Free,NA,Organic,SMB,1,0,11.0,3,3.9,0
U101042,2024-10-28,Business,LATAM,Paid,SMB,5,145,14.0,3,3.7,0
U101043,2025-04-06,Starter,NA,Organic,Enterprise,2,24,15.0,2,3.9,0
U101044,2024-05-06,Free,APAC,Organic,SMB,1,0,12.0,0,,0
U101045,2025-05-18,Free,EMEA,Partner,Enterprise,1,0,13.0,0,,0
U101046,2024-04-01,Starter,EMEA,Paid,SMB,4,48,20.0,0,,0
U101047,2024-07-06,Free,NA,Paid,SMB,1,0,4.0,0,,1
U101048,2024-11-20,Starter,NA,Paid,Mid-Market,4,48,15.0,0,,0
U101049,2024-05-07,Starter,LATAM,Referral,SMB,3,36,14.0,0,,0
U101050,2024-04-28,enterprise,APAC,Organic,SMB,174,8526,19.0,6,2.5,1
U101051,2024-12-09,Starter,NA,Organic,SMB,7,84,,0,,0
U101052,2024-08-29,Starter,NA,Organic,SMB,3,36,14.0,1,2.8,0
U101053,2025-04-07,Free,NA,Organic,Mid-Market,1,0,0.0,0,,1
U101054,2024-08-20,Starter,LATAM,Organic,Mid-Market,5,60,,0,,0
U101055,2025-04-16,Free,NA,Organic,SMB,1,0,7.0,1,4.0,0
U101056,2024-05-13,Free,EMEA,Organic,SMB,1,0,4.0,0,,0
U101057,2024-08-20,Free,NA,Paid,SMB,1,0,6.0,0,,0
U101058,2025-04-25,Free,NA,Paid,SMB,1,0,0.0,0,,0
U101059,2024-07-05,Starter,APAC,Organic,Mid-Market,2,24,23.0,0,,0
U101060,2024-09-05,Free,LATAM,Referral,Mid-Market,1,0,11.0,1,4.4,0
U101061,2024-05-21,Free,NA,Partner,SMB,1,0,13.0,1,3.7,0
U101062,2025-02-07,Business,APAC,Organic,Enterprise,25,725,23.0,5,1.7,1
U101063,2025-06-18,Free,LATAM,Organic,SMB,1,0,14.0,0,,0
U101064,2024-03-24,Starter,NA,Organic,SMB,2,24,14.0,0,,0
U101065,2025-01-10,Free,EMEA,Organic,Mid-Market,1,0,3.0,1,3.1,1
U101066,2024-08-28,Starter,NA,Partner,SMB,4,48,7.0,0,,1
U101067,2025-05-17,Starter,APAC,Organic,SMB,4,48,17.0,1,4.7,0
U101068,2024-05-18,Free,EMEA,Organic,SMB,1,0,5.0,1,3.0,0
U101069,2024-06-12,Starter,NA,Organic,Mid-Market,7,84,3.0,1,4.6,0
U101070,2024-11-10,Starter,APAC,Organic,SMB,5,60,6.0,1,3.9,1
U101071,2024-10-04,Free,,Paid,SMB,1,0,7.0,0,,0
U101072,2025-04-04,Free,NA,Partner,SMB,1,0,9.0,0,,1
U101073,2024-03-12,Free,APAC,Organic,SMB,1,0,5.0,0,,0
U101074,2024-08-15,Business,APAC,Organic,SMB,13,377,19.0,1,3.2,0
U101075,2024-07-23,Starter,NA,Organic,SMB,7,84,25.0,0,,0
U101076,2024-01-10,Free,EMEA,Organic,Mid-Market,1,0,5.0,0,,1
U101077,2025-04-27,Enterprise,NA,Organic,SMB,258,12642,23.0,4,4.8,0
U101078,2024-12-13,Starter,APAC,Paid,SMB,6,72,16.0,0,,0
U101079,2024-04-18,Free,APAC,Organic,Mid-Market,1,0,6.0,0,,0
U101080,2025-04-28,Business,NA,Organic,SMB,39,1131,25.0,1,4.0,0
U101081,2025-04-03,Business,EMEA,Referral,SMB,39,1131,19.0,0,,0
U101082,2024-04-01,Starter,NA,Partner,SMB,3,36,24.0,2,4.1,0
U101083,2024-05-13,Enterprise,APAC,Organic,SMB,81,3969,19.0,3,5.0,1
U101084,2024-04-29,Free,LATAM,Partner,Enterprise,1,0,4.0,0,,0
U101085,2025-05-31,Business,APAC,Organic,Enterprise,10,290,17.0,3,2.3,0
U101086,2025-01-01,Starter,NA,Organic,SMB,3,36,1.0,1,4.7,0
U101087,2024-01-08,Starter,NA,Partner,Mid-Market,4,48,9.0,2,4.4,0
U101088,2025-04-19,Enterprise,EMEA,Paid,Mid-Market,33,1617,16.0,1,3.5,0
U101089,2024-02-15,Starter,EMEA,Organic,SMB,5,60,19.0,2,4.1,0
U101090,2024-09-12,Business,NA,Organic,SMB,9,261,22.0,1,3.3,0
U101091,2024-12-18,Free,NA,Organic,Enterprise,1,0,0.0,0,,0
U101092,2024-08-03,Free,EMEA,Partner,SMB,1,0,5.0,0,,0
U101093,2024-03-10,Starter,NA,Organic,SMB,2,24,5.0,0,,0
U101094,2025-06-15,Free,NA,Referral,SMB,1,0,6.0,0,,0
U101095,2024-06-14,Business,APAC,Paid,Mid-Market,26,754,15.0,3,4.6,0
U101096,2024-07-05,Starter,LATAM,Organic,SMB,5,60,15.0,0,,0
U101097,2025-01-03,Business,APAC,Organic,Enterprise,29,841,24.0,2,2.9,1
U101098,2025-03-28,Starter,NA,Partner,SMB,7,84,22.0,0,,0
U101099,2025-04-24,Starter,,Referral,Mid-Market,7,84,15.0,0,,1
U101100,2024-01-20,Business,EMEA,Organic,Enterprise,39,1131,12.0,0,,0
U101101,2025-02-16,Free,APAC,Organic,SMB,1,0,13.0,2,2.3,0
U101102,2025-03-01,Enterprise,APAC,Organic,SMB,103,5047,30.0,0,,0
U101103,2025-01-25,Enterprise,LATAM,Referral,SMB,236,11564,26.0,3,3.2,0
U101104,2025-06-02,Free,NA,Organic,SMB,1,0,0.0,0,,0
U101105,2025-04-10,Free,LATAM,Organic,SMB,1,0,4.0,1,5.0,0
U101106,2024-11-18,Starter,LATAM,Referral,Enterprise,3,36,16.0,0,,0
U101107,2024-04-27,Starter,NA,Paid,SMB,2,24,11.0,2,3.5,0
U101108,2024-08-08,Starter,NA,Organic,SMB,5,60,20.0,0,,1
U101109,2024-04-13,Business,NA,Paid,SMB,25,725,19.0,5,4.4,0
U101110,2025-02-11,Business,LATAM,Organic,Mid-Market,24,696,23.0,0,,0
U101111,2024-11-16,Free,NA,Paid,SMB,1,0,4.0,0,,0
U101112,2025-02-07,Free,NA,Paid,Enterprise,1,0,13.0,0,,0
U101113,2025-01-06,Business,EMEA,Paid,SMB,32,928,26.0,1,3.3,0
U101114,2024-10-19,Free,NA,Organic,SMB,1,0,8.0,0,,0
U101115,2024-07-11,Starter,APAC,Paid,SMB,5,60,3.0,1,2.8,0
U101116,2024-06-19,Free,EMEA,Paid,SMB,1,0,21.0,0,,0
U101117,2024-03-17,Free,EMEA,Referral,SMB,1,0,7.0,1,4.3,0
U101118,2024-02-07,Starter,EMEA,Organic,Mid-Market,3,36,10.0,0,,0
U101119,2025-03-16,Enterprise,APAC,Organic,SMB,55,2695,31.0,2,3.7,0
U101120,2025-06-07,Free,EMEA,Organic,SMB,1,0,11.0,0,,0
U101121,2025-04-24,Business,APAC,Referral,Mid-Market,35,1015,26.0,0,,1
U101122,2025-06-01,Free,APAC,Organic,SMB,1,0,19.0,1,4.1,0
U101123,2024-10-08,Starter,EMEA,Organic,SMB,2,24,15.0,3,3.7,0
U101124,2024-04-04,Business,APAC,Referral,SMB,8,232,16.0,1,5.0,0
U101125,2024-09-16,Business,APAC,Partner,SMB,10,290,28.0,5,2.0,0
U101126,2024-06-13,Starter,EMEA,Organic,SMB,3,36,24.0,2,4.0,0
U101127,2024-12-26,Free,EMEA,Organic,Mid-Market,1,0,10.0,0,,0
U101128,2025-01-15,Free,EMEA,Organic,SMB,1,0,10.0,0,,0
U101129,2024-05-08,Free,NA,Paid,SMB,1,0,6.0,0,,0
U101130,2025-04-23,Free,NA,Organic,SMB,1,0,4.0,0,,0
U101131,2025-06-03,Starter,,Organic,SMB,3,36,5.0,0,,1
U101132,2024-09-03,Free,NA,Organic,SMB,1,0,3.0,2,4.2,0
U101133,2025-02-19,Enterprise,APAC,Referral,Mid-Market,279,13671,25.0,4,2.5,0
U101134,2024-03-21,Business,APAC,Referral,Mid-Market,15,435,24.0,1,5.0,0
U101135,2025-05-15,Free,APAC,Organic,SMB,1,0,9.0,0,,1
U101136,2024-01-22,Starter,APAC,Organic,SMB,6,72,24.0,2,5.0,0
U101137,2025-05-28,Starter,EMEA,Organic,SMB,6,72,7.0,2,4.1,0
U101138,2025-05-11,Free,APAC,Organic,Mid-Market,1,0,7.0,0,,0
U101139,2025-04-27,Starter,EMEA,Partner,Enterprise,3,36,12.0,0,,0
U101140,2024-04-15,Free,APAC,Referral,Enterprise,1,0,10.0,0,,0
U101141,2025-04-25,Enterprise,NA,Referral,SMB,292,14308,24.0,1,4.0,0
U101142,2024-08-10,Free,EMEA,Organic,Mid-Market,1,0,6.0,1,3.6,1
U101143,2025-02-17,Free,NA,Organic,Mid-Market,1,0,16.0,0,,0
U101144,2025-04-23,Free,LATAM,Paid,Enterprise,1,0,0.0,0,,0
U101145,2025-05-31,Free,APAC,Partner,Mid-Market,1,0,3.0,0,,0
U101146,2025-03-22,Starter,EMEA,Partner,SMB,4,48,4.0,1,4.6,0
U101147,2024-11-19,Free,NA,Organic,SMB,1,0,0.0,0,,0
U101148,2025-04-04,Free,EMEA,Organic,SMB,1,0,13.0,0,,0
U101149,2025-03-22,Starter,NA,Partner,Enterprise,6,72,14.0,1,4.6,0
U101150,2025-06-16,Starter,NA,Organic,SMB,2,24,9.0,1,5.0,0
U101151,2024-02-18,Starter,LATAM,Referral,SMB,4,48,11.0,0,,0
U101152,2025-04-05,Business,EMEA,Paid,Mid-Market,34,986,18.0,3,3.8,0
U101153,2025-04-25,Free,NA,Referral,SMB,1,0,16.0,0,,0
U101154,2025-04-19,Business,NA,Paid,Mid-Market,14,406,26.0,3,4.8,0
U101155,2024-06-29,Business,EMEA,Referral,SMB,23,667,18.0,3,5.0,0
U101156,2025-03-30,Business,NA,Paid,SMB,10,290,11.0,2,5.0,0
U101157,2024-04-02,Free,NA,Referral,SMB,1,0,1.0,1,4.4,0
U101158,2025-02-15,Enterprise,NA,Referral,SMB,82,4018,20.0,1,3.9,0
U101159,2025-06-21,Free,EMEA,Paid,Enterprise,1,0,1.0,0,,0
U101160,2024-10-15,Free,LATAM,Referral,SMB,1,0,5.0,0,,0
U101161,2025-05-09,Business,EMEA,Paid,Enterprise,38,1102,23.0,1,3.5,1
U101162,2025-04-24,Business,NA,Referral,SMB,19,551,9.0,1,2.6,0
U101163,2024-05-11,Free,EMEA,Paid,SMB,1,0,12.0,0,,0
U101164,2025-05-15,Free,EMEA,Partner,SMB,1,0,,0,,0
U101165,2025-03-27,Starter,,Organic,SMB,7,84,15.0,0,,0
U101166,2025-02-03,Starter,NA,Partner,SMB,4,48,20.0,0,,0
U101167,2024-06-05,Free,EMEA,Paid,Enterprise,1,0,6.0,0,,0
U101168,2024-12-28,Enterprise,NA,Organic,SMB,149,7301,20.0,2,3.2,0
U101169,2024-07-31,Free,EMEA,Paid,Mid-Market,1,0,0.0,1,2.8,0
U101170,2025-02-14,Free,NA,Organic,SMB,1,0,0.0,1,3.0,0
U101171,2025-03-27,Starter,APAC,Organic,SMB,7,84,24.0,2,4.3,0
U101172,2025-01-30,Free,EMEA,Organic,SMB,1,0,0.0,0,,0
U101173,2025-02-22,starter,,Partner,Mid-Market,2,24,6.0,0,,0
U101174,2024-08-24,Free,LATAM,Partner,Mid-Market,1,0,23.0,0,,0
U101175,2024-10-17,Free,NA,Organic,SMB,1,0,12.0,0,,0
U101176,2024-01-18,Free,NA,Paid,Mid-Market,1,0,10.0,1,5.0,0
U101177,2025-05-04,Business,EMEA,Paid,SMB,21,609,20.0,1,2.8,0
U101178,2024-02-08,Enterprise,APAC,Referral,SMB,84,4116,31.0,1,2.9,0
U101179,2024-06-11,Starter,NA,Referral,SMB,5,60,0.0,2,4.3,0
U101180,2024-02-26,Free,APAC,Organic,SMB,1,0,8.0,0,,0
U101181,2024-03-28,Free,EMEA,Paid,SMB,1,0,15.0,0,,0
U101182,2025-02-19,Starter,APAC,Partner,SMB,3,36,9.0,1,3.4,1
U101183,2024-09-26,Starter,EMEA,Organic,SMB,3,36,19.0,1,4.9,1
U101184,2025-04-03,starter,APAC,Organic,Mid-Market,3,36,13.0,1,4.9,0
U101185,2024-09-20,Free,EMEA,Partner,SMB,1,0,0.0,0,,0
U101186,2025-04-14,Free,EMEA,Organic,SMB,1,0,4.0,0,,0
U101187,2025-04-14,Business,NA,Referral,SMB,9,261,12.0,1,3.9,1
U101188,2025-01-08,Free,EMEA,Organic,Enterprise,1,0,4.0,0,,0
U101189,2024-10-09,Free,NA,Organic,SMB,1,0,3.0,0,,0
U101190,2024-03-14,Starter,NA,Organic,Mid-Market,4,48,10.0,1,3.7,0
U101191,2024-04-10,Starter,APAC,Referral,SMB,4,48,13.0,3,4.2,1
U101192,2025-04-27,Free,EMEA,Paid,SMB,1,0,12.0,0,,0
U101193,2024-09-09,Business,NA,Organic,Enterprise,6,174,13.0,4,3.1,0
U101194,2025-06-23,Starter,APAC,Partner,SMB,6,72,14.0,1,3.1,0
U101195,2024-05-19,Free,EMEA,Paid,SMB,1,0,15.0,0,,1
U101196,2025-02-08,Free,LATAM,Paid,SMB,1,0,8.0,0,,0
U101197,2025-02-22,Starter,NA,Paid,SMB,5,60,7.0,0,,0
U101198,2025-03-17,Business,NA,Paid,Mid-Market,20,580,14.0,1,3.8,0
U101199,2024-02-17,Business,EMEA,Referral,SMB,23,667,22.0,0,,0
U101200,2024-08-07,Business,LATAM,Partner,Enterprise,6,174,27.0,1,3.8,0
U101201,2025-05-10,Starter,NA,Organic,SMB,5,60,14.0,2,4.1,0
U101202,2025-03-12,Free,APAC,Organic,SMB,1,0,,1,4.3,0
U101203,2024-12-12,Starter,APAC,Paid,SMB,5,60,4.0,0,,1
U101204,2024-11-24,Free,APAC,Organic,SMB,1,0,10.0,3,5.0,0
U101205,2025-01-10,Business,APAC,Partner,SMB,29,841,21.0,5,1.1,0
U101206,2024-07-25,Starter,NA,Paid,Enterprise,7,84,13.0,1,4.4,1
U101207,2024-01-12,Free,APAC,Paid,Mid-Market,1,0,3.0,0,,0
U101208,2024-12-13,Free,LATAM,Organic,SMB,1,0,14.0,0,,0
U101209,2024-09-10,Free,APAC,Organic,SMB,1,0,6.0,0,,0
U101210,2024-05-02,Starter,NA,Organic,Mid-Market,7,84,18.0,0,,0
U101211,2025-04-24,Free,NA,Organic,Mid-Market,1,0,7.0,0,,0
U101212,2024-04-10,Starter,EMEA,Organic,SMB,5,60,10.0,1,4.5,1
U101213,2025-03-31,Enterprise,EMEA,Organic,SMB,70,3430,22.0,5,4.1,0
U101214,2024-12-02,Free,APAC,Organic,Enterprise,1,0,0.0,1,3.4,0
U101215,2024-06-14,Starter,APAC,Organic,SMB,4,48,6.0,2,4.5,0
U101216,2024-02-07,Business,NA,Paid,Enterprise,30,870,20.0,2,3.1,0
U101217,2024-06-17,Free,NA,Paid,SMB,1,0,13.0,0,,0
U101218,2024-10-22,Free,APAC,Organic,SMB,1,0,5.0,0,,0
U101219,2025-03-27,Free,APAC,Paid,SMB,1,0,10.0,0,,0
U101220,2024-04-24,Starter,APAC,Paid,Mid-Market,7,84,14.0,1,2.6,0
U101221,2024-07-29,Business,EMEA,Organic,SMB,38,1102,28.0,3,3.6,0
U101222,2024-04-10,Free,APAC,Referral,Mid-Market,1,0,0.0,0,,0
U101223,2024-11-24,Free,LATAM,Organic,Mid-Market,1,0,7.0,0,,1
U101224,2024-12-20,Business,NA,Organic,Enterprise,27,783,32.0,2,4.6,1
U101225,2024-12-28,Starter,NA,Organic,Mid-Market,4,48,19.0,0,,0
U101226,2025-03-10,Business,APAC,Partner,Enterprise,12,348,15.0,3,1.9,1
U101227,2025-04-16,Starter,APAC,Organic,SMB,5,60,18.0,1,4.7,0
U101228,2024-10-24,Free,NA,Organic,SMB,1,0,,0,,0
U101229,2024-06-06,Free,APAC,Paid,SMB,1,0,11.0,1,4.6,0
U101230,2025-01-02,Starter,EMEA,Paid,SMB,4,48,21.0,1,2.8,0
U101231,2025-03-30,Business,APAC,Organic,SMB,35,1015,7.0,2,2.0,0
U101232,2024-01-15,Starter,NA,Referral,Mid-Market,4,48,25.0,0,,0
U101233,2025-05-22,Business,APAC,Organic,SMB,13,377,25.0,3,1.8,0
U101234,2024-06-11,Free,EMEA,Organic,Mid-Market,1,0,2.0,0,,0
U101235,2024-04-16,Business,LATAM,Referral,SMB,37,1073,21.0,1,4.7,1
U101236,2025-03-02,Enterprise,NA,Organic,Enterprise,173,8477,31.0,0,,0
U101237,2024-10-08,Business,APAC,Paid,SMB,9,261,6.0,1,1.6,0
U101238,2024-02-12,Enterprise,NA,Referral,SMB,234,11466,35.0,1,3.6,0
U101239,2024-02-08,Business,NA,Organic,Mid-Market,12,348,20.0,1,2.5,0
U101240,2024-07-02,Free,EMEA,Paid,Enterprise,1,0,2.0,0,,1
U101241,2024-09-03,Business,NA,Organic,Enterprise,28,812,21.0,0,,1
U101242,2024-02-27,Free,EMEA,Organic,SMB,1,0,0.0,0,,1
U101243,2024-05-02,Business,LATAM,Paid,Enterprise,6,174,22.0,0,,0
U101244,2024-05-16,Free,EMEA,Organic,SMB,1,0,4.0,0,,0
U101245,2024-03-25,Free,NA,Referral,SMB,1,0,15.0,0,,0
U101246,2024-08-22,Free,NA,Referral,Enterprise,1,0,16.0,0,,0
U101247,2025-01-19,Enterprise,NA,Organic,SMB,185,9065,31.0,0,,0
U101248,2024-06-09,Starter,NA,Organic,Mid-Market,3,36,16.0,1,5.0,0
U101249,2025-04-26,Starter,LATAM,Organic,SMB,2,24,10.0,0,,0
U101250,2024-12-23,Free,LATAM,Organic,SMB,1,0,8.0,0,,1
U101251,2025-06-16,Starter,NA,Paid,SMB,6,72,5.0,0,,0
U101252,2024-10-15,Starter,LATAM,Organic,SMB,2,24,5.0,1,3.6,1
U101253,2025-01-06,Free,EMEA,Partner,SMB,1,0,10.0,0,,0
U101254,2025-01-02,Business,NA,Organic,SMB,14,406,,1,4.0,0
U101255,2024-05-12,Enterprise,APAC,Referral,SMB,100,4900,34.0,4,3.9,1
U101256,2025-04-19,Free,APAC,Organic,SMB,1,0,5.0,0,,0
U101257,2024-04-03,Free,APAC,Organic,SMB,1,0,3.0,0,,0
U101258,2025-01-01,Starter,APAC,Partner,SMB,4,48,18.0,1,4.6,1
U101259,2024-10-26,Business,EMEA,Organic,Mid-Market,24,696,30.0,1,3.6,0
U101260,2024-10-03,Starter,,Organic,Mid-Market,3,36,16.0,0,,0
U101261,2024-06-21,Starter,EMEA,Paid,SMB,7,84,29.0,0,,0
U101262,2025-01-22,Starter,LATAM,Organic,SMB,4,48,12.0,0,,0
U101263,2024-07-24,Free,NA,Organic,Enterprise,1,0,0.0,3,3.7,0
U101264,2025-03-12,Starter,APAC,Paid,SMB,7,84,7.0,1,2.6,0
U101265,2025-03-13,Starter,NA,Organic,Enterprise,2,24,20.0,2,4.5,0
U101266,2024-10-10,Starter,APAC,Referral,Mid-Market,4,48,19.0,0,,0
U101267,2024-03-10,Free,NA,Organic,Mid-Market,1,0,5.0,0,,0
U101268,2025-04-17,Business,NA,Organic,SMB,7,203,18.0,1,4.6,0
U101269,2024-11-04,Business,EMEA,Partner,SMB,29,841,23.0,3,4.1,0
U101270,2024-01-25,Starter,NA,Referral,SMB,4,48,20.0,0,,0
U101271,2024-05-04,Free,LATAM,Referral,Enterprise,1,0,10.0,0,,0
U101272,2024-07-22,Starter,EMEA,Referral,SMB,7,84,10.0,2,2.2,1
U101273,2024-12-12,Enterprise,NA,Organic,SMB,159,7791,19.0,1,4.7,0
U101274,2025-06-10,Starter,EMEA,Organic,SMB,4,48,11.0,0,,0
U101275,2024-10-19,Starter,EMEA,Organic,SMB,7,84,27.0,0,,0
U101276,2025-04-04,Enterprise,LATAM,Organic,SMB,72,3528,20.0,4,4.1,0
U101277,2024-12-28,Starter,EMEA,Organic,Enterprise,5,60,12.0,1,4.7,0
U101278,2025-02-19,Free,LATAM,Partner,SMB,1,0,10.0,0,,0
U101279,2024-02-24,Starter,EMEA,Organic,Mid-Market,2,24,16.0,0,,0
U101280,2024-10-06,Free,LATAM,Organic,Enterprise,1,0,8.0,0,,0
U101281,2024-05-31,Starter,EMEA,Organic,Enterprise,4,48,2.0,0,,0
U101282,2024-08-25,Free,EMEA,Paid,SMB,1,0,11.0,0,,1
U101283,2025-06-21,Starter,NA,Organic,Mid-Market,4,48,5.0,2,4.3,0
U101284,2024-07-01,Free,APAC,Partner,Mid-Market,1,0,0.0,0,,0
U101285,2025-03-03,Business,EMEA,Organic,Mid-Market,26,754,20.0,0,,0
U101286,2024-04-15,Business,APAC,Organic,SMB,36,1044,13.0,2,5.0,0
U101287,2024-11-15,Free,NA,Organic,SMB,1,0,0.0,0,,0
U101288,2025-01-28,Free,,Referral,Enterprise,1,0,1.0,0,,1
U101289,2024-01-04,Starter,LATAM,Organic,Mid-Market,6,72,13.0,0,,0
U101290,2024-07-26,Free,APAC,Referral,Mid-Market,1,0,7.0,0,,0
U101291,2024-03-07,Free,APAC,Organic,Enterprise,1,0,0.0,1,4.9,1
U101292,2025-04-08,Free,,Organic,Mid-Market,1,0,16.0,0,,0
U101293,2024-02-17,Free,,Organic,SMB,1,0,9.0,0,,0
U101294,2025-04-16,Free,NA,Paid,SMB,1,0,0.0,0,,0
U101295,2024-09-04,Enterprise,NA,Partner,SMB,152,7448,28.0,3,3.6,0
U101296,2024-12-18,Starter,APAC,Paid,SMB,7,84,18.0,0,,0
U101297,2024-05-19,Free,APAC,Paid,Mid-Market,1,0,0.0,0,,0
U101298,2024-05-20,Free,EMEA,Paid,Mid-Market,1,0,11.0,0,,0
U101299,2025-01-08,Free,LATAM,Referral,Mid-Market,1,0,0.0,0,,1
U101300,2025-03-28,Free,,Organic,SMB,1,0,11.0,0,,0
U101301,2024-11-02,Free,NA,Referral,SMB,1,0,0.0,1,4.7,0
U101302,2024-07-25,Starter,LATAM,Paid,Enterprise,3,36,2.0,0,,0
U101303,2024-07-01,Free,NA,Referral,SMB,1,0,0.0,0,,0
U101304,2024-11-15,Free,NA,Organic,Mid-Market,1,0,6.0,0,,0
U101305,2025-01-23,Free,NA,Referral,Mid-Market,1,0,13.0,0,,0
U101306,2024-02-28,Enterprise,APAC,Paid,SMB,208,10192,16.0,2,5.0,0
U101307,2025-02-13,starter,EMEA,Paid,Enterprise,2,24,11.0,0,,0
U101308,2025-05-26,Free,EMEA,Paid,Mid-Market,1,0,0.0,1,4.2,0
U101309,2024-11-24,Enterprise,NA,Organic,SMB,58,2842,32.0,3,4.1,0
U101310,2024-12-25,Business,NA,Referral,SMB,6,174,32.0,2,3.7,0
U101311,2024-04-07,Starter,EMEA,Referral,SMB,6,72,15.0,0,,0
U101312,2024-11-20,Enterprise,NA,Paid,SMB,42,2058,13.0,1,4.7,1
U101313,2025-05-28,Starter,APAC,Organic,Enterprise,4,48,17.0,0,,0
U101314,2024-11-23,Starter,NA,Organic,SMB,6,72,25.0,2,3.3,0
U101315,2025-06-11,Enterprise,NA,Organic,SMB,136,6664,0.0,4,2.8,1
U101316,2024-03-26,Starter,LATAM,Paid,SMB,5,60,18.0,2,3.9,0
U101317,2024-08-01,Enterprise,EMEA,Organic,Enterprise,110,5390,25.0,4,4.1,0
U101318,2024-12-24,Starter,EMEA,Paid,SMB,7,84,9.0,1,3.8,1
U101319,2025-02-04,Free,EMEA,Partner,Enterprise,1,0,23.0,0,,0
U101320,2024-06-18,Free,EMEA,Referral,Mid-Market,1,0,7.0,0,,1
U101321,2024-05-17,Starter,APAC,Partner,SMB,5,60,24.0,2,4.1,0
U101322,2025-03-30,Free,APAC,Organic,Mid-Market,1,0,0.0,0,,0
U101323,2024-08-18,Business,EMEA,Paid,SMB,11,319,15.0,1,4.6,0
U101324,2024-10-31,Business,APAC,Paid,Mid-Market,18,522,18.0,3,3.0,0
U101325,2024-09-23,Starter,,Paid,Mid-Market,7,84,7.0,0,,1
U101326,2024-01-25,Business,EMEA,Paid,Mid-Market,35,1015,17.0,3,4.3,0
U101327,2024-07-20,Starter,NA,Organic,SMB,5,60,15.0,1,3.6,1
U101328,2024-11-13,Free,NA,Paid,SMB,1,0,6.0,0,,1
U101329,2024-11-15,Starter,NA,Referral,Enterprise,7,84,24.0,2,4.8,0
U101330,2025-04-29,Free,EMEA,Partner,Mid-Market,1,0,2.0,0,,0
U101331,2024-05-25,Free,NA,Paid,Mid-Market,1,0,11.0,0,,0
U101332,2024-01-09,Business,,Paid,SMB,12,348,29.0,3,3.9,0
U101333,2024-10-29,Free,NA,Paid,SMB,1,0,2.0,0,,0
U101334,2025-04-10,Free,NA,Organic,SMB,1,0,7.0,0,,0
U101335,2024-01-21,Enterprise,EMEA,Partner,SMB,151,7399,28.0,2,3.9,0
U101336,2025-01-27,Free,LATAM,Organic,SMB,1,0,0.0,0,,1
U101337,2024-09-01,Free,NA,Referral,SMB,1,0,2.0,0,,1
U101338,2024-03-05,Business,LATAM,Organic,SMB,7,203,11.0,0,,0
U101339,2025-05-07,Starter,APAC,Paid,Mid-Market,6,72,13.0,0,,0
U101340,2024-09-12,Free,APAC,Paid,Enterprise,1,0,13.0,0,,0
U101341,2025-04-04,Free,NA,Organic,SMB,1,0,10.0,0,,0
U101342,2024-02-20,Free,NA,Paid,Mid-Market,1,0,11.0,0,,0
U101343,2025-04-12,Free,NA,Partner,Mid-Market,1,0,8.0,0,,0
U101344,2025-06-07,Free,NA,Paid,Mid-Market,1,0,11.0,1,3.8,0
U101345,2024-10-05,Free,NA,Referral,SMB,1,0,6.0,0,,0
U101346,2024-04-26,Starter,NA,Paid,SMB,7,84,16.0,1,4.2,0
U101347,2024-02-15,Starter,LATAM,Paid,SMB,3,36,10.0,0,,0
U101348,2024-10-30,Starter,LATAM,Paid,Mid-Market,4,48,19.0,0,,0
U101349,2024-07-20,Starter,LATAM,Organic,Mid-Market,2,24,1.0,2,4.1,0
U101350,2024-06-11,Business,LATAM,Paid,SMB,6,174,20.0,2,4.6,1
U101351,2025-05-07,Starter,APAC,Paid,Mid-Market,4,48,20.0,0,,0
U101352,2024-06-05,Starter,NA,Organic,SMB,3,36,6.0,0,,0
U101353,2025-03-12,Business,NA,Paid,SMB,38,1102,21.0,5,3.9,0
U101354,2025-01-30,Free,NA,Organic,SMB,1,0,12.0,1,5.0,0
U101355,2024-06-07,Starter,EMEA,Paid,Enterprise,7,84,20.0,2,3.6,0
U101356,2024-06-17,Business,APAC,Partner,Mid-Market,15,435,31.0,0,,0
U101357,2025-06-19,free,NA,Organic,Mid-Market,1,0,0.0,0,,1
U101358,2025-03-02,Starter,APAC,Organic,SMB,2,24,12.0,1,3.7,0
U101359,2024-12-01,Free,EMEA,Organic,SMB,1,0,8.0,0,,0
U101360,2025-05-13,Starter,LATAM,Organic,SMB,6,72,26.0,2,4.9,0
U101361,2024-04-26,free,APAC,Partner,SMB,1,0,23.0,0,,0
U101362,2025-03-18,Enterprise,NA,Paid,SMB,241,11809,26.0,0,,0
U101363,2025-03-13,Business,APAC,Organic,Mid-Market,36,1044,23.0,4,1.0,1
U101364,2024-05-13,Free,EMEA,Paid,SMB,1,0,14.0,0,,0
U101365,2024-12-02,Free,APAC,Paid,SMB,1,0,2.0,0,,0
U101366,2025-04-17,Business,EMEA,Referral,SMB,7,203,23.0,0,,0
U101367,2024-11-11,Starter,APAC,Paid,SMB,6,72,10.0,1,4.2,0
U101368,2025-03-10,Starter,NA,Referral,SMB,6,72,10.0,1,4.8,0
U101369,2025-03-03,Free,EMEA,Paid,SMB,1,0,13.0,1,3.8,0
U101370,2024-07-31,Free,NA,Referral,Mid-Market,1,0,1.0,0,,0
U101371,2025-06-06,Starter,LATAM,Paid,SMB,3,36,5.0,1,4.8,0
U101372,2025-06-05,Free,APAC,Referral,SMB,1,0,2.0,1,5.0,0
U101373,2025-04-12,Business,APAC,Organic,Enterprise,27,783,25.0,3,3.0,0
U101374,2024-05-11,Free,NA,Organic,SMB,1,0,21.0,1,4.6,0
U101375,2025-06-10,Free,NA,Organic,SMB,1,0,0.0,0,,0
U101376,2025-05-19,Starter,EMEA,Referral,SMB,3,36,10.0,1,3.5,0
U101377,2024-06-20,Starter,LATAM,Organic,SMB,4,48,14.0,1,3.2,0
U101378,2024-01-11,Enterprise,NA,Referral,SMB,122,5978,39.0,0,,0
U101379,2025-04-25,Starter,NA,Paid,Enterprise,6,72,11.0,1,2.9,0
U101380,2025-05-17,Free,LATAM,Organic,SMB,1,0,11.0,0,,0
U101381,2025-05-12,Free,EMEA,Paid,SMB,1,0,5.0,0,,0
U101382,2024-02-10,Starter,EMEA,Partner,Mid-Market,5,60,28.0,0,,0
U101383,2024-04-09,Starter,APAC,Partner,Enterprise,5,60,23.0,1,4.4,0
U101384,2025-02-24,Starter,LATAM,Organic,Mid-Market,6,72,0.0,1,5.0,1
U101385,2025-05-12,Free,NA,Organic,Mid-Market,1,0,1.0,0,,1
U101386,2025-01-28,Starter,EMEA,Referral,Mid-Market,6,72,7.0,1,4.3,1
U101387,2024-01-31,Free,APAC,Paid,SMB,1,0,11.0,0,,0
U101388,2024-12-12,Free,APAC,Organic,SMB,1,0,0.0,0,,0
U101389,2025-02-23,Free,EMEA,Organic,SMB,1,0,0.0,0,,1
U101390,2024-07-14,Business,NA,Paid,SMB,24,696,14.0,0,,1
U101391,2024-11-24,Enterprise,LATAM,Organic,SMB,201,9849,28.0,3,4.2,0
U101392,2024-01-09,Free,EMEA,Referral,SMB,1,0,7.0,0,,0
U101393,2024-06-12,Free,EMEA,Referral,SMB,1,0,3.0,0,,0
U101394,2024-09-22,Free,LATAM,Partner,Mid-Market,1,0,25.0,0,,0
U101395,2025-01-19,Free,EMEA,Paid,Mid-Market,1,0,9.0,0,,0
U101396,2025-01-16,Free,EMEA,Partner,SMB,1,0,0.0,1,3.4,1
U101397,2024-11-20,Free,APAC,Paid,Mid-Market,1,0,2.0,1,5.0,1
U101398,2025-04-20,Free,NA,Paid,Mid-Market,1,0,0.0,0,,0
U101399,2025-05-01,free,NA,Referral,Mid-Market,1,0,0.0,0,,0
U101400,2024-09-16,Starter,NA,Organic,Mid-Market,4,48,5.0,0,,1
U101401,2024-12-27,Business,NA,Organic,Enterprise,9,261,12.0,1,3.5,0
U101402,2024-06-27,starter,EMEA,Organic,SMB,5,60,12.0,1,5.0,0
U101403,2025-01-17,Business,NA,Organic,Enterprise,34,986,17.0,2,3.8,0
U101404,2024-05-07,Free,NA,Paid,SMB,1,0,5.0,0,,0
U101405,2025-05-06,Free,EMEA,Paid,SMB,1,0,0.0,1,3.6,1
U101406,2025-01-16,free,NA,Referral,SMB,1,0,,0,,0
U101407,2024-05-04,Business,NA,Paid,SMB,29,841,12.0,0,,0
U101408,2024-12-18,Free,NA,Organic,SMB,1,0,15.0,0,,0
U101409,2024-01-06,Enterprise,NA,Partner,SMB,126,6174,23.0,5,4.8,0
U101410,2024-08-07,Starter,LATAM,Organic,SMB,2,24,17.0,0,,0
U101411,2024-10-04,Free,NA,Partner,Enterprise,1,0,,0,,0
U101412,2024-06-06,Business,EMEA,Paid,SMB,16,464,13.0,2,4.1,0
U101413,2024-03-21,Starter,NA,Referral,SMB,4,48,17.0,1,4.0,0
U101414,2024-08-19,Starter,EMEA,Organic,SMB,5,60,18.0,0,,0
U101415,2025-03-12,Free,APAC,Organic,Enterprise,1,0,2.0,0,,0
U101416,2025-04-05,Business,,Paid,SMB,32,928,23.0,4,2.4,0
U101417,2024-06-14,Free,EMEA,Organic,SMB,1,0,15.0,0,,0
U101418,2025-02-11,Free,LATAM,Organic,Enterprise,1,0,10.0,1,2.7,0
U101419,2024-08-20,Free,NA,Paid,SMB,1,0,0.0,0,,0
U101420,2024-09-06,Free,APAC,Organic,Mid-Market,1,0,7.0,0,,1
U101421,2024-06-08,Business,NA,Paid,Mid-Market,31,899,26.0,2,4.4,0
U101422,2025-04-18,Free,NA,Partner,SMB,1,0,9.0,0,,0
U101423,2024-10-10,Business,NA,Organic,SMB,30,870,25.0,3,3.9,0
U101424,2024-12-03,Starter,NA,Referral,Enterprise,4,48,26.0,1,3.7,0
U101425,2025-04-01,Starter,APAC,Organic,SMB,7,84,13.0,2,3.9,0
U101426,2024-08-11,Free,NA,Referral,Mid-Market,1,0,12.0,0,,0
U101427,2024-12-16,Business,APAC,Partner,Mid-Market,7,203,8.0,2,3.6,1
U101428,2025-01-03,Business,APAC,Organic,SMB,18,522,20.0,2,2.9,0
U101429,2024-01-20,Enterprise,NA,Organic,SMB,41,2009,36.0,1,3.1,0
U101430,2024-03-27,Starter,NA,Organic,SMB,3,36,15.0,4,4.0,0
U101431,2024-04-08,Starter,LATAM,Organic,Mid-Market,4,48,0.0,3,3.9,0
U101432,2024-07-03,Free,APAC,Organic,SMB,1,0,16.0,0,,0
U101433,2024-08-21,Free,NA,Organic,Mid-Market,1,0,14.0,0,,0
U101434,2025-03-14,Business,EMEA,Organic,Enterprise,12,348,23.0,0,,0
U101435,2025-04-21,Business,NA,Organic,Mid-Market,35,1015,21.0,0,,0
U101436,2024-06-03,Free,NA,Referral,SMB,1,0,0.0,0,,0
U101437,2025-02-19,Business,EMEA,Organic,Enterprise,39,1131,14.0,0,,0
U101438,2024-11-04,Starter,EMEA,Referral,SMB,3,36,6.0,1,5.0,1
U101439,2025-01-13,Free,EMEA,Referral,Mid-Market,1,0,10.0,0,,0
U101440,2024-11-14,Starter,NA,Organic,Mid-Market,3,36,,0,,0
U101441,2024-07-12,Free,NA,Organic,Mid-Market,1,0,2.0,0,,0
U101442,2024-09-07,Business,NA,Organic,SMB,15,435,16.0,1,5.0,0
U101443,2024-12-21,Starter,NA,Paid,SMB,4,48,15.0,2,4.0,0
U101444,2025-04-07,Starter,NA,Partner,Mid-Market,2,24,7.0,0,,0
U101445,2025-03-26,Starter,NA,Partner,SMB,6,72,14.0,0,,0
U101446,2024-09-29,Starter,EMEA,Organic,SMB,7,84,13.0,2,3.4,0
U101447,2024-05-08,Starter,APAC,Organic,SMB,3,36,17.0,0,,0
U101448,2025-02-24,Starter,NA,Organic,SMB,7,84,19.0,1,2.6,0
U101449,2025-02-18,Starter,APAC,Referral,Mid-Market,7,84,15.0,1,4.4,0
U101450,2024-03-19,Starter,NA,Organic,SMB,5,60,7.0,1,3.8,0
U101451,2025-03-29,Starter,APAC,Paid,Enterprise,3,36,26.0,1,4.8,0
U101452,2025-06-03,Starter,NA,Referral,SMB,2,24,12.0,0,,0
U101453,2024-07-21,Free,APAC,Organic,Mid-Market,1,0,0.0,0,,1
U101454,2025-04-21,Business,,Paid,SMB,38,1102,23.0,3,3.5,0
U101455,2025-01-05,Free,NA,Paid,SMB,1,0,11.0,0,,0
U101456,2024-11-23,Starter,APAC,Organic,SMB,7,84,20.0,0,,0
U101457,2024-08-26,Free,EMEA,Organic,SMB,1,0,2.0,0,,0
U101458,2024-09-26,Free,APAC,Paid,SMB,1,0,1.0,0,,0
U101459,2024-05-11,Starter,APAC,Organic,SMB,7,84,18.0,1,3.1,0
U101460,2025-04-21,Starter,EMEA,Organic,SMB,3,36,29.0,3,3.9,0
U101461,2024-03-11,starter,NA,Paid,SMB,5,60,7.0,0,,0
U101462,2024-09-06,Business,,Referral,SMB,18,522,20.0,1,4.6,0
U101463,2024-06-18,Business,,Organic,SMB,6,174,19.0,1,3.3,0
U101464,2025-04-28,Free,APAC,Referral,Enterprise,1,0,6.0,0,,0
U101465,2024-08-24,Business,NA,Referral,Mid-Market,22,638,31.0,3,4.4,0
U101466,2024-03-15,Business,APAC,Referral,Mid-Market,10,290,22.0,0,,0
U101467,2025-01-08,Starter,NA,Organic,SMB,6,72,9.0,1,5.0,0
U101468,2024-04-12,Free,NA,Organic,Mid-Market,1,0,11.0,0,,0
U101469,2024-05-30,Free,EMEA,Organic,Mid-Market,1,0,11.0,0,,0
U101470,2024-08-06,Business,EMEA,Organic,Enterprise,12,348,20.0,2,3.6,0
U101471,2024-04-24,Enterprise,APAC,Partner,SMB,109,5341,28.0,6,4.2,0
U101472,2024-09-21,Free,EMEA,Organic,Mid-Market,1,0,3.0,1,4.5,0
U101473,2024-11-19,Enterprise,NA,Partner,SMB,175,8575,30.0,6,3.4,0
U101474,2025-06-05,Enterprise,EMEA,Referral,SMB,54,2646,15.0,1,4.1,0
U101475,2024-07-11,Starter,APAC,Paid,SMB,4,48,5.0,0,,0
U101476,2025-02-05,Free,APAC,Organic,Mid-Market,1,0,15.0,0,,0
U101477,2025-03-13,Free,APAC,Paid,SMB,1,0,4.0,2,3.9,1
U101478,2024-09-28,Business,APAC,Paid,Enterprise,36,1044,18.0,4,1.6,0
U101479,2025-02-12,Free,EMEA,Organic,SMB,1,0,2.0,0,,0
U101480,2024-12-22,Free,NA,Organic,SMB,1,0,14.0,1,3.4,0
U101481,2025-02-08,Starter,NA,Paid,SMB,6,72,4.0,0,,0
U101482,2025-04-23,Starter,NA,Partner,Enterprise,4,48,13.0,2,4.5,0
U101483,2025-04-17,Enterprise,EMEA,Referral,SMB,250,12250,28.0,2,4.3,0
U101484,2024-05-16,Free,EMEA,Organic,SMB,1,0,6.0,1,4.4,0
U101485,2024-11-29,Starter,APAC,Referral,Mid-Market,7,84,18.0,2,4.4,1
U101486,2024-05-14,Enterprise,LATAM,Referral,SMB,239,11711,25.0,4,2.2,1
U101487,2025-02-26,Free,LATAM,Organic,SMB,1,0,0.0,0,,0
U101488,2024-04-10,Free,APAC,Organic,SMB,1,0,18.0,0,,0
U101489,2025-01-21,Free,APAC,Partner,SMB,1,0,0.0,0,,0
U101490,2024-12-26,starter,EMEA,Organic,SMB,4,48,11.0,0,,0
U101491,2025-02-25,Starter,NA,Organic,SMB,7,84,13.0,1,4.3,0
U101492,2024-09-03,Free,EMEA,Organic,SMB,1,0,5.0,0,,0
U101493,2024-08-10,Business,EMEA,Paid,SMB,30,870,19.0,1,3.8,0
U101494,2025-05-23,Free,LATAM,Organic,Mid-Market,1,0,0.0,1,4.8,0
U101495,2024-07-28,Business,EMEA,Organic,Mid-Market,19,551,9.0,1,5.0,0
U101496,2025-01-15,Free,APAC,Paid,Mid-Market,1,0,5.0,0,,0
U101497,2024-12-18,Business,NA,Organic,SMB,5,145,20.0,2,3.5,0
U101498,2025-03-09,Free,NA,Organic,SMB,1,0,0.0,0,,1
U101499,2024-03-18,Business,APAC,Organic,SMB,15,435,16.0,0,,0
U101500,2025-04-29,Starter,LATAM,Organic,Mid-Market,3,36,3.0,0,,0
U101501,2024-10-26,Business,NA,Organic,SMB,24,696,12.0,2,3.6,1
U101502,2024-08-08,Free,NA,Organic,SMB,1,0,7.0,2,4.5,1
U101503,2024-04-11,Free,NA,Organic,SMB,1,0,0.0,0,,0
U101504,2024-02-28,Free,APAC,Paid,Mid-Market,1,0,,0,,1
U101505,2025-04-28,Business,,Organic,Mid-Market,12,348,25.0,4,1.4,0
U101506,2024-07-03,Starter,NA,Organic,SMB,7,84,19.0,0,,0
U101507,2024-09-07,Free,NA,Paid,Mid-Market,1,0,0.0,2,4.2,0
U101508,2024-06-09,Free,EMEA,Organic,Mid-Market,1,0,5.0,0,,0
U101509,2025-04-21,Enterprise,APAC,Paid,SMB,108,5292,26.0,1,4.7,0
U101510,2025-06-01,Free,NA,Organic,SMB,1,0,0.0,1,4.3,1
U101511,2024-07-26,Free,APAC,Paid,Enterprise,1,0,8.0,0,,0
U101512,2024-10-20,Business,NA,Partner,Enterprise,32,928,4.0,1,2.9,0
U101513,2025-01-04,Enterprise,,Organic,SMB,120,5880,28.0,1,4.1,0
U101514,2025-05-28,Free,APAC,Paid,SMB,1,0,7.0,0,,0
U101515,2024-03-26,Free,LATAM,Referral,Enterprise,1,0,0.0,0,,0
U101516,2024-04-10,Free,EMEA,Paid,SMB,1,0,5.0,1,5.0,1
U101517,2025-06-21,Enterprise,APAC,Organic,Enterprise,139,6811,30.0,2,3.8,0
U101518,2025-05-09,Business,NA,Referral,Mid-Market,22,638,18.0,0,,0
U101519,2024-08-02,Free,LATAM,Paid,SMB,1,0,17.0,0,,0
U101520,2024-12-08,Free,APAC,Paid,Mid-Market,1,0,14.0,1,2.9,0
U101521,2025-03-29,Business,APAC,Partner,SMB,24,696,25.0,5,2.4,1
U101522,2024-01-04,Enterprise,LATAM,Partner,SMB,37,1813,25.0,2,3.9,0
U101523,2024-02-17,Business,EMEA,Partner,Mid-Market,22,638,17.0,3,3.4,0
U101524,2024-12-17,Free,EMEA,Paid,Enterprise,1,0,9.0,0,,0
U101525,2025-03-31,Starter,APAC,Organic,SMB,2,24,6.0,0,,0
U101526,2024-02-04,Business,NA,Organic,Mid-Market,30,870,28.0,3,3.7,0
U101527,2025-05-01,Starter,APAC,Referral,SMB,5,60,14.0,2,4.5,0
U101528,2024-07-08,Free,APAC,Organic,SMB,1,0,11.0,0,,0
U101529,2024-10-01,Free,EMEA,Organic,SMB,1,0,9.0,0,,0
U101530,2025-05-14,Starter,APAC,Organic,SMB,4,48,12.0,0,,0
U101531,2025-05-21,Free,NA,Organic,SMB,1,0,10.0,0,,0
U101532,2024-03-28,Free,NA,Organic,Enterprise,1,0,8.0,0,,0
U101533,2024-08-25,Free,EMEA,Organic,SMB,1,0,14.0,0,,0
U101534,2025-04-05,Free,APAC,Organic,SMB,1,0,1.0,0,,0
U101535,2024-06-21,Free,NA,Organic,SMB,1,0,0.0,1,3.5,0
U101536,2024-05-09,Enterprise,LATAM,Referral,SMB,270,13230,24.0,2,4.6,0
U101537,2024-07-27,Free,NA,Referral,Enterprise,1,0,17.0,0,,0
U101538,2024-01-06,Free,EMEA,Referral,Mid-Market,1,0,11.0,1,4.2,0
U101539,2025-03-02,Free,NA,Referral,SMB,1,0,11.0,0,,0
U101540,2025-05-15,Starter,NA,Organic,Enterprise,3,36,16.0,1,4.5,0
U101541,2024-08-28,Enterprise,EMEA,Paid,SMB,124,6076,22.0,3,3.1,0
U101542,2024-09-17,Enterprise,APAC,Organic,Mid-Market,50,2450,17.0,4,3.2,0
U101543,2025-03-25,Business,,Referral,Mid-Market,10,290,17.0,3,2.5,0
U101544,2024-02-01,Starter,APAC,Partner,SMB,7,84,9.0,0,,1
U101545,2024-07-19,Starter,NA,Paid,SMB,6,72,,1,3.7,0
U101546,2024-04-09,Starter,EMEA,Paid,SMB,2,24,7.0,0,,0
U101547,2024-04-14,Free,EMEA,Organic,SMB,1,0,7.0,0,,0
U101548,2024-11-11,Free,NA,Organic,Mid-Market,1,0,6.0,0,,0
U101549,2025-04-14,Starter,LATAM,Organic,SMB,4,48,6.0,0,,0
U101550,2025-04-13,Starter,EMEA,Paid,SMB,4,48,13.0,0,,0
U101551,2025-04-01,Free,EMEA,Partner,SMB,1,0,3.0,0,,1
U101552,2024-01-24,Free,APAC,Organic,Mid-Market,1,0,13.0,0,,0
U101553,2024-06-30,Starter,LATAM,Organic,SMB,4,48,8.0,1,3.9,0
U101554,2024-02-27,Free,APAC,Partner,SMB,1,0,0.0,0,,1
U101555,2024-01-29,Business,EMEA,Organic,SMB,20,580,16.0,2,3.1,0
U101556,2024-07-20,Starter,EMEA,Referral,Mid-Market,7,84,1.0,2,4.2,1
U101557,2024-08-13,Free,EMEA,Paid,SMB,1,0,6.0,0,,0
U101558,2024-07-19,Free,NA,Referral,SMB,1,0,0.0,0,,0
U101559,2024-12-02,Free,EMEA,Organic,SMB,1,0,9.0,0,,0
U101560,2024-11-26,Free,EMEA,Organic,SMB,1,0,8.0,0,,0
U101561,2024-02-08,Starter,EMEA,Organic,Mid-Market,5,60,11.0,1,3.9,0
U101562,2024-10-19,Free,APAC,Partner,SMB,1,0,10.0,1,3.3,0
U101563,2024-06-24,Enterprise,EMEA,Referral,SMB,116,5684,31.0,1,4.2,0
U101564,2025-02-22,Business,APAC,Organic,SMB,5,145,21.0,2,3.2,0
U101565,2024-01-05,Business,LATAM,Paid,Mid-Market,12,348,15.0,2,4.8,0
U101566,2025-01-15,Free,NA,Organic,SMB,1,0,16.0,0,,1
U101567,2025-05-26,Business,APAC,Organic,Mid-Market,39,1131,27.0,1,2.9,0
U101568,2024-02-23,Free,APAC,Organic,Mid-Market,1,0,0.0,0,,0
U101569,2025-02-27,Starter,,Paid,SMB,2,24,9.0,0,,0
U101570,2025-05-02,free,NA,Paid,Mid-Market,1,0,8.0,1,4.0,0
U101571,2024-05-08,Starter,APAC,Organic,Mid-Market,6,72,15.0,2,3.4,0
U101572,2024-05-30,Free,EMEA,Organic,SMB,1,0,9.0,0,,0
U101573,2024-10-08,Free,,Partner,SMB,1,0,8.0,0,,0
U101574,2024-06-22,Business,EMEA,Referral,Mid-Market,5,145,19.0,3,3.2,0
U101575,2025-04-28,Free,APAC,Organic,Enterprise,1,0,12.0,1,4.1,0
U101576,2024-08-27,Free,APAC,Organic,SMB,1,0,0.0,0,,1
U101577,2024-03-14,Free,NA,Referral,Mid-Market,1,0,11.0,0,,0
U101578,2024-06-25,Starter,EMEA,Organic,SMB,2,24,11.0,1,4.3,1
U101579,2025-03-14,Starter,NA,Referral,SMB,3,36,11.0,1,4.0,0
U101580,2024-10-05,Business,NA,Referral,SMB,31,899,16.0,3,3.6,0
U101581,2025-02-21,Business,EMEA,Organic,Mid-Market,25,725,19.0,3,3.0,0
U101582,2025-02-28,Free,EMEA,Paid,SMB,1,0,1.0,0,,0
U101583,2025-01-28,Free,EMEA,Paid,SMB,1,0,37.0,1,4.8,0
U101584,2024-03-11,Business,APAC,Paid,SMB,34,986,9.0,3,3.7,0
U101585,2025-01-10,Enterprise,LATAM,Paid,Mid-Market,49,2401,21.0,2,3.6,1
U101586,2024-02-04,Free,NA,Organic,Mid-Market,1,0,12.0,0,,0
U101587,2024-12-18,Starter,LATAM,Organic,SMB,7,84,18.0,0,,0
U101588,2024-09-04,Starter,NA,Organic,Mid-Market,7,84,4.0,0,,0
U101589,2024-09-02,Business,EMEA,Referral,Enterprise,6,174,13.0,1,3.9,0
U101590,2024-04-09,Enterprise,EMEA,Partner,Enterprise,82,4018,31.0,0,,0
U101591,2024-11-24,Starter,EMEA,Organic,Mid-Market,5,60,7.0,1,3.3,0
U101592,2025-04-13,Free,APAC,Paid,SMB,1,0,5.0,0,,0
U101593,2025-03-25,Free,APAC,Organic,Mid-Market,1,0,14.0,0,,0
U101594,2024-05-03,Free,EMEA,Partner,Mid-Market,1,0,9.0,0,,1
U101595,2024-03-04,Business,APAC,Organic,SMB,37,1073,10.0,1,4.6,0
U101596,2024-07-27,Business,NA,Referral,SMB,26,754,20.0,3,4.3,0
U101597,2024-02-04,Free,EMEA,Organic,SMB,1,0,1.0,0,,0
U101598,2025-03-31,Free,NA,Partner,Mid-Market,1,0,12.0,1,4.5,0
U101599,2025-03-15,Starter,LATAM,Organic,SMB,6,72,18.0,0,,0
U101600,2024-06-07,Starter,NA,Paid,Mid-Market,4,48,10.0,0,,0
U101601,2025-05-27,Free,NA,Referral,Mid-Market,1,0,12.0,0,,0
U101602,2025-04-30,Free,NA,Organic,Mid-Market,1,0,14.0,0,,0
U101603,2024-07-07,Business,NA,Paid,Enterprise,14,406,24.0,0,,0
U101604,2024-11-03,Free,NA,Partner,SMB,1,0,10.0,1,4.3,0
U101605,2024-08-16,Free,LATAM,Organic,SMB,1,0,6.0,0,,0
U101606,2024-03-01,Free,APAC,Organic,SMB,1,0,11.0,0,,0
U101607,2024-11-01,Free,NA,Organic,Mid-Market,1,0,10.0,0,,0
U101608,2024-03-04,Free,APAC,Paid,Mid-Market,1,0,3.0,0,,0
U101609,2025-05-11,Starter,APAC,Organic,SMB,6,72,5.0,3,4.2,0
U101610,2025-03-12,Starter,EMEA,Partner,SMB,5,60,8.0,2,2.3,0
U101611,2025-03-26,Free,NA,Organic,SMB,1,0,1.0,0,,0
U101612,2025-05-12,Business,LATAM,Paid,Mid-Market,26,754,21.0,1,3.4,0
U101613,2024-07-13,Free,LATAM,Organic,SMB,1,0,6.0,0,,1
U101614,2024-04-18,Free,EMEA,Referral,SMB,1,0,5.0,1,5.0,0
U101615,2025-02-09,Business,NA,Partner,SMB,25,725,19.0,0,,0
U101616,2024-06-05,Free,EMEA,Organic,SMB,1,0,9.0,0,,0
U101617,2024-05-15,Free,EMEA,Partner,Mid-Market,1,0,0.0,1,4.1,0
U101618,2025-03-18,Free,LATAM,Partner,Enterprise,1,0,0.0,0,,0
U101619,2024-02-08,Free,NA,Paid,Mid-Market,1,0,3.0,0,,0
U101620,2025-03-01,Free,LATAM,Partner,SMB,1,0,15.0,0,,0
U101621,2024-02-24,Free,NA,Organic,SMB,1,0,2.0,0,,0
U101622,2024-07-14,Free,APAC,Organic,SMB,1,0,10.0,0,,0
U101623,2025-03-21,Free,NA,Organic,SMB,1,0,13.0,1,4.1,0
U101624,2025-01-03,Free,NA,Organic,SMB,1,0,13.0,0,,0
U101625,2025-01-07,Free,APAC,Organic,SMB,1,0,12.0,0,,0
U101626,2024-03-05,Free,LATAM,Organic,SMB,1,0,6.0,0,,0
U101627,2024-01-16,Enterprise,LATAM,Partner,Enterprise,258,12642,18.0,4,3.9,0
U101628,2024-07-08,Free,NA,Organic,Mid-Market,1,0,12.0,0,,0
U101629,2024-04-22,Starter,APAC,Organic,SMB,3,36,24.0,1,4.1,0
U101630,2024-12-02,Free,NA,Organic,SMB,1,0,13.0,0,,0
U101631,2024-08-06,Free,NA,Organic,SMB,1,0,0.0,1,4.2,0
U101632,2025-05-26,Business,LATAM,Paid,SMB,28,812,26.0,1,4.4,0
U101633,2025-02-12,Enterprise,APAC,Organic,SMB,98,4802,30.0,1,2.2,0
U101634,2024-08-06,Business,EMEA,Referral,SMB,12,348,22.0,2,4.4,0
U101635,2024-09-29,Starter,EMEA,Organic,SMB,4,48,16.0,2,3.8,0
U101636,2025-06-14,Free,NA,Organic,SMB,1,0,6.0,0,,0
U101637,2025-05-07,Business,EMEA,Organic,SMB,31,899,31.0,1,3.5,0
U101638,2024-03-19,Free,EMEA,Organic,Mid-Market,1,0,8.0,0,,0
U101639,2025-04-27,Free,NA,Referral,Mid-Market,1,0,8.0,0,,0
U101640,2024-11-28,Free,APAC,Referral,Enterprise,1,0,3.0,0,,0
U101641,2024-01-02,Free,EMEA,Organic,Enterprise,1,0,20.0,0,,0
U101642,2024-03-15,Starter,EMEA,Organic,SMB,3,36,1.0,1,4.6,0
U101643,2025-06-20,Business,EMEA,Partner,Mid-Market,19,551,8.0,2,3.7,1
U101644,2025-06-22,Enterprise,LATAM,Referral,SMB,100,4900,30.0,1,4.0,0
U101645,2024-10-05,Starter,APAC,Paid,SMB,4,48,19.0,0,,0
U101646,2025-04-20,Business,APAC,Paid,Mid-Market,7,203,18.0,5,2.4,0
U101647,2024-01-22,Business,NA,Referral,SMB,28,812,18.0,1,4.3,1
U101648,2024-04-29,Starter,APAC,Organic,SMB,6,72,18.0,0,,0
U101649,2025-01-18,Enterprise,,Organic,SMB,224,10976,34.0,3,4.2,0
U101650,2025-04-24,Free,NA,Organic,SMB,1,0,4.0,0,,1
U101651,2024-02-26,Free,NA,Organic,Mid-Market,1,0,14.0,0,,0
U101652,2024-04-08,Free,NA,Partner,Enterprise,1,0,11.0,1,3.4,0
U101653,2025-04-06,Free,LATAM,Paid,Enterprise,1,0,0.0,0,,0
U101654,2025-06-06,Starter,NA,Partner,SMB,4,48,7.0,2,3.4,0
U101655,2025-05-08,Free,APAC,Paid,Mid-Market,1,0,0.0,1,4.0,0
U101656,2024-08-19,Business,EMEA,Referral,SMB,24,696,22.0,2,3.3,0
U101657,2024-06-11,Starter,EMEA,Organic,Enterprise,4,48,,1,3.8,0
U101658,2024-05-19,Starter,NA,Referral,SMB,2,24,3.0,1,4.2,0
U101659,2024-11-08,Enterprise,LATAM,Referral,Mid-Market,288,14112,26.0,2,3.7,0
U101660,2024-10-24,Enterprise,EMEA,Referral,SMB,105,5145,35.0,3,2.7,0
U101661,2024-03-12,Free,NA,Organic,SMB,1,0,5.0,1,3.7,0
U101662,2025-05-14,Free,NA,Partner,Mid-Market,1,0,2.0,0,,0
U101663,2024-01-06,Business,NA,Organic,Mid-Market,7,203,16.0,1,4.3,0
U101664,2024-03-28,Starter,LATAM,Organic,Mid-Market,2,24,28.0,0,,0
U101665,2024-06-01,Starter,EMEA,Organic,SMB,6,72,21.0,0,,0
U101666,2025-05-27,Free,EMEA,Paid,Mid-Market,1,0,1.0,0,,1
U101667,2025-02-26,Free,NA,Paid,Mid-Market,1,0,8.0,0,,0
U101668,2024-04-30,starter,EMEA,Paid,Enterprise,2,24,15.0,1,3.8,0
U101669,2024-04-26,Business,EMEA,Partner,SMB,10,290,6.0,1,3.0,0
U101670,2024-03-24,Business,NA,Organic,SMB,22,638,14.0,2,5.0,0
U101671,2025-03-12,Free,APAC,Referral,Mid-Market,1,0,0.0,1,4.3,1
U101672,2025-01-24,Free,NA,Organic,SMB,1,0,,0,,0
U101673,2025-06-15,Business,APAC,Organic,Mid-Market,28,812,19.0,1,3.2,0
U101674,2024-08-24,Free,APAC,Referral,Mid-Market,1,0,0.0,1,3.0,1
U101675,2024-07-09,Starter,LATAM,Partner,SMB,3,36,2.0,0,,0
U101676,2024-05-28,Starter,LATAM,Organic,SMB,7,84,15.0,1,4.2,0
U101677,2024-09-26,Free,EMEA,Paid,Mid-Market,1,0,9.0,0,,0
U101678,2024-05-29,Starter,EMEA,Referral,SMB,7,84,12.0,1,3.9,0
U101679,2024-04-12,Business,NA,Organic,SMB,19,551,23.0,1,4.5,0
U101680,2024-03-05,Free,LATAM,Referral,SMB,1,0,15.0,0,,0
U101681,2025-02-14,Free,NA,Organic,SMB,1,0,10.0,2,3.0,0
U101682,2024-05-05,Starter,EMEA,Paid,Mid-Market,2,24,10.0,0,,0
U101683,2024-10-25,Starter,NA,Paid,Mid-Market,7,84,18.0,1,3.4,0
U101684,2024-03-21,Starter,EMEA,Organic,Mid-Market,5,60,11.0,0,,0
U101685,2025-02-21,Starter,NA,Paid,Mid-Market,2,24,1.0,1,4.6,0
U101686,2024-04-01,Business,NA,Paid,SMB,34,986,,1,4.4,0
U101687,2024-03-23,Starter,NA,Referral,Mid-Market,5,60,16.0,1,4.5,0
U101688,2025-05-19,Free,LATAM,Organic,Mid-Market,1,0,10.0,0,,0
U101689,2024-03-06,Starter,APAC,Organic,SMB,5,60,7.0,1,3.7,0
U101690,2025-04-20,Starter,NA,Organic,SMB,5,60,13.0,0,,0
U101691,2024-10-06,Starter,NA,Partner,SMB,7,84,4.0,1,4.4,0
U101692,2024-12-23,Starter,APAC,Paid,Mid-Market,5,60,7.0,0,,0
U101693,2025-01-28,Free,NA,Organic,Mid-Market,1,0,0.0,0,,0
U101694,2024-08-30,Free,NA,Paid,Enterprise,1,0,0.0,1,4.7,0
U101695,2025-05-29,Starter,EMEA,Organic,Enterprise,3,36,20.0,0,,0
U101696,2024-01-02,Business,NA,Referral,Mid-Market,17,493,17.0,2,4.3,0
U101697,2024-03-16,Free,APAC,Organic,Enterprise,1,0,7.0,1,3.6,0
U101698,2024-08-01,Free,NA,Partner,SMB,1,0,15.0,0,,0
U101699,2025-04-09,Free,LATAM,Referral,Mid-Market,1,0,4.0,0,,0
U101700,2024-11-03,Free,EMEA,Organic,SMB,1,0,1.0,0,,1
U101701,2024-03-15,Starter,EMEA,Organic,SMB,7,84,17.0,1,3.7,0
U101702,2024-08-20,Starter,NA,Partner,Mid-Market,3,36,30.0,0,,0
U101703,2024-12-16,Starter,NA,Paid,SMB,5,60,16.0,0,,1
U101704,2025-03-28,Starter,APAC,Organic,SMB,6,72,18.0,2,3.4,0
U101705,2024-04-14,Business,EMEA,Paid,SMB,35,1015,19.0,4,2.7,0
U101706,2024-09-25,Free,LATAM,Referral,SMB,1,0,9.0,0,,0
U101707,2024-04-28,Business,NA,Organic,SMB,31,899,13.0,1,3.8,0
U101708,2025-05-23,Starter,NA,Organic,SMB,5,60,19.0,0,,0
U101709,2025-02-22,Free,APAC,Referral,Mid-Market,1,0,3.0,0,,0
U101710,2024-12-17,Free,LATAM,Paid,SMB,1,0,12.0,0,,0
U101711,2024-01-30,Enterprise,LATAM,Organic,Mid-Market,112,5488,26.0,5,3.1,0
U101712,2024-09-23,Free,EMEA,Paid,SMB,1,0,0.0,0,,0
U101713,2025-05-06,Starter,NA,Referral,Enterprise,4,48,0.0,1,3.8,1
U101714,2024-01-15,Free,NA,Paid,SMB,1,0,4.0,0,,0
U101715,2025-02-09,Free,NA,Organic,Mid-Market,1,0,2.0,1,4.9,0
U101716,2025-06-12,Enterprise,APAC,Organic,SMB,221,10829,14.0,1,4.2,0
U101717,2024-04-08,Free,NA,Partner,Enterprise,1,0,8.0,0,,0
U101718,2025-01-16,Free,EMEA,Organic,SMB,1,0,1.0,0,,0
U101719,2024-09-08,Business,NA,Organic,SMB,10,290,31.0,0,,0
U101720,2024-06-28,Free,EMEA,Paid,SMB,1,0,2.0,0,,0
U101721,2024-10-09,Starter,APAC,Organic,SMB,3,36,12.0,3,2.0,0
U101722,2025-03-23,Starter,NA,Referral,Mid-Market,4,48,11.0,1,3.1,1
U101723,2025-02-04,Business,NA,Paid,SMB,27,783,26.0,4,2.8,1
U101724,2024-11-18,Starter,EMEA,Organic,SMB,2,24,13.0,1,4.7,0
U101725,2024-12-04,Free,EMEA,Paid,Mid-Market,1,0,6.0,0,,0
U101726,2025-04-08,Starter,APAC,Organic,SMB,2,24,17.0,0,,0
U101727,2024-12-18,Free,NA,Organic,Mid-Market,1,0,3.0,0,,0
U101728,2024-08-25,Starter,LATAM,Referral,SMB,2,24,15.0,0,,1
U101729,2025-05-02,Starter,NA,Paid,Enterprise,2,24,11.0,0,,0
U101730,2024-02-18,Starter,APAC,Organic,Mid-Market,6,72,28.0,1,4.8,0
U101731,2024-11-25,Business,,Organic,Enterprise,29,841,19.0,1,3.6,0
U101732,2025-06-05,Starter,APAC,Partner,Mid-Market,3,36,12.0,0,,0
U101733,2024-03-14,Free,EMEA,Paid,Mid-Market,1,0,7.0,0,,0
U101734,2025-01-14,Starter,NA,Organic,SMB,3,36,19.0,0,,0
U101735,2024-01-04,Starter,APAC,Paid,SMB,5,60,19.0,3,4.6,1
U101736,2025-03-06,Free,LATAM,Organic,Mid-Market,1,0,0.0,0,,1
U101737,2024-10-07,Starter,APAC,Partner,SMB,5,60,14.0,1,4.3,0
U101738,2024-11-11,Starter,EMEA,Paid,SMB,6,72,12.0,2,2.9,0
U101739,2025-05-12,Free,EMEA,Organic,SMB,1,0,12.0,2,3.5,0
U101740,2025-04-09,Free,NA,Referral,SMB,1,0,11.0,0,,0
U101741,2024-06-24,Free,EMEA,Organic,Enterprise,1,0,3.0,1,4.3,1
U101742,2024-11-15,Starter,APAC,Organic,SMB,6,72,21.0,0,,0
U101743,2024-02-04,Starter,EMEA,Organic,SMB,7,84,11.0,3,4.3,0
U101744,2025-02-24,Business,NA,Organic,Enterprise,18,522,18.0,1,3.6,0
U101745,2024-04-23,Free,EMEA,Partner,SMB,1,0,5.0,0,,0
U101746,2025-02-22,Starter,EMEA,Paid,Enterprise,2,24,15.0,1,3.6,0
U101747,2024-03-09,Starter,EMEA,Organic,Enterprise,3,36,25.0,1,4.6,0
U101748,2024-07-02,Free,APAC,Organic,Enterprise,1,0,14.0,1,4.7,0
U101749,2025-01-08,Free,NA,Organic,SMB,1,0,5.0,0,,0
U101750,2024-06-06,Free,NA,Organic,Mid-Market,1,0,10.0,0,,0
U101751,2024-06-18,Free,APAC,Referral,Enterprise,1,0,0.0,1,4.3,0
U101752,2024-07-08,Business,APAC,Organic,SMB,19,551,16.0,0,,0
U101753,2024-03-20,Starter,APAC,Partner,Mid-Market,3,36,15.0,1,4.5,0
U101754,2025-03-19,Business,NA,Partner,SMB,29,841,13.0,3,3.7,1
U101755,2025-01-13,Starter,EMEA,Referral,SMB,2,24,18.0,2,4.1,0
U101756,2025-01-02,Free,EMEA,Organic,Enterprise,1,0,9.0,1,4.7,1
U101757,2025-03-30,Starter,NA,Organic,SMB,6,72,10.0,1,4.7,0
U101758,2024-07-24,Free,APAC,Organic,Enterprise,1,0,6.0,1,3.4,0
U101759,2024-08-22,Starter,NA,Organic,Enterprise,3,36,28.0,1,4.9,0
U101760,2025-03-22,Free,EMEA,Referral,Enterprise,1,0,0.0,0,,0
U101761,2024-05-20,Free,NA,Organic,SMB,1,0,0.0,2,3.3,1
U101762,2025-06-17,Free,EMEA,Referral,Enterprise,1,0,4.0,0,,1
U101763,2025-04-22,Starter,NA,Partner,SMB,7,84,0.0,0,,0
U101764,2024-04-25,Free,EMEA,Organic,Enterprise,1,0,0.0,0,,1
U101765,2024-09-24,Free,APAC,Organic,Enterprise,1,0,0.0,0,,1
U101766,2024-12-17,Starter,NA,Paid,Mid-Market,2,24,15.0,1,4.8,0
U101767,2024-10-05,Free,LATAM,Paid,SMB,1,0,19.0,0,,0
U101768,2024-06-14,Starter,EMEA,Organic,SMB,2,24,15.0,1,4.8,0
U101769,2025-05-03,Free,NA,Paid,Enterprise,1,0,13.0,1,3.9,0
U101770,2025-05-21,Starter,LATAM,Paid,Mid-Market,6,72,13.0,1,4.3,0
U101771,2025-04-12,Starter,APAC,Organic,SMB,4,48,7.0,1,5.0,0
U101772,2024-12-16,Enterprise,APAC,Referral,Enterprise,264,12936,22.0,5,4.6,1
U101773,2024-05-13,Business,NA,Paid,Mid-Market,11,319,5.0,4,3.1,0
U101774,2024-04-30,Business,EMEA,Organic,SMB,31,899,28.0,2,4.7,0
U101775,2025-05-23,Starter,EMEA,Paid,SMB,6,72,11.0,1,4.5,0
U101776,2025-04-26,Enterprise,EMEA,Paid,SMB,230,11270,35.0,1,4.2,0
U101777,2024-08-23,Starter,APAC,Paid,Enterprise,6,72,13.0,0,,0
U101778,2024-10-19,Starter,NA,Organic,SMB,6,72,8.0,2,5.0,0
U101779,2024-06-25,Free,NA,Partner,SMB,1,0,10.0,0,,1
U101780,2025-05-03,Business,APAC,Paid,SMB,14,406,22.0,6,2.0,1
U101781,2024-09-29,Free,APAC,Organic,Mid-Market,1,0,3.0,0,,0
U101782,2024-12-12,Free,EMEA,Organic,Mid-Market,1,0,4.0,0,,0
U101783,2025-02-06,Free,NA,Organic,SMB,1,0,0.0,0,,0
U101784,2024-10-06,Business,APAC,Organic,SMB,9,261,33.0,8,2.1,1
U101785,2024-08-06,Starter,NA,Organic,Mid-Market,6,72,2.0,1,4.1,0
U101786,2024-04-16,Free,EMEA,Referral,Enterprise,1,0,12.0,1,4.7,0
U101787,2024-02-10,Starter,APAC,Partner,Mid-Market,4,48,12.0,0,,0
U101788,2024-04-29,Starter,LATAM,Partner,SMB,2,24,12.0,1,3.6,0
U101789,2024-07-01,Starter,APAC,Organic,SMB,3,36,13.0,0,,0
U101790,2024-01-15,Starter,NA,Organic,Mid-Market,6,72,5.0,1,3.9,0
U101791,2024-08-03,Free,APAC,Partner,Mid-Market,1,0,9.0,1,5.0,1
U101792,2025-05-10,Business,APAC,Partner,SMB,5,145,25.0,4,2.3,0
U101793,2024-08-29,Business,APAC,Organic,SMB,9,261,26.0,1,4.5,0
U101794,2025-02-27,Starter,EMEA,Organic,Mid-Market,7,84,15.0,1,4.2,1
U101795,2025-01-05,Business,EMEA,Paid,SMB,32,928,29.0,0,,0
U101796,2024-09-12,Starter,EMEA,Organic,SMB,5,60,19.0,1,5.0,0
U101797,2024-12-01,Business,NA,Paid,Mid-Market,18,522,21.0,0,,0
U101798,2024-12-24,Free,LATAM,Referral,Mid-Market,1,0,2.0,1,5.0,0
U101799,2024-01-17,Free,EMEA,Organic,Mid-Market,1,0,9.0,0,,0
U101800,2024-04-01,Free,NA,Organic,SMB,1,0,4.0,0,,0
U101801,2025-01-10,Starter,EMEA,Organic,Mid-Market,6,72,6.0,1,3.6,0
U101802,2025-01-27,Starter,APAC,Organic,Mid-Market,3,36,15.0,1,3.6,1
U101803,2024-12-22,Business,LATAM,Organic,Mid-Market,36,1044,22.0,0,,0
U101804,2024-07-01,Business,EMEA,Paid,Mid-Market,37,1073,25.0,1,4.5,0
U101805,2024-06-21,Free,NA,Organic,Mid-Market,1,0,12.0,0,,0
U101806,2024-03-05,Free,NA,Paid,SMB,1,0,7.0,0,,0
U101807,2024-06-30,Business,NA,Paid,Mid-Market,15,435,,0,,0
U101808,2024-06-22,Enterprise,EMEA,Referral,SMB,198,9702,19.0,1,5.0,0
U101809,2025-06-12,Business,,Paid,Mid-Market,33,957,24.0,0,,0
U101810,2025-03-06,Free,NA,Organic,Mid-Market,1,0,3.0,0,,0
U101811,2025-04-11,Business,NA,Paid,SMB,23,667,14.0,0,,0
U101812,2025-05-15,Free,LATAM,Partner,SMB,1,0,11.0,0,,0
U101813,2024-12-17,Starter,NA,Organic,SMB,4,48,9.0,1,3.6,1
U101814,2024-03-20,Free,NA,Referral,Mid-Market,1,0,0.0,1,4.2,0
U101815,2024-06-23,Starter,EMEA,Organic,Enterprise,6,72,22.0,1,4.3,0
U101816,2024-04-27,Free,EMEA,Paid,SMB,1,0,12.0,0,,1
U101817,2025-04-20,Free,EMEA,Organic,SMB,1,0,24.0,1,4.3,0
U101818,2025-03-02,Enterprise,NA,Paid,SMB,255,12495,38.0,0,,0
U101819,2025-05-01,Free,NA,Organic,Mid-Market,1,0,6.0,0,,0
U101820,2024-03-23,Free,EMEA,Referral,Mid-Market,1,0,9.0,2,3.8,0
U101821,2024-12-16,Starter,EMEA,Referral,SMB,3,36,9.0,0,,0
U101822,2025-04-28,Business,NA,Organic,SMB,24,696,18.0,3,4.5,0
U101823,2025-04-14,Starter,NA,Organic,Enterprise,5,60,14.0,1,4.2,0
U101824,2024-09-16,Free,NA,Partner,SMB,1,0,14.0,1,4.4,0
U101825,2025-02-21,Free,APAC,Referral,Mid-Market,1,0,0.0,0,,0
U101826,2024-11-18,Free,NA,Organic,SMB,1,0,5.0,0,,1
U101827,2024-05-26,Free,NA,Organic,SMB,1,0,0.0,0,,0
U101828,2025-05-19,Free,APAC,Paid,SMB,1,0,2.0,0,,0
U101829,2024-09-26,Free,EMEA,Organic,SMB,1,0,1.0,0,,1
U101830,2024-04-30,Enterprise,EMEA,Organic,SMB,80,3920,9.0,3,3.8,0
U101831,2025-03-04,Starter,EMEA,Paid,Enterprise,5,60,20.0,0,,0
U101832,2024-02-22,Business,EMEA,Organic,Mid-Market,5,145,19.0,2,4.4,0
U101833,2024-03-04,Free,NA,Paid,Mid-Market,1,0,0.0,1,4.6,1
U101834,2024-11-15,Starter,NA,Organic,Enterprise,3,36,8.0,0,,0
U101835,2025-05-27,Free,APAC,Organic,SMB,1,0,0.0,0,,0
U101836,2024-06-22,Enterprise,EMEA,Organic,Enterprise,204,9996,19.0,0,,0
U101837,2024-02-23,Free,NA,Partner,Mid-Market,1,0,0.0,0,,0
U101838,2024-03-10,Free,APAC,Paid,Mid-Market,1,0,18.0,0,,0
U101839,2025-06-07,Enterprise,EMEA,Referral,SMB,184,9016,27.0,2,4.2,0
U101840,2024-06-19,Starter,NA,Paid,SMB,3,36,16.0,0,,1
U101841,2024-01-12,Starter,NA,Partner,SMB,6,72,23.0,0,,0
U101842,2024-11-11,Free,APAC,Paid,Enterprise,1,0,0.0,1,4.1,0
U101843,2025-03-28,Business,NA,Organic,SMB,10,290,41.0,2,4.7,0
U101844,2025-03-06,Free,EMEA,Organic,SMB,1,0,11.0,1,4.5,0
U101845,2024-08-12,Free,EMEA,Referral,Mid-Market,1,0,5.0,1,4.0,0
U101846,2024-02-04,Free,EMEA,Organic,SMB,1,0,6.0,0,,0
U101847,2024-08-07,Business,,Organic,Enterprise,39,1131,20.0,2,4.5,0
U101848,2024-05-14,Free,NA,Organic,SMB,1,0,10.0,0,,0
U101849,2024-12-11,Business,EMEA,Organic,Mid-Market,7,203,32.0,2,5.0,0
U101850,2024-07-11,Starter,EMEA,Referral,Mid-Market,7,84,18.0,1,3.5,0
U101851,2025-02-27,Enterprise,APAC,Referral,SMB,217,10633,11.0,0,,0
U101852,2024-09-26,Free,NA,Paid,SMB,1,0,12.0,0,,0
U101853,2025-05-15,Free,NA,Organic,SMB,1,0,7.0,0,,0
U101854,2024-05-06,Enterprise,NA,Paid,Mid-Market,288,14112,25.0,6,2.6,0
U101855,2024-04-22,Starter,EMEA,Organic,SMB,4,48,11.0,0,,0
U101856,2024-07-04,Starter,LATAM,Organic,Mid-Market,3,36,13.0,2,4.3,0
U101857,2024-12-13,Starter,NA,Partner,Mid-Market,4,48,19.0,1,4.1,0
U101858,2025-01-11,Free,NA,Paid,Mid-Market,1,0,9.0,0,,0
U101859,2025-04-14,Free,EMEA,Partner,Mid-Market,1,0,0.0,0,,0
U101860,2024-02-29,Starter,LATAM,Organic,SMB,4,48,9.0,0,,0
U101861,2025-01-02,Starter,LATAM,Organic,Mid-Market,5,60,,2,2.9,0
U101862,2024-04-13,Free,EMEA,Organic,SMB,1,0,7.0,0,,0
U101863,2024-06-03,Business,NA,Organic,SMB,34,986,28.0,1,3.8,1
U101864,2025-02-10,Enterprise,EMEA,Referral,SMB,206,10094,36.0,4,3.7,0
U101865,2025-04-16,Free,LATAM,Partner,SMB,1,0,5.0,0,,0
U101866,2024-07-19,Free,EMEA,Partner,Mid-Market,1,0,1.0,1,4.4,0
U101867,2024-05-31,Business,LATAM,Organic,Enterprise,12,348,18.0,3,3.4,0
U101868,2024-06-12,Free,EMEA,Organic,SMB,1,0,10.0,0,,1
U101869,2024-07-14,Free,APAC,Organic,SMB,1,0,14.0,0,,0
U101870,2024-06-12,Free,NA,Organic,SMB,1,0,3.0,1,3.6,0
U101871,2024-03-17,Free,NA,Organic,SMB,1,0,6.0,0,,0
U101872,2025-01-05,Business,NA,Referral,SMB,16,464,30.0,1,3.4,0
U101873,2024-09-03,Starter,EMEA,Organic,Mid-Market,6,72,9.0,0,,0
U101874,2024-03-29,Free,EMEA,Paid,SMB,1,0,19.0,1,3.1,0
U101875,2024-11-17,Free,APAC,Paid,SMB,1,0,0.0,0,,0
U101876,2025-02-11,Free,LATAM,Organic,SMB,1,0,9.0,1,4.4,0
U101877,2025-02-22,Starter,APAC,Partner,SMB,2,24,18.0,0,,0
U101878,2025-03-19,Free,LATAM,Organic,Mid-Market,1,0,0.0,0,,0
U101879,2025-03-25,Free,EMEA,Organic,SMB,1,0,2.0,0,,0
U101880,2024-12-13,Free,APAC,Organic,SMB,1,0,1.0,0,,0
U101881,2025-03-03,Free,APAC,Paid,SMB,1,0,16.0,0,,0
U101882,2024-03-28,Business,NA,Organic,Mid-Market,33,957,26.0,1,5.0,0
U101883,2024-12-20,Starter,LATAM,Paid,Enterprise,2,24,3.0,0,,0
U101884,2024-10-07,Starter,APAC,Partner,Mid-Market,2,24,15.0,1,3.2,0
U101885,2025-01-30,Free,NA,Referral,SMB,1,0,4.0,0,,0
U101886,2024-01-22,Free,EMEA,Organic,SMB,1,0,2.0,0,,1
U101887,2024-01-20,Business,EMEA,Referral,Mid-Market,36,1044,6.0,2,3.8,1
U101888,2024-12-20,Starter,EMEA,Organic,SMB,3,36,6.0,2,4.5,0
U101889,2024-05-28,Business,NA,Partner,Mid-Market,7,203,25.0,0,,0
U101890,2024-05-22,Starter,,Organic,SMB,4,48,22.0,0,,0
U101891,2024-08-19,Free,NA,Paid,Mid-Market,1,0,5.0,0,,0
U101892,2024-06-22,Free,EMEA,Referral,SMB,1,0,8.0,0,,0
U101893,2024-05-17,Free,NA,Organic,Mid-Market,1,0,4.0,0,,0
U101894,2024-02-11,Free,EMEA,Partner,SMB,1,0,0.0,0,,0
U101895,2024-04-15,Starter,EMEA,Organic,SMB,3,36,8.0,1,4.2,0
U101896,2025-02-08,Starter,,Organic,Mid-Market,2,24,17.0,0,,0
U101897,2024-02-03,Starter,NA,Organic,SMB,6,72,14.0,0,,1
U101898,2024-08-01,Enterprise,NA,Organic,Mid-Market,84,4116,14.0,5,3.3,1
U101899,2024-11-27,Starter,NA,Paid,SMB,6,72,8.0,1,4.7,0
U101900,2024-04-30,Free,EMEA,Partner,Mid-Market,1,0,0.0,0,,0
U101901,2024-01-11,Starter,LATAM,Organic,Enterprise,2,24,16.0,0,,0
U101902,2024-11-16,Business,,Paid,Enterprise,12,348,31.0,0,,0
U101903,2024-02-27,Starter,NA,Organic,SMB,6,72,8.0,0,,0
U101904,2024-06-30,Enterprise,LATAM,Referral,SMB,271,13279,29.0,3,5.0,0
U101905,2024-11-17,Business,APAC,Paid,SMB,20,580,20.0,5,2.0,0
U101906,2024-08-21,Starter,EMEA,Organic,Enterprise,6,72,12.0,1,5.0,0
U101907,2024-02-09,Starter,EMEA,Referral,Mid-Market,3,36,5.0,4,4.0,0
U101908,2024-09-21,Free,EMEA,Paid,SMB,1,0,2.0,0,,0
U101909,2025-02-16,Free,LATAM,Paid,SMB,1,0,2.0,0,,0
U101910,2024-10-12,Business,NA,Paid,SMB,18,522,23.0,1,4.9,0
U101911,2024-02-27,Starter,NA,Organic,Mid-Market,7,84,5.0,0,,0
U101912,2024-01-28,Starter,NA,Organic,Mid-Market,4,48,16.0,0,,1
U101913,2024-11-11,Starter,NA,Organic,SMB,4,48,23.0,0,,0
U101914,2024-09-30,Free,APAC,Paid,SMB,1,0,3.0,0,,0
U101915,2024-01-01,Starter,NA,Organic,SMB,6,72,0.0,0,,0
U101916,2024-07-07,Starter,NA,Organic,Mid-Market,5,60,10.0,0,,0
U101917,2025-04-25,Starter,NA,Paid,SMB,3,36,22.0,1,5.0,0
U101918,2024-12-07,Starter,APAC,Organic,Mid-Market,4,48,19.0,0,,1
U101919,2025-03-07,Free,NA,Partner,Mid-Market,1,0,18.0,1,4.6,0
U101920,2024-01-22,Free,APAC,Organic,SMB,1,0,0.0,0,,0
U101921,2025-01-22,Starter,NA,Organic,Mid-Market,3,36,25.0,4,3.8,0
U101922,2025-01-16,Starter,NA,Organic,SMB,2,24,13.0,5,3.4,1
U101923,2025-02-13,Free,APAC,Paid,Mid-Market,1,0,12.0,0,,0
U101924,2024-04-12,Business,APAC,Organic,Mid-Market,10,290,,1,3.8,0
U101925,2024-08-05,Free,NA,Organic,SMB,1,0,6.0,0,,1
U101926,2024-06-09,Business,NA,Organic,SMB,6,174,28.0,1,4.8,0
U101927,2024-07-28,Starter,EMEA,Organic,Mid-Market,6,72,11.0,1,4.4,0
U101928,2025-03-15,Starter,NA,Partner,SMB,3,36,11.0,2,4.4,1
U101929,2024-03-20,Free,APAC,Organic,Enterprise,1,0,8.0,2,4.5,1
U101930,2025-03-09,Business,EMEA,Organic,Mid-Market,13,377,19.0,4,2.6,0
U101931,2025-05-13,Enterprise,EMEA,Organic,SMB,154,7546,25.0,1,5.0,0
U101932,2024-08-23,Starter,NA,Referral,SMB,6,72,20.0,0,,0
U101933,2025-05-19,Free,NA,Referral,Mid-Market,1,0,1.0,0,,0
U101934,2025-03-26,Starter,EMEA,Referral,SMB,6,72,13.0,0,,0
U101935,2024-11-30,Business,NA,Referral,SMB,22,638,18.0,2,3.9,0
U101936,2024-10-27,Business,EMEA,Paid,Enterprise,11,319,19.0,2,3.8,1
U101937,2024-10-06,Business,APAC,Organic,SMB,23,667,39.0,5,2.1,1
U101938,2024-08-18,Free,APAC,Organic,Enterprise,1,0,4.0,0,,0
U101939,2024-01-06,Free,,Organic,SMB,1,0,14.0,1,4.1,0
U101940,2024-05-28,starter,NA,Referral,Mid-Market,2,24,8.0,0,,0
U101941,2024-10-31,Free,,Organic,SMB,1,0,2.0,0,,0
U101942,2024-08-27,Free,EMEA,Paid,SMB,1,0,23.0,0,,0
U101943,2024-09-18,Starter,APAC,Paid,SMB,7,84,15.0,0,,0
U101944,2024-09-01,Business,APAC,Referral,SMB,14,406,14.0,3,4.2,0
U101945,2025-06-23,Business,APAC,Paid,SMB,30,870,18.0,2,3.6,0
U101946,2024-01-10,Free,APAC,Paid,SMB,1,0,10.0,0,,0
U101947,2025-04-04,Enterprise,NA,Paid,SMB,256,12544,24.0,1,4.2,0
U101948,2024-06-04,Free,NA,Referral,Mid-Market,1,0,,0,,0
U101949,2024-11-13,Free,NA,Organic,Mid-Market,1,0,1.0,0,,0
U101950,2025-01-20,Business,NA,Paid,SMB,15,435,11.0,1,4.9,1
U101951,2024-09-05,Starter,EMEA,Paid,SMB,5,60,20.0,0,,0
U101952,2025-02-22,Free,NA,Organic,SMB,1,0,12.0,1,4.0,0
U101953,2024-10-01,Enterprise,APAC,Partner,Mid-Market,99,4851,31.0,0,,0
U101954,2024-07-20,Free,APAC,Referral,SMB,1,0,3.0,0,,1
U101955,2024-10-20,Free,EMEA,Organic,SMB,1,0,6.0,1,3.9,0
U101956,2024-03-16,Starter,,Paid,Enterprise,3,36,20.0,0,,1
U101957,2024-05-31,Business,LATAM,Paid,SMB,13,377,17.0,0,,0
U101958,2024-12-08,free,EMEA,Paid,Mid-Market,1,0,3.0,0,,0
U101959,2024-02-26,Starter,NA,Paid,SMB,2,24,13.0,0,,0
U101960,2024-01-05,Enterprise,EMEA,Paid,Mid-Market,65,3185,35.0,1,2.8,1
U101961,2025-03-07,Starter,NA,Organic,Enterprise,6,72,2.0,1,4.1,1
U101962,2024-02-08,Starter,EMEA,Paid,Mid-Market,6,72,7.0,1,4.1,0
U101963,2024-06-15,Starter,EMEA,Organic,SMB,6,72,19.0,2,3.6,1
U101964,2024-03-05,Free,EMEA,Partner,SMB,1,0,1.0,0,,0
U101965,2024-12-26,Enterprise,EMEA,Paid,SMB,269,13181,19.0,2,3.0,0
U101966,2024-05-17,Free,APAC,Organic,Enterprise,1,0,0.0,0,,0
U101967,2024-11-06,Free,EMEA,Paid,SMB,1,0,0.0,1,4.3,1
U101968,2024-06-25,Starter,LATAM,Paid,Enterprise,2,24,14.0,0,,0
U101969,2024-05-12,Free,NA,Partner,SMB,1,0,9.0,0,,0
U101970,2024-10-12,Business,APAC,Organic,SMB,20,580,10.0,2,1.1,0
U101971,2025-01-12,Starter,LATAM,Referral,SMB,3,36,18.0,0,,1
U101972,2024-03-25,Free,EMEA,Organic,Mid-Market,1,0,22.0,0,,0
U101973,2024-02-16,Enterprise,NA,Paid,SMB,230,11270,29.0,3,2.7,0
U101974,2024-05-08,Free,LATAM,Organic,Mid-Market,1,0,15.0,2,3.0,0
U101975,2024-10-31,Business,APAC,Organic,Mid-Market,24,696,,4,1.9,0
U101976,2024-03-30,Business,EMEA,Organic,Mid-Market,7,203,16.0,1,5.0,1
U101977,2025-02-10,Free,NA,Paid,SMB,1,0,6.0,2,4.8,1
U101978,2024-02-23,Starter,LATAM,Paid,Mid-Market,2,24,,1,4.5,0
U101979,2024-11-20,Business,NA,Organic,SMB,10,290,33.0,5,5.0,0
U101980,2024-12-26,Free,EMEA,Organic,SMB,1,0,18.0,2,3.1,0
U101981,2025-01-25,Business,EMEA,Referral,SMB,23,667,14.0,3,4.8,1
U101982,2024-12-31,Free,NA,Organic,Mid-Market,1,0,0.0,0,,1
U101983,2024-09-13,Free,EMEA,Paid,SMB,1,0,8.0,0,,1
U101984,2024-12-15,Business,NA,Organic,Enterprise,15,435,22.0,3,3.9,0
U101985,2024-05-20,Free,EMEA,Partner,SMB,1,0,16.0,1,3.6,0
U101986,2024-02-21,Free,NA,Paid,SMB,1,0,14.0,0,,0
U101987,2024-12-29,Business,,Paid,SMB,14,406,12.0,1,4.0,0
U101988,2024-12-02,Free,,Organic,Mid-Market,1,0,,0,,0
U101989,2024-10-01,Starter,,Organic,SMB,2,24,8.0,0,,1
U101990,2024-05-08,Business,EMEA,Organic,SMB,12,348,26.0,2,4.5,0
U101991,2024-03-26,starter,APAC,Organic,Mid-Market,6,72,8.0,2,3.7,1
U101992,2024-10-04,Free,NA,Organic,SMB,1,0,4.0,0,,1
U101993,2024-08-16,Free,APAC,Organic,Enterprise,1,0,11.0,1,5.0,0
U101994,2024-07-24,Business,NA,Organic,Mid-Market,13,377,24.0,3,4.1,1
U101995,2024-10-26,Free,NA,Organic,Mid-Market,1,0,12.0,1,3.2,0
U101996,2024-08-11,Starter,NA,Partner,Mid-Market,7,84,3.0,1,3.7,0
U101997,2024-09-18,Starter,APAC,Organic,SMB,4,48,24.0,0,,0
U101998,2025-04-28,Starter,EMEA,Organic,Mid-Market,6,72,5.0,1,4.1,0
U101999,2025-03-17,free,EMEA,Organic,SMB,1,0,2.0,3,3.7,0
U102000,2024-12-01,Free,NA,Organic,SMB,1,0,2.0,0,,0
U102001,2024-11-19,Starter,NA,Organic,SMB,7,84,7.0,1,5.0,1
U102002,2025-03-27,Business,NA,Referral,Mid-Market,19,551,24.0,0,,0
U102003,2025-02-15,Business,NA,Paid,Mid-Market,19,551,23.0,0,,0
U102004,2024-06-17,Free,NA,Organic,SMB,1,0,0.0,0,,0
U102005,2024-09-01,Free,APAC,Organic,SMB,1,0,14.0,1,4.5,0
U102006,2024-05-28,Starter,NA,Paid,SMB,2,24,13.0,0,,0
U102007,2025-01-14,Free,NA,Partner,SMB,1,0,0.0,0,,0
U102008,2024-02-03,Free,APAC,Organic,Mid-Market,1,0,1.0,0,,0
U102009,2025-01-03,Starter,EMEA,Paid,SMB,5,60,6.0,0,,0
U102010,2025-05-11,Business,EMEA,Organic,SMB,36,1044,22.0,2,4.9,0
U102011,2024-02-10,Free,NA,Organic,SMB,1,0,9.0,0,,0
U102012,2024-12-18,Free,NA,Organic,SMB,1,0,5.0,0,,0
U102013,2025-05-02,Free,NA,Organic,SMB,1,0,6.0,0,,0
U102014,2024-08-30,Free,APAC,Organic,SMB,1,0,12.0,1,3.5,0
U102015,2025-02-24,Business,NA,Organic,SMB,15,435,32.0,2,3.8,0
U102016,2024-04-14,Free,APAC,Organic,Mid-Market,1,0,0.0,0,,0
U102017,2025-03-14,Business,NA,Organic,SMB,20,580,9.0,3,1.9,0
U102018,2025-02-27,Free,APAC,Paid,Mid-Market,1,0,0.0,0,,0
U102019,2024-02-25,Business,NA,Partner,Mid-Market,21,609,42.0,0,,0
U102020,2024-09-20,Business,APAC,Organic,SMB,39,1131,15.0,2,3.9,1
U102021,2024-05-27,Free,,Referral,SMB,1,0,0.0,0,,0
U102022,2024-10-16,Starter,APAC,Paid,SMB,6,72,29.0,0,,0
U102023,2024-06-30,Free,NA,Organic,SMB,1,0,11.0,0,,0
U102024,2025-03-01,Free,NA,Organic,Enterprise,1,0,5.0,0,,0
U102025,2024-10-25,Free,,Paid,SMB,1,0,16.0,1,4.9,0
U102026,2024-02-22,Business,LATAM,Organic,Enterprise,37,1073,34.0,1,3.4,0
U102027,2024-04-12,Business,,Organic,SMB,16,464,30.0,2,3.9,0
U102028,2024-12-09,Business,NA,Referral,SMB,18,522,21.0,1,3.9,0
U102029,2025-03-20,Free,APAC,Organic,SMB,1,0,0.0,0,,0
U102030,2024-04-18,Business,,Organic,SMB,22,638,26.0,2,4.2,0
U102031,2025-04-04,Free,APAC,Organic,Mid-Market,1,0,10.0,0,,0
U102032,2024-06-12,Free,EMEA,Paid,Enterprise,1,0,20.0,1,4.8,0
U102033,2024-10-15,Enterprise,NA,Paid,Mid-Market,292,14308,22.0,1,5.0,0
U102034,2024-07-31,Free,EMEA,Organic,Enterprise,1,0,7.0,1,3.9,0
U102035,2025-03-09,Starter,LATAM,Organic,SMB,7,84,11.0,0,,0
U102036,2024-07-06,Starter,EMEA,Paid,Mid-Market,5,60,5.0,0,,1
U102037,2024-08-14,Enterprise,NA,Paid,Mid-Market,134,6566,33.0,1,3.4,0
U102038,2025-04-02,Free,,Organic,Mid-Market,1,0,,0,,1
U102039,2024-04-12,Starter,LATAM,Referral,SMB,5,60,19.0,0,,0
U102040,2024-12-08,Free,NA,Organic,SMB,1,0,4.0,0,,0
U102041,2025-01-27,Starter,NA,Paid,SMB,3,36,17.0,2,4.2,0
U102042,2025-02-07,Starter,NA,Organic,SMB,3,36,17.0,2,4.5,0
U102043,2024-02-01,Enterprise,NA,Paid,SMB,250,12250,19.0,6,2.7,0
U102044,2024-04-13,Enterprise,LATAM,Paid,SMB,47,2303,23.0,2,4.7,0
U102045,2025-05-29,Starter,APAC,Referral,SMB,3,36,23.0,0,,0
U102046,2024-01-01,Free,EMEA,Referral,SMB,1,0,2.0,0,,0
U102047,2024-10-03,Free,EMEA,Paid,SMB,1,0,3.0,0,,0
U102048,2024-11-26,Business,EMEA,Organic,SMB,11,319,8.0,1,3.9,0
U102049,2025-01-03,Free,EMEA,Paid,SMB,1,0,1.0,0,,0
U102050,2024-04-08,Free,NA,Organic,SMB,1,0,14.0,2,4.9,0
U102051,2024-05-04,Starter,APAC,Paid,Enterprise,2,24,23.0,0,,0
U102052,2025-05-19,Free,NA,Organic,Enterprise,1,0,1.0,1,4.9,1
U102053,2024-10-10,Enterprise,EMEA,Paid,SMB,92,4508,21.0,3,4.4,0
U102054,2025-01-19,Business,LATAM,Organic,Mid-Market,7,203,9.0,1,3.2,0
U102055,2024-10-27,Free,NA,Organic,SMB,1,0,15.0,0,,0
U102056,2025-03-16,Free,NA,Paid,Mid-Market,1,0,0.0,1,3.9,1
U102057,2024-02-21,Free,NA,Organic,SMB,1,0,,0,,0
U102058,2024-02-02,Enterprise,EMEA,Paid,SMB,118,5782,23.0,2,3.5,0
U102059,2024-04-10,Free,EMEA,Organic,Mid-Market,1,0,4.0,1,3.5,0
U102060,2024-11-04,Free,APAC,Organic,Mid-Market,1,0,12.0,0,,0
U102061,2024-11-30,Starter,LATAM,Organic,SMB,5,60,8.0,2,5.0,0
U102062,2025-03-01,Free,NA,Organic,Mid-Market,1,0,19.0,1,4.1,0
U102063,2025-01-24,Free,NA,Referral,Mid-Market,1,0,14.0,3,4.0,0
U102064,2024-02-10,Business,NA,Paid,SMB,8,232,23.0,0,,0
U102065,2024-01-23,Starter,,Paid,SMB,4,48,20.0,1,3.9,0
U102066,2024-12-22,Starter,NA,Organic,SMB,2,24,20.0,0,,0
U102067,2024-03-04,Starter,NA,Paid,Enterprise,6,72,10.0,0,,0
U102068,2025-04-28,Free,EMEA,Organic,Mid-Market,1,0,0.0,0,,0
U102069,2024-11-20,Starter,NA,Paid,SMB,4,48,10.0,0,,0
U102070,2025-06-17,Free,EMEA,Organic,Mid-Market,1,0,3.0,1,4.8,0
U102071,2024-04-02,Starter,NA,Organic,Mid-Market,4,48,17.0,0,,0
U102072,2024-10-07,Free,NA,Organic,SMB,1,0,13.0,0,,0
U102073,2025-05-02,Free,NA,Organic,SMB,1,0,8.0,0,,0
U102074,2024-07-29,Starter,LATAM,Organic,SMB,2,24,14.0,1,2.2,0
U102075,2025-03-22,Business,NA,Organic,Mid-Market,16,464,16.0,4,3.4,1
U102076,2025-02-12,Starter,NA,Organic,SMB,4,48,12.0,2,4.8,0
U102077,2024-10-04,Starter,EMEA,Organic,SMB,4,48,16.0,1,4.7,0
U102078,2024-11-08,Free,LATAM,Organic,SMB,1,0,15.0,0,,0
U102079,2024-05-15,Starter,APAC,Organic,SMB,7,84,11.0,0,,1
U102080,2024-05-24,Free,APAC,Paid,Mid-Market,1,0,14.0,2,3.3,0
U102081,2024-03-05,Enterprise,EMEA,Organic,Enterprise,198,9702,24.0,1,3.7,0
U102082,2024-01-03,Enterprise,NA,Organic,SMB,109,5341,32.0,4,3.5,0
U102083,2025-05-13,Starter,APAC,Partner,Mid-Market,2,24,6.0,1,2.6,0
U102084,2024-02-11,Starter,APAC,Paid,SMB,2,24,24.0,0,,0
U102085,2025-03-27,Free,EMEA,Organic,SMB,1,0,0.0,0,,0
U102086,2024-03-17,Starter,EMEA,Partner,Enterprise,3,36,11.0,0,,0
U102087,2025-05-07,Business,NA,Organic,SMB,31,899,20.0,1,4.9,0
U102088,2025-01-31,Business,NA,Paid,SMB,31,899,14.0,0,,0
U102089,2024-08-21,Free,NA,Paid,SMB,1,0,0.0,0,,0
U102090,2025-04-16,Starter,APAC,Referral,SMB,5,60,18.0,2,4.8,0
U102091,2024-09-03,Starter,NA,Organic,SMB,7,84,8.0,2,4.4,0
U102092,2025-01-28,Free,NA,Organic,SMB,1,0,0.0,0,,0
U102093,2025-02-02,Business,NA,Paid,SMB,26,754,20.0,1,3.8,0
U102094,2025-01-20,Free,APAC,Paid,Mid-Market,1,0,0.0,1,3.9,1
U102095,2024-01-06,Free,NA,Paid,Mid-Market,1,0,4.0,0,,0
U102096,2025-04-23,Free,NA,Referral,Mid-Market,1,0,32.0,0,,0
U102097,2025-04-24,Starter,NA,Paid,Mid-Market,7,84,16.0,1,3.4,0
U102098,2025-04-26,Starter,EMEA,Organic,SMB,2,24,12.0,1,4.2,1
U102099,2024-11-02,Free,EMEA,Paid,Mid-Market,1,0,8.0,0,,0
U102100,2024-01-28,Free,NA,Organic,SMB,1,0,15.0,0,,0
U102101,2024-05-02,Free,EMEA,Organic,SMB,1,0,6.0,0,,0
U102102,2025-02-11,Free,EMEA,Organic,Mid-Market,1,0,11.0,0,,0
U102103,2024-10-06,Starter,APAC,Paid,Enterprise,5,60,17.0,2,4.9,0
U102104,2025-01-08,Starter,NA,Organic,Mid-Market,4,48,12.0,1,3.5,0
U102105,2024-12-28,Free,EMEA,Referral,Mid-Market,1,0,1.0,0,,0
U102106,2024-10-31,Starter,NA,Paid,Enterprise,5,60,12.0,2,4.4,0
U102107,2025-01-23,Free,EMEA,Organic,SMB,1,0,23.0,0,,0
U102108,2024-02-19,Starter,NA,Organic,SMB,2,24,18.0,1,4.5,0
U102109,2025-06-01,Free,EMEA,Organic,Mid-Market,1,0,6.0,0,,0
U102110,2025-01-24,Free,EMEA,Partner,SMB,1,0,5.0,0,,0
U102111,2024-04-07,Business,LATAM,Organic,Mid-Market,18,522,30.0,1,3.9,0
U102112,2025-05-12,Free,APAC,Organic,Mid-Market,1,0,0.0,0,,0
U102113,2024-04-23,Free,APAC,Paid,SMB,1,0,4.0,0,,1
U102114,2025-03-09,Business,EMEA,Organic,SMB,18,522,28.0,0,,0
U102115,2024-12-13,Starter,EMEA,Paid,SMB,3,36,16.0,1,4.7,0
U102116,2024-05-20,Starter,,Organic,Mid-Market,2,24,30.0,1,3.7,0
U102117,2024-05-13,Free,NA,Paid,SMB,1,0,9.0,1,4.7,0
U102118,2025-02-28,starter,NA,Referral,Mid-Market,6,72,28.0,0,,0
U102119,2024-03-13,Free,NA,Organic,Mid-Market,1,0,13.0,1,4.8,0
U102120,2024-03-31,Free,NA,Referral,SMB,1,0,0.0,0,,0
U102121,2024-09-27,Starter,EMEA,Organic,Enterprise,5,60,16.0,0,,0
U102122,2025-05-19,Business,NA,Organic,Mid-Market,25,725,29.0,3,4.5,1
U102123,2024-06-04,Free,EMEA,Organic,Mid-Market,1,0,8.0,0,,0
U102124,2025-01-30,Free,NA,Organic,Mid-Market,1,0,12.0,0,,0
U102125,2024-06-14,Starter,NA,Partner,Mid-Market,7,84,,2,2.6,0
U102126,2025-06-02,Free,APAC,Organic,Mid-Market,1,0,13.0,0,,0
U102127,2024-12-27,Free,EMEA,Organic,SMB,1,0,8.0,0,,0
U102128,2024-12-28,Starter,APAC,Organic,SMB,6,72,13.0,0,,0
U102129,2024-02-04,Free,EMEA,Organic,SMB,1,0,2.0,0,,0
U102130,2024-07-09,Starter,EMEA,Paid,SMB,6,72,6.0,0,,0
U102131,2024-01-16,Free,EMEA,Partner,Mid-Market,1,0,10.0,0,,0
U102132,2024-03-07,Free,LATAM,Referral,Mid-Market,1,0,0.0,0,,0
U102133,2024-09-07,Free,NA,Organic,Enterprise,1,0,11.0,0,,0
U102134,2024-10-26,Enterprise,LATAM,Partner,Mid-Market,262,12838,23.0,1,5.0,0
U102135,2024-05-05,Starter,EMEA,Paid,Enterprise,5,60,10.0,0,,0
U102136,2025-01-09,Starter,EMEA,Organic,SMB,2,24,19.0,1,4.7,0
U102137,2024-10-27,Starter,NA,Organic,SMB,4,48,16.0,2,3.1,0
U102138,2024-05-24,Business,LATAM,Referral,SMB,23,667,27.0,1,4.7,0
U102139,2025-05-27,Free,NA,Referral,Enterprise,1,0,13.0,0,,0
U102140,2024-05-29,Business,EMEA,Referral,SMB,38,1102,6.0,1,5.0,0
U102141,2025-01-12,Free,NA,Paid,SMB,1,0,7.0,0,,1
U102142,2024-01-13,Starter,APAC,Organic,Mid-Market,5,60,7.0,1,3.5,0
U102143,2024-01-24,Free,NA,Organic,Mid-Market,1,0,8.0,0,,1
U102144,2024-06-23,Free,LATAM,Organic,SMB,1,0,7.0,1,3.5,0
U102145,2025-02-25,Free,EMEA,Organic,SMB,1,0,6.0,0,,0
U102146,2024-03-05,Starter,EMEA,Organic,SMB,5,60,10.0,0,,0
U102147,2025-01-03,Enterprise,NA,Organic,SMB,278,13622,34.0,1,3.9,0
U102148,2024-02-14,Starter,APAC,Organic,SMB,6,72,20.0,2,3.3,1
U102149,2024-02-28,Starter,LATAM,Organic,Enterprise,7,84,15.0,0,,0
U102150,2024-09-20,Free,APAC,Organic,Mid-Market,1,0,10.0,0,,0
U102151,2024-02-07,Starter,LATAM,Partner,SMB,2,24,24.0,1,4.1,0
U102152,2025-05-12,Starter,APAC,Organic,SMB,3,36,26.0,1,4.4,0
U102153,2024-12-29,Free,NA,Paid,SMB,1,0,10.0,0,,0
U102154,2024-06-01,Starter,NA,Organic,SMB,3,36,14.0,1,4.2,0
U102155,2024-05-07,Business,NA,Paid,Mid-Market,13,377,35.0,3,3.2,0
U102156,2025-05-05,Starter,EMEA,Organic,SMB,7,84,2.0,0,,0
U102157,2024-11-05,Free,EMEA,Paid,Mid-Market,1,0,8.0,0,,0
U102158,2024-06-22,Starter,EMEA,Organic,Mid-Market,5,60,13.0,0,,0
U102159,2024-03-14,Starter,NA,Organic,Mid-Market,6,72,15.0,2,5.0,0
U102160,2025-05-02,Free,NA,Organic,SMB,1,0,9.0,0,,0
U102161,2024-07-14,Business,,Organic,SMB,28,812,16.0,0,,0
U102162,2024-12-31,Free,APAC,Partner,SMB,1,0,0.0,1,3.9,1
U102163,2024-01-23,Free,EMEA,Referral,SMB,1,0,8.0,1,5.0,0
U102164,2024-03-10,Business,,Organic,Enterprise,39,1131,17.0,0,,0
U102165,2024-10-01,Free,EMEA,Referral,SMB,1,0,11.0,0,,0
U102166,2024-05-22,Business,NA,Organic,SMB,12,348,32.0,1,5.0,0
U102167,2024-11-22,Enterprise,NA,Referral,SMB,132,6468,38.0,3,3.6,0
U102168,2024-07-05,Starter,EMEA,Paid,Mid-Market,3,36,10.0,1,4.4,0
U102169,2025-01-07,Free,NA,Paid,Mid-Market,1,0,0.0,1,5.0,1
U102170,2024-04-30,Starter,EMEA,Organic,Enterprise,3,36,15.0,0,,0
U102171,2024-06-19,Starter,APAC,Paid,Enterprise,7,84,16.0,0,,0
U102172,2025-01-30,Starter,NA,Referral,Enterprise,4,48,19.0,1,3.4,0
U102173,2025-01-10,free,EMEA,Paid,Mid-Market,1,0,1.0,0,,1
U102174,2024-06-01,Starter,EMEA,Organic,SMB,5,60,10.0,1,4.1,0
U102175,2024-10-11,Starter,NA,Organic,Mid-Market,7,84,17.0,1,3.7,1
U102176,2024-01-29,Starter,APAC,Paid,SMB,4,48,3.0,0,,0
U102177,2024-04-15,Enterprise,EMEA,Organic,Mid-Market,94,4606,22.0,1,4.3,0
U102178,2025-01-03,Business,APAC,Paid,Enterprise,10,290,11.0,2,1.3,0
U102179,2024-07-30,Free,APAC,Organic,SMB,1,0,0.0,0,,1
U102180,2025-05-18,Starter,NA,Paid,SMB,7,84,19.0,1,4.5,0
U102181,2024-01-17,Starter,EMEA,Organic,SMB,5,60,26.0,0,,0
U102182,2024-03-03,Starter,EMEA,Organic,SMB,6,72,6.0,0,,0
U102183,2024-03-29,Business,EMEA,Organic,SMB,9,261,16.0,3,4.0,1
U102184,2025-04-10,Starter,NA,Organic,Mid-Market,7,84,12.0,0,,1
U102185,2025-03-23,Starter,EMEA,Organic,SMB,3,36,4.0,0,,1
U102186,2024-12-02,Starter,EMEA,Referral,SMB,4,48,6.0,1,5.0,0
U102187,2025-05-11,Starter,APAC,Organic,SMB,6,72,11.0,1,4.8,1
U102188,2025-04-04,Starter,APAC,Paid,SMB,6,72,17.0,0,,0
U102189,2024-06-22,Free,NA,Organic,SMB,1,0,17.0,0,,1
U102190,2024-12-31,Starter,APAC,Paid,SMB,7,84,9.0,1,4.0,1
U102191,2025-05-04,Business,APAC,Organic,SMB,9,261,8.0,4,2.6,1
U102192,2025-01-19,Starter,EMEA,Paid,Mid-Market,7,84,8.0,1,4.4,1
U102193,2025-03-09,Starter,EMEA,Organic,SMB,4,48,11.0,0,,0
U102194,2024-07-17,Enterprise,APAC,Organic,Enterprise,180,8820,30.0,3,3.0,1
U102195,2024-06-03,Free,EMEA,Paid,Mid-Market,1,0,,0,,0
U102196,2025-04-21,Starter,APAC,Organic,Enterprise,2,24,8.0,0,,0
U102197,2025-06-17,Business,NA,Paid,Mid-Market,30,870,28.0,0,,0
U102198,2025-01-06,Business,EMEA,Partner,SMB,18,522,25.0,1,5.0,0
U102199,2024-06-13,Business,LATAM,Organic,Mid-Market,11,319,20.0,2,3.4,0
U102200,2024-09-25,Free,NA,Paid,SMB,1,0,12.0,0,,0
U102201,2024-08-17,Free,EMEA,Organic,SMB,1,0,0.0,0,,0
U102202,2024-10-12,Business,APAC,Partner,SMB,36,1044,31.0,5,3.7,1
U102203,2025-03-21,Starter,APAC,Organic,SMB,3,36,24.0,0,,0
U102204,2024-06-01,Free,NA,Paid,SMB,1,0,0.0,1,3.7,1
U102205,2024-07-16,Starter,EMEA,Partner,Enterprise,3,36,12.0,0,,0
U102206,2024-07-12,Starter,LATAM,Referral,SMB,3,36,18.0,2,3.4,1
U102207,2024-12-07,Starter,EMEA,Partner,SMB,6,72,24.0,1,3.8,0
U102208,2025-01-28,Free,EMEA,Organic,SMB,1,0,3.0,1,3.6,0
U102209,2024-10-21,Free,APAC,Organic,SMB,1,0,3.0,0,,0
U102210,2025-05-29,Starter,,Paid,SMB,3,36,18.0,0,,0
U102211,2024-04-23,Business,NA,Referral,Mid-Market,7,203,11.0,1,2.9,1
U102212,2024-04-29,Starter,NA,Organic,SMB,4,48,16.0,1,3.8,0
U102213,2025-01-02,Enterprise,EMEA,Organic,SMB,209,10241,32.0,3,3.8,0
U102214,2025-03-12,Free,EMEA,Organic,SMB,1,0,5.0,0,,0
U102215,2024-05-07,Free,NA,Organic,SMB,1,0,3.0,1,4.2,0
U102216,2024-06-02,Starter,EMEA,Organic,SMB,6,72,23.0,0,,0
U102217,2025-03-26,Free,EMEA,Partner,Mid-Market,1,0,5.0,2,3.7,0
U102218,2024-04-11,Free,EMEA,Referral,Enterprise,1,0,10.0,1,3.6,0
U102219,2024-09-14,Enterprise,NA,Paid,SMB,185,9065,27.0,3,4.4,0
U102220,2024-05-23,Free,NA,Partner,SMB,1,0,1.0,0,,0
U102221,2024-04-25,Starter,NA,Organic,SMB,2,24,17.0,1,3.2,0
U102222,2024-06-03,Free,EMEA,Organic,SMB,1,0,7.0,0,,0
U102223,2024-02-10,Free,NA,Partner,Enterprise,1,0,3.0,0,,1
U102224,2025-06-18,Starter,NA,Organic,SMB,5,60,10.0,0,,0
U102225,2024-04-17,Business,NA,Organic,SMB,34,986,13.0,1,3.6,0
U102226,2024-11-30,Starter,NA,Paid,SMB,3,36,15.0,0,,0
U102227,2024-12-25,Free,,Organic,SMB,1,0,0.0,0,,0
U102228,2024-03-19,Free,EMEA,Referral,SMB,1,0,8.0,0,,1
U102229,2025-01-10,Business,NA,Paid,SMB,31,899,21.0,1,5.0,0
U102230,2025-06-09,Free,NA,Partner,Mid-Market,1,0,6.0,1,4.1,1
U102231,2024-03-09,Starter,EMEA,Paid,SMB,4,48,19.0,1,4.0,0
U102232,2025-05-03,Free,NA,Partner,Mid-Market,1,0,1.0,0,,1
U102233,2025-05-29,Starter,EMEA,Partner,SMB,2,24,8.0,1,3.4,0
U102234,2024-04-30,Free,NA,Organic,Enterprise,1,0,0.0,1,4.2,0
U102235,2024-04-24,Starter,NA,Organic,SMB,3,36,17.0,0,,1
U102236,2024-02-16,Starter,LATAM,Organic,SMB,4,48,9.0,0,,0
U102237,2024-01-23,Free,APAC,Referral,SMB,1,0,0.0,0,,0
U102238,2024-03-22,Free,EMEA,Referral,SMB,1,0,0.0,0,,0
U102239,2025-01-21,Free,NA,Organic,Enterprise,1,0,14.0,0,,0
U102240,2024-11-20,Business,APAC,Paid,Mid-Market,18,522,19.0,3,3.0,1
U102241,2024-09-04,Business,NA,Organic,Mid-Market,19,551,18.0,3,4.0,0
U102242,2025-01-29,Starter,APAC,Organic,SMB,4,48,20.0,0,,0
U102243,2024-09-09,Starter,EMEA,Partner,SMB,5,60,8.0,1,5.0,0
U102244,2024-03-02,Business,NA,Organic,SMB,8,232,21.0,1,3.4,0
U102245,2024-05-27,Free,EMEA,Organic,SMB,1,0,3.0,0,,1
U102246,2024-10-19,Free,NA,Paid,SMB,1,0,25.0,0,,0
U102247,2024-09-18,Free,NA,Partner,SMB,1,0,8.0,0,,0
U102248,2025-03-12,Business,EMEA,Organic,SMB,17,493,37.0,0,,0
U102249,2025-01-24,Free,EMEA,Paid,Enterprise,1,0,5.0,0,,0
U102250,2025-01-31,Starter,EMEA,Organic,Mid-Market,3,36,11.0,0,,0
U102251,2025-03-17,Starter,EMEA,Paid,SMB,5,60,13.0,1,3.2,0
U102252,2024-02-11,Starter,APAC,Referral,Mid-Market,2,24,13.0,2,3.7,0
U102253,2024-10-20,Business,NA,Referral,SMB,10,290,20.0,2,3.8,0
U102254,2025-03-09,Free,EMEA,Paid,Enterprise,1,0,15.0,0,,1
U102255,2024-03-13,Business,APAC,Organic,Mid-Market,26,754,17.0,3,4.6,0
U102256,2024-02-12,Starter,EMEA,Paid,Mid-Market,7,84,13.0,2,4.0,0
U102257,2025-03-07,Starter,,Organic,Enterprise,3,36,18.0,0,,0
U102258,2024-09-27,Starter,NA,Partner,SMB,5,60,8.0,1,5.0,1
U102259,2024-08-27,Free,NA,Organic,SMB,1,0,5.0,0,,0
U102260,2025-06-04,Business,NA,Organic,Mid-Market,12,348,22.0,3,3.6,0
U102261,2024-07-10,Starter,NA,Paid,Enterprise,2,24,1.0,1,3.8,0
U102262,2025-01-22,Free,NA,Referral,Mid-Market,1,0,0.0,0,,0
U102263,2024-04-13,Starter,NA,Paid,Mid-Market,7,84,7.0,1,4.3,1
U102264,2024-06-11,Enterprise,EMEA,Organic,Mid-Market,160,7840,19.0,2,3.6,0
U102265,2024-04-07,Free,NA,Paid,SMB,1,0,13.0,0,,0
U102266,2025-03-28,Starter,NA,Referral,Mid-Market,6,72,0.0,0,,0
U102267,2025-04-25,Starter,LATAM,Organic,Mid-Market,5,60,14.0,0,,0
U102268,2025-06-12,Free,EMEA,Organic,SMB,1,0,14.0,3,2.4,1
U102269,2024-01-13,Business,APAC,Paid,SMB,16,464,25.0,1,4.0,0
U102270,2024-12-24,Starter,LATAM,Organic,SMB,6,72,29.0,0,,0
U102271,2025-03-13,Starter,NA,Organic,Mid-Market,3,36,14.0,1,4.7,0
U102272,2024-11-05,Free,NA,Organic,SMB,1,0,0.0,0,,0
U102273,2024-06-02,Free,NA,Organic,SMB,1,0,8.0,0,,1
U102274,2025-01-25,Starter,EMEA,Paid,SMB,5,60,20.0,3,4.2,0
U102275,2024-04-16,Free,APAC,Paid,SMB,1,0,3.0,0,,1
U102276,2025-01-09,Free,EMEA,Organic,SMB,1,0,9.0,0,,0
U102277,2024-01-18,Free,APAC,Organic,SMB,1,0,11.0,0,,0
U102278,2024-11-23,Starter,APAC,Referral,Mid-Market,4,48,26.0,0,,0
U102279,2024-10-28,Starter,EMEA,Paid,SMB,2,24,4.0,1,2.9,0
U102280,2024-02-22,Business,EMEA,Paid,SMB,25,725,23.0,2,4.7,1
U102281,2025-01-13,Business,NA,Paid,Mid-Market,15,435,27.0,0,,0
U102282,2024-12-07,Business,NA,Organic,SMB,26,754,14.0,0,,1
U102283,2025-02-23,Business,LATAM,Organic,SMB,25,725,19.0,0,,0
U102284,2025-01-13,Starter,NA,Referral,SMB,7,84,6.0,1,3.8,0
U102285,2024-12-22,Free,NA,Partner,Mid-Market,1,0,8.0,0,,0
U102286,2024-03-17,Business,NA,Organic,Mid-Market,14,406,10.0,2,3.9,0
U102287,2024-12-18,Starter,EMEA,Paid,SMB,4,48,3.0,1,4.0,0
U102288,2024-07-03,Free,EMEA,Organic,SMB,1,0,4.0,1,4.0,0
U102289,2024-03-21,Free,NA,Organic,SMB,1,0,15.0,1,4.1,0
U102290,2024-11-27,Free,NA,Organic,Mid-Market,1,0,5.0,1,4.5,1
U102291,2024-03-27,Free,EMEA,Referral,Enterprise,1,0,3.0,0,,0
U102292,2024-10-02,Free,EMEA,Referral,Mid-Market,1,0,23.0,1,4.3,1
U102293,2024-07-08,Starter,,Organic,SMB,2,24,16.0,1,3.7,0
U102294,2025-05-25,Free,LATAM,Organic,SMB,1,0,7.0,0,,0
U102295,2024-04-22,Free,EMEA,Referral,Mid-Market,1,0,7.0,1,5.0,0
U102296,2025-04-19,Free,EMEA,Paid,SMB,1,0,,0,,0
U102297,2025-05-26,Business,APAC,Paid,SMB,8,232,28.0,4,1.4,0
U102298,2024-03-11,Free,EMEA,Organic,SMB,1,0,20.0,0,,0
U102299,2024-12-08,Free,EMEA,Referral,SMB,1,0,3.0,0,,0
U102300,2025-01-04,Business,NA,Organic,SMB,15,435,23.0,3,3.8,0
U102301,2024-12-30,Free,NA,Organic,SMB,1,0,9.0,1,2.7,0
U102302,2024-01-15,Free,EMEA,Partner,SMB,1,0,0.0,0,,1
U102303,2025-02-05,Starter,NA,Referral,Mid-Market,3,36,,0,,0
U102304,2024-01-19,Free,LATAM,Partner,SMB,1,0,1.0,0,,0
U102305,2024-09-24,Free,NA,Paid,SMB,1,0,12.0,0,,0
U102306,2024-05-24,Free,APAC,Organic,SMB,1,0,11.0,0,,0
U102307,2025-03-15,Enterprise,NA,Paid,SMB,63,3087,39.0,2,4.5,0
U102308,2024-05-08,Starter,APAC,Organic,SMB,5,60,0.0,1,3.9,0
U102309,2024-10-01,Starter,APAC,Organic,Enterprise,5,60,14.0,2,3.1,0
U102310,2024-06-03,Starter,NA,Organic,SMB,7,84,2.0,1,4.3,1
U102311,2024-11-20,Starter,EMEA,Referral,SMB,5,60,9.0,0,,1
U102312,2024-12-18,Starter,NA,Paid,SMB,7,84,13.0,0,,0
U102313,2025-04-30,Free,EMEA,Organic,SMB,1,0,2.0,0,,0
U102314,2024-12-25,Starter,LATAM,Partner,SMB,4,48,19.0,0,,0
U102315,2024-06-19,Business,NA,Organic,SMB,19,551,20.0,0,,0
U102316,2025-06-01,Enterprise,EMEA,Paid,SMB,152,7448,26.0,3,3.7,1
U102317,2024-06-29,Starter,LATAM,Organic,SMB,5,60,5.0,0,,1
U102318,2025-06-11,Free,LATAM,Organic,Enterprise,1,0,3.0,0,,0
U102319,2024-08-25,Free,EMEA,Referral,SMB,1,0,5.0,0,,0
U102320,2024-05-20,Starter,,Organic,Enterprise,6,72,12.0,0,,0
U102321,2024-04-01,Free,NA,Organic,Mid-Market,1,0,5.0,1,2.6,0
U102322,2024-05-13,Starter,NA,Organic,SMB,6,72,17.0,1,4.4,0
U102323,2025-01-28,Starter,NA,Organic,SMB,3,36,17.0,0,,0
U102324,2025-02-06,Starter,NA,Organic,Mid-Market,7,84,10.0,0,,0
U102325,2025-05-30,Starter,APAC,Paid,SMB,7,84,20.0,1,4.4,0
U102326,2025-06-13,Starter,LATAM,Referral,Mid-Market,4,48,23.0,1,3.9,0
U102327,2024-09-24,Free,EMEA,Referral,SMB,1,0,0.0,1,4.3,0
U102328,2024-03-08,Enterprise,EMEA,Referral,Mid-Market,57,2793,17.0,3,4.5,0
U102329,2024-07-15,Free,NA,Organic,Enterprise,1,0,8.0,0,,1
U102330,2024-09-23,Enterprise,,Paid,SMB,111,5439,26.0,3,4.5,0
U102331,2025-06-19,Free,NA,Organic,Mid-Market,1,0,3.0,0,,1
U102332,2025-04-07,Business,EMEA,Paid,Mid-Market,23,667,30.0,1,4.8,0
U102333,2024-10-23,Free,EMEA,Organic,Mid-Market,1,0,0.0,1,2.8,0
U102334,2025-04-29,Starter,APAC,Paid,SMB,7,84,19.0,0,,0
U102335,2024-08-09,Business,NA,Organic,SMB,22,638,9.0,2,3.5,1
U102336,2025-04-22,Business,,Paid,SMB,33,957,20.0,1,5.0,0
U102337,2025-05-12,Free,APAC,Organic,SMB,1,0,1.0,0,,1
U102338,2024-05-15,Starter,EMEA,Paid,SMB,6,72,17.0,1,4.3,0
U102339,2024-05-20,Starter,APAC,Organic,Enterprise,5,60,21.0,1,3.9,0
U102340,2024-12-22,Enterprise,NA,Paid,SMB,283,13867,28.0,1,3.4,0
U102341,2024-10-31,Free,APAC,Referral,Mid-Market,1,0,0.0,0,,0
U102342,2024-02-24,Starter,EMEA,Organic,Mid-Market,6,72,11.0,2,3.6,1
U102343,2025-05-16,Free,LATAM,Paid,Mid-Market,1,0,,0,,1
U102344,2025-05-22,Starter,EMEA,Paid,Mid-Market,5,60,8.0,0,,1
U102345,2024-07-20,Starter,EMEA,Partner,SMB,6,72,18.0,2,3.9,0
U102346,2024-12-01,Business,APAC,Organic,Enterprise,31,899,17.0,7,1.2,1
U102347,2025-04-05,Business,NA,Partner,SMB,12,348,11.0,2,3.0,1
U102348,2024-05-08,Business,EMEA,Organic,SMB,17,493,9.0,1,4.4,0
U102349,2024-05-21,Free,NA,Organic,SMB,1,0,4.0,0,,0
U102350,2024-10-01,Free,NA,Organic,SMB,1,0,0.0,0,,1
U102351,2024-05-21,Free,NA,Organic,Mid-Market,1,0,0.0,0,,1
U102352,2025-06-16,Business,NA,Paid,SMB,29,841,34.0,4,3.1,1
U102353,2025-01-31,Enterprise,,Partner,SMB,158,7742,21.0,4,4.5,0
U102354,2024-05-11,Free,EMEA,Partner,SMB,1,0,3.0,0,,0
U102355,2024-05-12,Free,NA,Organic,Mid-Market,1,0,14.0,1,4.3,0
U102356,2024-06-23,Business,,Paid,SMB,37,1073,7.0,4,4.3,1
U102357,2025-04-22,free,NA,Referral,SMB,1,0,4.0,0,,1
U102358,2024-02-14,Enterprise,EMEA,Organic,SMB,228,11172,25.0,1,4.2,0
U102359,2024-01-06,Starter,EMEA,Organic,SMB,7,84,22.0,0,,0
U102360,2024-07-10,Free,NA,Paid,SMB,1,0,4.0,1,5.0,1
U102361,2024-02-18,Starter,NA,Organic,Mid-Market,2,24,23.0,2,4.5,0
U102362,2024-09-05,Enterprise,NA,Paid,Mid-Market,215,10535,16.0,4,3.9,0
U102363,2024-06-06,Enterprise,EMEA,Organic,Mid-Market,87,4263,20.0,2,4.1,0
U102364,2024-03-19,Free,NA,Organic,SMB,1,0,5.0,0,,1
U102365,2025-02-17,Starter,LATAM,Organic,Enterprise,5,60,19.0,0,,0
U102366,2025-03-09,Starter,NA,Paid,SMB,6,72,18.0,0,,0
U102367,2025-06-11,Free,NA,Organic,Mid-Market,1,0,1.0,0,,0
U102368,2025-05-14,Business,EMEA,Paid,SMB,25,725,9.0,0,,0
U102369,2025-01-04,Free,EMEA,Partner,Enterprise,1,0,0.0,0,,1
U102370,2024-01-28,Business,NA,Organic,SMB,10,290,27.0,0,,0
U102371,2024-02-14,Starter,NA,Organic,SMB,2,24,22.0,0,,0
U102372,2025-03-16,Business,NA,Referral,SMB,6,174,14.0,2,4.8,0
U102373,2025-05-28,Free,EMEA,Paid,SMB,1,0,5.0,0,,0
U102374,2024-05-19,Business,NA,Referral,Mid-Market,13,377,18.0,2,4.0,0
U102375,2025-06-03,Business,APAC,Referral,SMB,37,1073,12.0,3,1.2,1
U102376,2024-02-21,Business,NA,Organic,Mid-Market,7,203,23.0,1,5.0,0
U102377,2025-04-24,Starter,APAC,Paid,Mid-Market,7,84,20.0,2,3.9,0
U102378,2025-04-02,Free,EMEA,Referral,SMB,1,0,4.0,0,,0
U102379,2024-11-05,Business,NA,Organic,SMB,29,841,16.0,0,,0
U102380,2024-10-18,Business,EMEA,Paid,SMB,14,406,26.0,4,3.4,0
U102381,2024-12-11,Starter,NA,Paid,SMB,7,84,3.0,1,2.5,0
U102382,2024-12-20,Free,NA,Organic,SMB,1,0,1.0,0,,0
U102383,2024-08-08,Enterprise,NA,Referral,SMB,193,9457,16.0,3,3.8,0
U102384,2025-03-22,Free,NA,Organic,Enterprise,1,0,14.0,1,3.9,0
U102385,2024-04-28,Free,APAC,Organic,SMB,1,0,8.0,0,,0
U102386,2024-02-07,Starter,NA,Paid,SMB,3,36,16.0,1,4.3,0
U102387,2025-05-04,Starter,LATAM,Organic,SMB,4,48,28.0,0,,0
U102388,2025-01-17,Starter,EMEA,Organic,Enterprise,5,60,8.0,0,,0
U102389,2024-10-08,Starter,EMEA,Organic,Mid-Market,6,72,18.0,0,,1
U102390,2024-03-27,Free,NA,Organic,Mid-Market,1,0,0.0,0,,0
U102391,2024-10-11,Starter,APAC,Organic,Mid-Market,4,48,7.0,1,3.7,0
U102392,2024-12-26,Business,EMEA,Paid,Mid-Market,34,986,24.0,2,4.1,0
U102393,2025-04-08,Free,NA,Organic,Mid-Market,1,0,13.0,1,4.5,0
U102394,2024-04-27,Free,EMEA,Referral,SMB,1,0,1.0,0,,0
U102395,2025-04-26,Free,APAC,Organic,SMB,1,0,10.0,0,,0
U102396,2025-06-23,Starter,EMEA,Organic,SMB,5,60,13.0,0,,0
U102397,2024-10-07,Enterprise,APAC,Paid,SMB,226,11074,28.0,2,4.1,0
U102398,2024-06-21,Free,,Organic,Mid-Market,1,0,11.0,0,,0
U102399,2024-02-08,Business,APAC,Organic,SMB,28,812,17.0,2,5.0,0
U102400,2024-08-26,Free,NA,Partner,Mid-Market,1,0,12.0,0,,0
U102401,2024-08-28,Free,NA,Paid,SMB,1,0,0.0,0,,1
U102402,2024-09-06,Starter,EMEA,Organic,SMB,3,36,17.0,1,3.7,0
U102403,2025-06-03,Free,NA,Organic,Mid-Market,1,0,3.0,1,4.7,1
U102404,2025-05-07,Free,,Organic,Enterprise,1,0,18.0,1,4.1,0
U102405,2024-08-14,Free,EMEA,Referral,SMB,1,0,16.0,1,4.5,0
U102406,2024-02-01,Starter,APAC,Organic,SMB,6,72,25.0,2,3.9,0
U102407,2024-05-06,Free,APAC,Referral,SMB,1,0,5.0,1,3.7,0
U102408,2024-02-04,Starter,APAC,Paid,SMB,2,24,18.0,2,3.6,0
U102409,2024-01-12,Free,EMEA,Organic,Enterprise,1,0,0.0,1,4.8,0
U102410,2024-12-09,Free,EMEA,Paid,Enterprise,1,0,17.0,0,,0
U102411,2024-08-20,Free,NA,Organic,SMB,1,0,14.0,0,,0
U102412,2024-04-19,Starter,NA,Partner,SMB,7,84,10.0,0,,0
U102413,2024-11-06,Free,NA,Organic,Mid-Market,1,0,0.0,0,,0
U102414,2024-02-08,Enterprise,EMEA,Organic,Enterprise,34,1666,20.0,1,5.0,0
U102415,2025-02-06,Free,LATAM,Organic,SMB,1,0,1.0,2,4.4,0
U102416,2024-10-26,Free,LATAM,Organic,Mid-Market,1,0,1.0,1,3.2,0
U102417,2024-04-29,Free,APAC,Referral,SMB,1,0,0.0,0,,0
U102418,2024-09-25,Business,,Paid,SMB,26,754,21.0,2,3.7,0
U102419,2024-11-03,starter,LATAM,Referral,Enterprise,4,48,0.0,0,,0
U102420,2024-01-17,Business,LATAM,Organic,SMB,22,638,12.0,1,5.0,0
U102421,2024-03-17,Starter,APAC,Organic,SMB,6,72,4.0,0,,0
U102422,2024-06-06,Business,NA,Referral,SMB,30,870,24.0,0,,0
U102423,2024-08-28,Business,APAC,Organic,SMB,37,1073,25.0,2,5.0,0
U102424,2025-06-21,Free,APAC,Paid,Mid-Market,1,0,9.0,0,,0
U102425,2024-06-11,Enterprise,EMEA,Paid,Enterprise,58,2842,18.0,4,3.3,0
U102426,2025-02-11,free,LATAM,Organic,SMB,1,0,7.0,0,,1
U102427,2025-04-24,Free,APAC,Organic,SMB,1,0,2.0,0,,1
U102428,2024-01-08,Free,EMEA,Organic,SMB,1,0,1.0,0,,0
U102429,2024-11-11,Free,EMEA,Organic,Enterprise,1,0,0.0,0,,0
U102430,2025-04-09,Business,EMEA,Organic,Mid-Market,19,551,23.0,3,4.0,1
U102431,2024-07-28,Starter,LATAM,Partner,Mid-Market,3,36,15.0,1,5.0,0
U102432,2024-10-24,Free,APAC,Organic,SMB,1,0,9.0,0,,0
U102433,2025-02-10,Starter,LATAM,Organic,Mid-Market,6,72,12.0,0,,0
U102434,2024-06-03,Free,APAC,Organic,Mid-Market,1,0,0.0,0,,1
U102435,2024-06-14,Free,EMEA,Organic,SMB,1,0,9.0,0,,0
U102436,2025-04-17,Starter,EMEA,Organic,SMB,6,72,6.0,0,,0
U102437,2025-02-22,Free,EMEA,Organic,Mid-Market,1,0,11.0,0,,0
U102438,2024-05-05,Free,NA,Organic,SMB,1,0,0.0,0,,0
U102439,2025-03-13,Business,LATAM,Referral,Mid-Market,22,638,16.0,3,3.8,0
U102440,2024-05-13,Business,NA,Referral,SMB,13,377,13.0,1,4.4,0
U102441,2024-01-25,Free,EMEA,Partner,Mid-Market,1,0,7.0,0,,0
U102442,2024-08-05,Starter,EMEA,Organic,SMB,4,48,15.0,1,3.4,0
U102443,2025-02-09,Free,NA,Paid,SMB,1,0,10.0,0,,0
U102444,2025-06-19,Free,EMEA,Organic,SMB,1,0,10.0,1,4.2,0
U102445,2024-07-25,starter,NA,Organic,SMB,5,60,17.0,1,4.2,0
U102446,2024-11-06,Free,EMEA,Organic,Mid-Market,1,0,0.0,1,3.7,1
U102447,2025-03-28,Free,LATAM,Organic,Mid-Market,1,0,12.0,0,,0
U102448,2025-06-14,Starter,EMEA,Referral,SMB,7,84,13.0,0,,0
U102449,2024-06-16,Business,EMEA,Organic,Enterprise,39,1131,28.0,1,5.0,0
U102450,2025-05-06,Free,LATAM,Organic,Enterprise,1,0,6.0,0,,1
U102451,2024-12-07,Business,NA,Paid,SMB,39,1131,26.0,0,,0
U102452,2024-01-17,Starter,NA,Organic,SMB,2,24,3.0,2,4.2,0
U102453,2024-12-23,Free,NA,Paid,Mid-Market,1,0,0.0,0,,0
U102454,2024-09-24,Business,APAC,Organic,SMB,18,522,18.0,4,2.6,1
U102455,2025-02-28,Business,APAC,Organic,Mid-Market,15,435,27.0,5,1.1,0
U102456,2024-12-29,Free,NA,Organic,SMB,1,0,5.0,0,,0
U102457,2025-05-03,Free,EMEA,Organic,SMB,1,0,12.0,0,,0
U102458,2024-07-05,Free,NA,Organic,SMB,1,0,17.0,0,,0
U102459,2024-04-02,Starter,APAC,Organic,SMB,2,24,8.0,1,5.0,0
U102460,2024-04-02,Free,NA,Organic,Mid-Market,1,0,6.0,0,,0
U102461,2024-02-23,Starter,NA,Paid,SMB,7,84,18.0,3,4.3,0
U102462,2025-01-15,Starter,NA,Referral,SMB,3,36,4.0,2,2.9,1
U102463,2024-03-02,Business,EMEA,Referral,SMB,16,464,12.0,4,4.6,1
U102464,2024-02-11,Free,NA,Organic,SMB,1,0,11.0,0,,1
U102465,2024-11-15,Free,APAC,Referral,SMB,1,0,4.0,1,3.1,0
U102466,2024-01-29,Free,EMEA,Organic,SMB,1,0,12.0,1,4.9,0
U102467,2025-01-09,Business,NA,Organic,Mid-Market,36,1044,27.0,3,3.3,0
U102468,2024-05-22,Starter,APAC,Organic,SMB,2,24,20.0,2,4.4,0
U102469,2025-06-15,Enterprise,EMEA,Paid,Enterprise,210,10290,23.0,1,5.0,0
U102470,2024-09-23,Free,LATAM,Organic,Mid-Market,1,0,2.0,0,,0
U102471,2025-04-30,Starter,EMEA,Referral,SMB,2,24,18.0,2,3.6,0
U102472,2025-05-20,Free,NA,Organic,SMB,1,0,12.0,0,,0
U102473,2024-09-14,Free,NA,Paid,Mid-Market,1,0,12.0,0,,0
U102474,2024-02-20,Enterprise,APAC,Organic,SMB,174,8526,25.0,2,4.0,0
U102475,2025-03-16,Starter,LATAM,Partner,SMB,3,36,20.0,1,5.0,0
U102476,2024-05-13,Free,LATAM,Paid,Enterprise,1,0,0.0,0,,0
U102477,2024-05-16,Enterprise,NA,Organic,Mid-Market,64,3136,25.0,1,5.0,0
U102478,2024-04-30,Enterprise,NA,Organic,Enterprise,140,6860,23.0,3,4.5,0
U102479,2024-01-12,Business,NA,Organic,SMB,19,551,22.0,3,3.2,0
U102480,2024-07-05,Starter,NA,Partner,Enterprise,2,24,15.0,0,,0
U102481,2024-11-27,Enterprise,NA,Paid,SMB,78,3822,14.0,2,4.4,0
U102482,2024-12-18,Free,NA,Organic,SMB,1,0,0.0,1,4.4,1
U102483,2024-06-10,Business,EMEA,Partner,SMB,20,580,20.0,2,3.1,0
U102484,2025-03-03,Enterprise,NA,Paid,Mid-Market,271,13279,38.0,5,4.8,0
U102485,2024-06-12,Free,NA,Referral,Mid-Market,1,0,9.0,0,,0
U102486,2024-12-25,Free,NA,Organic,SMB,1,0,0.0,0,,0
U102487,2024-10-22,Starter,LATAM,Organic,SMB,3,36,11.0,0,,0
U102488,2024-02-11,Business,,Partner,Mid-Market,29,841,17.0,2,4.5,0
U102489,2024-08-15,Starter,EMEA,Paid,Enterprise,2,24,8.0,0,,1
U102490,2024-03-05,Free,,Organic,SMB,1,0,20.0,0,,0
U102491,2024-10-16,Enterprise,NA,Referral,SMB,290,14210,29.0,2,3.9,0
U102492,2025-02-24,Free,NA,Organic,SMB,1,0,1.0,0,,0
U102493,2024-02-24,Starter,NA,Referral,SMB,6,72,3.0,0,,1
U102494,2024-10-08,Enterprise,NA,Organic,SMB,271,13279,21.0,2,3.0,1
U102495,2024-06-09,Business,NA,Paid,SMB,19,551,32.0,5,4.8,1
U102496,2025-02-17,Free,NA,Organic,Enterprise,1,0,0.0,1,3.1,1
U102497,2025-01-16,free,NA,Referral,Enterprise,1,0,1.0,0,,1
U102498,2025-01-17,Starter,APAC,Organic,Mid-Market,3,36,17.0,0,,0
U102499,2024-12-24,Starter,APAC,Organic,Mid-Market,3,36,10.0,1,4.2,0
U102500,2024-10-14,Free,NA,Organic,Mid-Market,1,0,5.0,0,,0
U102501,2024-07-16,Starter,EMEA,Organic,Enterprise,3,36,21.0,1,3.8,0
U102502,2024-12-03,Enterprise,EMEA,Organic,SMB,225,11025,29.0,4,3.3,0
U102503,2024-12-18,Starter,EMEA,Referral,SMB,7,84,8.0,0,,0
U102504,2025-04-28,Free,EMEA,Organic,SMB,1,0,10.0,1,3.6,0
U102505,2025-05-11,Free,LATAM,Paid,SMB,1,0,0.0,0,,1
U102506,2025-03-09,Starter,APAC,Referral,SMB,2,24,34.0,0,,0
U102507,2024-01-11,Free,EMEA,Organic,Enterprise,1,0,0.0,0,,1
U102508,2024-11-07,Free,LATAM,Partner,SMB,1,0,0.0,1,4.6,1
U102509,2024-07-05,Free,LATAM,Organic,SMB,1,0,6.0,0,,1
U102510,2024-08-29,Free,NA,Organic,SMB,1,0,9.0,0,,0
U102511,2025-02-21,Enterprise,EMEA,Organic,SMB,150,7350,19.0,8,2.7,0
U102512,2024-11-02,free,EMEA,Paid,SMB,1,0,3.0,0,,0
U102513,2024-09-23,Business,EMEA,Organic,Mid-Market,31,899,19.0,5,4.7,1
U102514,2024-10-23,Starter,NA,Organic,SMB,5,60,21.0,3,4.2,0
U102515,2025-01-03,Starter,EMEA,Organic,SMB,5,60,11.0,0,,1
U102516,2024-05-01,Business,LATAM,Organic,SMB,38,1102,16.0,0,,0
U102517,2024-01-27,Starter,APAC,Organic,Mid-Market,4,48,11.0,0,,0
U102518,2024-01-29,Starter,NA,Organic,Mid-Market,7,84,9.0,1,3.4,0
U102519,2024-12-20,Free,,Organic,Mid-Market,1,0,0.0,0,,0
U102520,2025-05-05,Business,EMEA,Paid,SMB,14,406,27.0,0,,0
U102521,2024-09-05,Starter,NA,Organic,SMB,6,72,15.0,1,4.6,0
U102522,2024-06-04,Starter,NA,Referral,SMB,5,60,14.0,1,5.0,0
U102523,2025-02-03,Business,EMEA,Paid,Enterprise,29,841,8.0,1,3.3,1
U102524,2024-11-07,Starter,EMEA,Organic,SMB,2,24,13.0,0,,0
U102525,2024-01-29,Starter,EMEA,Organic,Enterprise,6,72,0.0,1,3.8,0
U102526,2024-08-19,Starter,APAC,Organic,SMB,5,60,3.0,0,,0
U102527,2024-02-20,Starter,NA,Partner,SMB,6,72,11.0,2,3.6,0
U102528,2025-01-12,Business,LATAM,Organic,Enterprise,12,348,24.0,2,4.4,0
U102529,2024-09-26,Free,APAC,Organic,Mid-Market,1,0,6.0,0,,0
U102530,2024-07-27,Business,EMEA,Organic,Mid-Market,32,928,23.0,1,3.5,0
U102531,2024-07-13,Starter,NA,Organic,SMB,5,60,20.0,1,3.7,0
U102532,2024-04-17,Free,APAC,Partner,SMB,1,0,6.0,0,,0
U102533,2025-04-25,Free,EMEA,Partner,SMB,1,0,17.0,0,,0
U102534,2024-09-28,starter,NA,Paid,SMB,4,48,12.0,0,,0
U102535,2025-01-30,Starter,EMEA,Organic,Enterprise,3,36,12.0,1,4.2,0
U102536,2024-11-27,Starter,NA,Referral,Mid-Market,2,24,11.0,1,3.8,1
U102537,2024-04-02,Business,EMEA,Paid,SMB,26,754,23.0,0,,0
U102538,2024-01-31,Starter,EMEA,Organic,SMB,3,36,,2,5.0,0
U102539,2025-01-15,Free,EMEA,Paid,SMB,1,0,13.0,0,,0
U102540,2025-06-14,Free,APAC,Organic,Mid-Market,1,0,13.0,0,,0
U102541,2024-09-02,Starter,NA,Paid,SMB,7,84,23.0,0,,0
U102542,2024-11-18,Business,APAC,Paid,Enterprise,38,1102,31.0,5,2.0,1
U102543,2024-02-14,Free,APAC,Organic,SMB,1,0,19.0,0,,0
U102544,2025-02-04,Free,NA,Referral,Enterprise,1,0,0.0,0,,0
U102545,2024-03-07,Business,EMEA,Paid,Enterprise,37,1073,14.0,1,4.7,0
U102546,2024-01-17,Starter,EMEA,Paid,SMB,7,84,6.0,0,,0
U102547,2024-09-02,Business,APAC,Referral,SMB,12,348,19.0,2,1.5,0
U102548,2025-06-15,Starter,EMEA,Paid,Mid-Market,7,84,15.0,1,3.4,0
U102549,2024-12-19,Free,NA,Partner,Mid-Market,1,0,2.0,0,,0
U102550,2024-12-02,Free,NA,Organic,Mid-Market,1,0,11.0,0,,1
U102551,2024-08-03,Business,LATAM,Organic,SMB,17,493,28.0,1,4.6,0
U102552,2024-01-05,Business,APAC,Referral,SMB,6,174,12.0,2,2.1,0
U102553,2024-06-03,Free,NA,Paid,SMB,1,0,17.0,0,,1
U102554,2025-05-13,Free,LATAM,Organic,Mid-Market,1,0,1.0,0,,0
U102555,2025-04-26,Starter,NA,Organic,Mid-Market,3,36,11.0,0,,0
U102556,2024-02-04,Business,NA,Organic,Mid-Market,15,435,19.0,0,,0
U102557,2024-07-16,Starter,EMEA,Paid,Mid-Market,5,60,15.0,1,3.9,0
U102558,2024-11-14,Starter,NA,Organic,Mid-Market,2,24,16.0,1,5.0,0
U102559,2025-05-16,Starter,NA,Organic,SMB,5,60,11.0,1,4.2,0
U102560,2024-07-10,Free,NA,Partner,Mid-Market,1,0,0.0,0,,0
U102561,2024-02-02,Business,APAC,Organic,SMB,12,348,14.0,2,4.3,0
U102562,2024-06-28,Free,APAC,Partner,Enterprise,1,0,2.0,1,3.7,1
U102563,2024-09-19,Business,EMEA,Organic,SMB,23,667,22.0,1,5.0,0
U102564,2024-04-03,Free,APAC,Referral,Mid-Market,1,0,0.0,0,,0
U102565,2024-06-03,Enterprise,LATAM,Organic,Mid-Market,154,7546,13.0,2,4.6,0
U102566,2024-10-06,Starter,EMEA,Referral,SMB,2,24,27.0,0,,0
U102567,2024-12-24,Free,EMEA,Organic,SMB,1,0,7.0,0,,0
U102568,2024-04-13,Free,EMEA,Organic,SMB,1,0,12.0,0,,0
U102569,2024-02-24,Starter,EMEA,Organic,SMB,6,72,16.0,2,3.6,0
U102570,2025-02-13,Business,NA,Organic,SMB,19,551,15.0,3,2.5,1
U102571,2024-07-08,Starter,EMEA,Referral,SMB,2,24,21.0,1,3.6,0
U102572,2024-11-04,Free,NA,Paid,SMB,1,0,0.0,0,,0
U102573,2024-08-20,Free,EMEA,Paid,SMB,1,0,16.0,0,,0
U102574,2024-07-22,Free,APAC,Organic,SMB,1,0,9.0,0,,0
U102575,2024-05-12,Enterprise,NA,Paid,SMB,242,11858,27.0,3,4.3,1
U102576,2025-01-10,Free,NA,Partner,Enterprise,1,0,0.0,2,4.2,0
U102577,2024-10-25,Free,LATAM,Organic,Mid-Market,1,0,7.0,0,,0
U102578,2025-05-05,Free,NA,Organic,Enterprise,1,0,,0,,0
U102579,2024-03-27,Free,EMEA,Organic,SMB,1,0,2.0,0,,1
U102580,2024-10-27,Starter,APAC,Referral,SMB,2,24,17.0,1,3.1,0
U102581,2025-03-09,Starter,EMEA,Organic,SMB,5,60,13.0,1,2.7,1
U102582,2025-01-14,Free,EMEA,Organic,SMB,1,0,10.0,0,,0
U102583,2025-01-16,Free,NA,Organic,SMB,1,0,0.0,0,,0
U102584,2024-09-08,Starter,NA,Organic,SMB,4,48,11.0,1,5.0,0
U102585,2024-04-11,Starter,APAC,Organic,SMB,3,36,17.0,1,4.4,0
U102586,2024-03-05,Starter,NA,Organic,SMB,7,84,20.0,1,4.9,0
U102587,2024-09-15,Free,EMEA,Organic,Mid-Market,1,0,0.0,0,,0
U102588,2024-09-05,Free,NA,Organic,SMB,1,0,9.0,0,,0
U102589,2024-03-22,Starter,APAC,Organic,SMB,7,84,20.0,2,4.9,0
U102590,2025-05-29,Starter,EMEA,Paid,Mid-Market,6,72,14.0,2,4.9,1
U102591,2025-05-19,free,EMEA,Referral,Mid-Market,1,0,4.0,1,4.2,0
U102592,2025-02-20,Starter,LATAM,Partner,Mid-Market,5,60,13.0,0,,0
U102593,2024-11-08,Free,LATAM,Paid,SMB,1,0,13.0,0,,0
U102594,2024-10-10,Free,NA,Paid,Mid-Market,1,0,0.0,0,,0
U102595,2024-03-08,Starter,NA,Paid,SMB,7,84,13.0,1,4.3,1
U102596,2024-12-04,Business,EMEA,Paid,Mid-Market,26,754,13.0,2,2.6,0
U102597,2024-05-16,Starter,APAC,Organic,SMB,7,84,21.0,2,4.8,0
U102598,2024-07-30,Free,LATAM,Organic,Mid-Market,1,0,0.0,1,4.9,0
U102599,2024-03-29,Free,EMEA,Referral,Mid-Market,1,0,26.0,0,,0
U102600,2024-08-18,Enterprise,NA,Paid,Mid-Market,128,6272,17.0,1,4.0,0
U102601,2024-08-15,Free,NA,Paid,Mid-Market,1,0,0.0,0,,0
U102602,2024-12-02,Free,APAC,Paid,Enterprise,1,0,9.0,0,,0
U102603,2024-03-23,Free,EMEA,Partner,SMB,1,0,0.0,0,,0
U102604,2024-10-17,Free,EMEA,Partner,SMB,1,0,7.0,2,3.8,0
U102605,2024-02-22,Starter,APAC,Paid,Mid-Market,6,72,26.0,2,3.3,0
U102606,2025-01-05,Starter,EMEA,Organic,SMB,7,84,11.0,0,,0
U102607,2025-05-11,Free,NA,Paid,SMB,1,0,4.0,0,,0
U102608,2024-10-31,Free,NA,Partner,Mid-Market,1,0,3.0,1,4.2,0
U102609,2024-01-09,Business,NA,Organic,SMB,21,609,20.0,1,4.2,0
U102610,2024-03-07,Business,NA,Referral,SMB,10,290,23.0,1,4.2,0
U102611,2025-05-06,Free,NA,Referral,Enterprise,1,0,,0,,0
U102612,2025-05-10,Free,NA,Organic,Mid-Market,1,0,9.0,0,,0
U102613,2025-01-27,free,APAC,Organic,SMB,1,0,6.0,0,,0
U102614,2024-03-11,Starter,EMEA,Referral,SMB,3,36,20.0,0,,0
U102615,2024-12-18,Business,NA,Organic,SMB,25,725,29.0,1,3.5,0
U102616,2024-04-17,Starter,NA,Organic,SMB,7,84,9.0,2,3.9,0
U102617,2025-05-09,Starter,LATAM,Organic,SMB,7,84,7.0,0,,0
U102618,2025-05-09,Starter,LATAM,Organic,Enterprise,4,48,17.0,1,4.2,0
U102619,2024-12-07,Business,EMEA,Referral,SMB,7,203,26.0,1,3.7,0
U102620,2024-11-11,Enterprise,EMEA,Paid,SMB,295,14455,24.0,3,4.6,0
U102621,2024-01-14,Enterprise,NA,Organic,Enterprise,91,4459,30.0,1,4.9,0
U102622,2024-02-29,Starter,EMEA,Paid,SMB,5,60,10.0,2,3.9,0
U102623,2024-07-03,Enterprise,EMEA,Partner,Mid-Market,224,10976,26.0,1,4.6,0
U102624,2024-05-12,Free,LATAM,Referral,SMB,1,0,11.0,0,,1
U102625,2025-04-06,Starter,NA,Referral,Mid-Market,2,24,20.0,0,,0
U102626,2025-03-31,business,NA,Organic,Mid-Market,16,464,26.0,1,4.4,0
U102627,2024-04-29,Free,NA,Organic,SMB,1,0,11.0,0,,0
U102628,2025-05-18,Starter,NA,Partner,Mid-Market,4,48,14.0,2,4.4,0
U102629,2025-01-02,Free,EMEA,Paid,SMB,1,0,6.0,2,3.2,0
U102630,2024-05-13,Business,NA,Organic,SMB,8,232,23.0,2,2.9,0
U102631,2024-05-23,Free,EMEA,Paid,SMB,1,0,2.0,0,,0
U102632,2024-12-21,Free,NA,Organic,SMB,1,0,0.0,0,,0
U102633,2024-01-05,Enterprise,NA,Organic,SMB,57,2793,23.0,5,3.5,0
U102634,2025-01-10,Starter,NA,Organic,SMB,4,48,19.0,0,,0
U102635,2025-04-27,Starter,NA,Organic,Mid-Market,5,60,15.0,1,3.7,0
U102636,2024-06-01,Enterprise,NA,Organic,SMB,82,4018,31.0,0,,0
U102637,2024-10-10,Starter,EMEA,Paid,SMB,6,72,7.0,1,4.8,0
U102638,2024-07-06,Enterprise,NA,Paid,Enterprise,183,8967,35.0,0,,0
U102639,2024-11-12,business,NA,Referral,SMB,19,551,19.0,1,4.5,0
U102640,2025-02-02,Free,EMEA,Paid,SMB,1,0,0.0,0,,0
U102641,2024-07-21,Free,NA,Paid,SMB,1,0,,0,,0
U102642,2024-11-30,Business,NA,Organic,Mid-Market,20,580,24.0,3,3.3,0
U102643,2024-05-28,Free,EMEA,Organic,Enterprise,1,0,1.0,0,,1
U102644,2024-04-06,Business,APAC,Organic,Mid-Market,36,1044,16.0,1,4.4,0
U102645,2025-01-01,Starter,EMEA,Paid,Mid-Market,3,36,26.0,2,3.6,0
U102646,2024-07-17,Enterprise,NA,Paid,Mid-Market,127,6223,13.0,2,3.5,0
U102647,2025-04-29,Free,EMEA,Referral,Enterprise,1,0,,0,,0
U102648,2025-02-09,Business,NA,Organic,Mid-Market,33,957,21.0,2,3.0,0
U102649,2025-02-20,Free,APAC,Organic,SMB,1,0,14.0,0,,0
U102650,2025-03-25,Enterprise,APAC,Paid,SMB,189,9261,21.0,1,4.6,0
U102651,2025-01-09,Starter,APAC,Organic,Enterprise,2,24,15.0,2,3.5,0
U102652,2024-01-11,Free,APAC,Organic,Enterprise,1,0,15.0,0,,0
U102653,2024-04-18,Business,NA,Organic,Enterprise,19,551,14.0,1,3.4,0
U102654,2024-08-16,Starter,NA,Organic,SMB,3,36,8.0,1,3.6,0
U102655,2024-01-31,Starter,EMEA,Organic,Mid-Market,7,84,10.0,1,3.8,0
U102656,2024-03-18,Starter,NA,Paid,SMB,6,72,22.0,0,,0
U102657,2024-04-08,Starter,NA,Paid,SMB,5,60,8.0,2,5.0,0
U102658,2025-03-23,Starter,NA,Paid,SMB,5,60,22.0,0,,0
U102659,2024-12-06,Free,APAC,Organic,SMB,1,0,14.0,0,,1
U102660,2024-01-21,Free,EMEA,Referral,SMB,1,0,3.0,0,,1
U102661,2024-12-16,Enterprise,,Partner,SMB,61,2989,18.0,2,4.6,0
U102662,2024-06-10,Business,NA,Paid,SMB,26,754,7.0,0,,0
U102663,2024-11-07,Starter,NA,Paid,Enterprise,2,24,11.0,0,,1
U102664,2024-11-03,Starter,NA,Organic,SMB,6,72,14.0,2,4.4,0
U102665,2025-01-15,Free,NA,Paid,Enterprise,1,0,11.0,0,,0
U102666,2025-01-19,Starter,LATAM,Organic,SMB,7,84,11.0,1,4.7,0
U102667,2024-02-07,Starter,EMEA,Organic,Mid-Market,7,84,23.0,0,,0
U102668,2024-01-30,Free,NA,Organic,Enterprise,1,0,0.0,1,2.6,1
U102669,2024-05-20,Free,NA,Organic,Mid-Market,1,0,0.0,0,,0
U102670,2024-03-29,Free,APAC,Organic,SMB,1,0,9.0,0,,1
U102671,2024-03-08,Free,APAC,Partner,SMB,1,0,0.0,1,4.2,1
U102672,2025-01-03,Starter,LATAM,Organic,Mid-Market,4,48,0.0,3,4.4,1
U102673,2024-10-15,Starter,APAC,Referral,SMB,6,72,18.0,1,4.7,1
U102674,2024-01-20,Business,EMEA,Referral,Mid-Market,31,899,21.0,0,,0
U102675,2024-05-10,Starter,NA,Organic,Mid-Market,6,72,3.0,0,,0
U102676,2024-07-23,Free,EMEA,Organic,SMB,1,0,0.0,0,,0
U102677,2025-05-08,starter,EMEA,Organic,Mid-Market,5,60,13.0,0,,0
U102678,2025-02-28,Free,APAC,Paid,SMB,1,0,8.0,1,4.1,0
U102679,2024-07-01,Starter,LATAM,Organic,SMB,2,24,18.0,1,3.9,0
U102680,2024-12-30,Business,NA,Organic,SMB,14,406,25.0,2,4.4,0
U102681,2024-07-29,Starter,EMEA,Referral,Mid-Market,2,24,17.0,1,5.0,0
U102682,2025-03-15,Free,EMEA,Organic,Enterprise,1,0,7.0,0,,0
U102683,2024-06-11,Starter,EMEA,Organic,Enterprise,2,24,5.0,0,,0
U102684,2024-08-12,Free,EMEA,Organic,SMB,1,0,18.0,0,,0
U102685,2024-12-05,Free,LATAM,Referral,Enterprise,1,0,3.0,0,,0
U102686,2024-11-17,Starter,NA,Organic,Enterprise,7,84,16.0,0,,0
U102687,2024-05-16,Starter,APAC,Organic,SMB,4,48,13.0,1,3.3,1
U102688,2024-10-31,Free,EMEA,Referral,SMB,1,0,,1,5.0,0
U102689,2024-03-12,Enterprise,EMEA,Partner,SMB,191,9359,23.0,4,4.4,1
U102690,2024-07-16,Free,LATAM,Partner,Mid-Market,1,0,7.0,0,,0
U102691,2024-08-09,Free,APAC,Organic,Mid-Market,1,0,15.0,1,5.0,0
U102692,2024-05-09,Free,NA,Organic,SMB,1,0,2.0,0,,0
U102693,2024-02-09,Starter,NA,Referral,Enterprise,4,48,11.0,0,,0
U102694,2024-07-20,Free,APAC,Organic,SMB,1,0,0.0,0,,0
U102695,2024-05-06,Business,NA,Organic,SMB,27,783,19.0,0,,0
U102696,2024-11-10,Free,NA,Referral,SMB,1,0,3.0,0,,0
U102697,2024-12-20,Business,NA,Referral,Mid-Market,35,1015,19.0,2,5.0,1
U102698,2025-04-20,Business,NA,Organic,Mid-Market,19,551,17.0,2,4.1,0
U102699,2024-02-24,Free,EMEA,Paid,SMB,1,0,12.0,2,3.7,0
U102700,2024-02-17,Free,EMEA,Organic,Mid-Market,1,0,0.0,0,,0
U102701,2024-05-02,Free,,Paid,SMB,1,0,18.0,0,,0
U102702,2024-11-23,Starter,APAC,Organic,SMB,2,24,17.0,0,,0
U102703,2024-03-04,Business,APAC,Organic,Mid-Market,12,348,23.0,1,3.9,1
U102704,2024-12-27,Free,APAC,Organic,SMB,1,0,1.0,0,,0
U102705,2025-01-06,Business,NA,Organic,SMB,38,1102,19.0,0,,1
U102706,2024-02-12,Free,,Organic,SMB,1,0,5.0,0,,0
U102707,2024-03-24,Business,NA,Organic,SMB,24,696,22.0,1,4.0,0
U102708,2024-08-23,Free,APAC,Paid,SMB,1,0,0.0,1,5.0,0
U102709,2024-09-14,Starter,NA,Paid,SMB,7,84,12.0,0,,0
U102710,2025-04-16,Free,EMEA,Organic,SMB,1,0,12.0,1,4.2,1
U102711,2024-05-27,Starter,,Paid,Mid-Market,3,36,21.0,1,3.4,0
U102712,2024-12-19,Free,,Paid,SMB,1,0,10.0,0,,0
U102713,2024-07-03,Starter,NA,Organic,SMB,4,48,23.0,1,3.9,0
U102714,2024-06-18,Starter,EMEA,Partner,Mid-Market,7,84,6.0,1,3.7,0
U102715,2025-04-03,Enterprise,EMEA,Organic,Mid-Market,258,12642,22.0,4,4.8,0
U102716,2025-05-09,Free,NA,Organic,SMB,1,0,13.0,0,,0
U102717,2025-06-15,Free,EMEA,Partner,Mid-Market,1,0,2.0,0,,0
U102718,2025-06-12,Free,NA,Organic,SMB,1,0,11.0,1,5.0,0
U102719,2024-06-30,Free,EMEA,Partner,SMB,1,0,8.0,1,4.8,0
U102720,2024-04-26,Starter,LATAM,Organic,Mid-Market,6,72,4.0,0,,1
U102721,2024-03-11,Starter,EMEA,Paid,SMB,7,84,8.0,0,,0
U102722,2025-02-15,Free,,Paid,SMB,1,0,7.0,0,,0
U102723,2025-01-06,Free,APAC,Organic,SMB,1,0,11.0,0,,0
U102724,2025-01-16,Business,EMEA,Organic,SMB,19,551,20.0,4,3.7,0
U102725,2024-02-02,Starter,LATAM,Referral,SMB,6,72,9.0,1,4.7,1
U102726,2025-01-24,Free,NA,Paid,Mid-Market,1,0,18.0,0,,0
U102727,2024-05-22,Free,NA,Organic,Mid-Market,1,0,12.0,0,,0
U102728,2024-01-01,Business,EMEA,Organic,SMB,20,580,20.0,0,,0
U102729,2024-05-28,Free,NA,Organic,SMB,1,0,0.0,1,4.4,1
U102730,2025-03-10,Enterprise,NA,Organic,Mid-Market,213,10437,19.0,1,4.5,0
U102731,2025-02-04,Business,NA,Organic,SMB,29,841,15.0,2,4.9,0
U102732,2025-01-07,Free,EMEA,Paid,SMB,1,0,4.0,1,4.0,0
U102733,2024-07-15,Business,NA,Paid,SMB,21,609,38.0,2,5.0,0
U102734,2025-02-20,Business,NA,Referral,SMB,8,232,21.0,0,,0
U102735,2024-01-17,Starter,NA,Paid,SMB,3,36,20.0,0,,0
U102736,2024-07-28,Business,NA,Organic,SMB,9,261,13.0,1,5.0,0
U102737,2024-01-21,Starter,NA,Organic,SMB,7,84,16.0,1,4.2,0
U102738,2025-05-03,Free,EMEA,Organic,SMB,1,0,0.0,1,3.5,0
U102739,2024-05-13,Starter,NA,Organic,Enterprise,7,84,8.0,2,3.3,0
U102740,2024-07-17,Free,LATAM,Paid,Mid-Market,1,0,7.0,0,,0
U102741,2025-03-11,Starter,APAC,Organic,Mid-Market,3,36,,0,,0
U102742,2024-10-28,Starter,EMEA,Partner,Enterprise,4,48,15.0,0,,0
U102743,2024-05-04,Free,,Organic,SMB,1,0,1.0,0,,0
U102744,2024-04-28,Business,LATAM,Referral,Mid-Market,31,899,18.0,1,2.9,0
U102745,2025-05-06,Starter,,Organic,SMB,4,48,20.0,2,3.7,0
U102746,2024-09-03,Free,EMEA,Organic,Mid-Market,1,0,8.0,1,5.0,0
U102747,2024-03-08,Free,APAC,Organic,SMB,1,0,8.0,1,3.5,0
U102748,2025-06-06,Business,NA,Paid,Mid-Market,35,1015,27.0,1,5.0,0
U102749,2024-11-29,Free,NA,Organic,Mid-Market,1,0,2.0,0,,0
U102750,2025-02-25,Free,EMEA,Paid,Enterprise,1,0,11.0,2,4.6,0
U102751,2024-09-05,Starter,APAC,Referral,SMB,4,48,19.0,0,,0
U102752,2024-06-06,Free,EMEA,Organic,SMB,1,0,0.0,0,,1
U102753,2024-08-22,Starter,EMEA,Partner,Enterprise,5,60,15.0,0,,0
U102754,2025-05-23,Free,EMEA,Paid,SMB,1,0,2.0,1,5.0,1
U102755,2024-11-03,Starter,NA,Organic,SMB,7,84,18.0,3,4.7,0
U102756,2024-01-30,Free,EMEA,Organic,Mid-Market,1,0,3.0,1,3.6,1
U102757,2024-02-21,Free,LATAM,Partner,SMB,1,0,5.0,0,,1
U102758,2024-12-29,Starter,NA,Referral,Mid-Market,4,48,5.0,1,4.7,0
U102759,2024-09-12,Starter,APAC,Paid,SMB,2,24,20.0,0,,0
U102760,2025-02-21,Free,EMEA,Partner,SMB,1,0,0.0,0,,0
U102761,2024-09-15,Starter,APAC,Paid,SMB,2,24,11.0,0,,0
U102762,2024-09-14,Enterprise,APAC,Referral,SMB,155,7595,19.0,2,3.9,0
U102763,2024-01-28,Starter,EMEA,Paid,SMB,3,36,3.0,1,4.4,1
U102764,2024-11-14,Business,NA,Paid,Enterprise,5,145,23.0,0,,0
U102765,2024-01-31,Starter,NA,Organic,Enterprise,6,72,19.0,2,4.4,0
U102766,2025-02-08,Starter,EMEA,Paid,Mid-Market,6,72,21.0,0,,0
U102767,2024-12-01,Business,NA,Organic,SMB,14,406,22.0,2,3.1,0
U102768,2024-07-14,Business,APAC,Paid,SMB,15,435,,1,3.9,0
U102769,2024-03-26,Starter,EMEA,Paid,Mid-Market,6,72,10.0,1,4.0,1
U102770,2025-02-13,Free,NA,Referral,SMB,1,0,21.0,0,,0
U102771,2025-02-19,Starter,APAC,Organic,Enterprise,6,72,15.0,2,4.3,1
U102772,2024-06-21,Starter,NA,Organic,Mid-Market,2,24,5.0,2,4.3,0
U102773,2024-03-25,Business,EMEA,Paid,Enterprise,7,203,20.0,1,4.0,0
U102774,2024-03-19,Enterprise,EMEA,Paid,SMB,299,14651,30.0,2,5.0,0
U102775,2024-10-23,Free,NA,Paid,Enterprise,1,0,13.0,2,4.2,0
U102776,2024-02-09,Free,EMEA,Organic,Mid-Market,1,0,12.0,1,4.2,0
U102777,2024-03-13,Business,EMEA,Partner,SMB,39,1131,21.0,0,,1
U102778,2024-06-29,Free,APAC,Organic,Mid-Market,1,0,1.0,0,,0
U102779,2024-11-24,Enterprise,NA,Organic,SMB,243,11907,30.0,2,3.2,0
U102780,2024-01-24,Enterprise,NA,Organic,SMB,157,7693,17.0,3,4.2,0
U102781,2025-05-26,Business,NA,Paid,Enterprise,34,986,22.0,2,4.5,0
U102782,2025-05-14,Starter,EMEA,Partner,SMB,7,84,30.0,4,3.7,0
U102783,2024-05-01,Free,APAC,Organic,Enterprise,1,0,5.0,0,,0
U102784,2025-05-22,Starter,NA,Organic,SMB,4,48,4.0,1,3.3,0
U102785,2025-03-22,Starter,EMEA,Organic,Enterprise,6,72,17.0,0,,0
U102786,2025-06-20,Free,APAC,Organic,SMB,1,0,6.0,0,,0
U102787,2025-01-29,Enterprise,EMEA,Organic,SMB,224,10976,26.0,3,2.6,0
U102788,2024-06-08,Free,EMEA,Partner,Mid-Market,1,0,12.0,0,,0
U102789,2024-08-15,Starter,EMEA,Organic,SMB,6,72,15.0,0,,0
U102790,2024-05-27,Starter,APAC,Organic,Mid-Market,2,24,17.0,0,,0
U102791,2025-01-15,Free,EMEA,Paid,Enterprise,1,0,0.0,0,,0
U102792,2024-05-25,Free,EMEA,Referral,SMB,1,0,10.0,0,,0
U102793,2024-12-23,Starter,APAC,Paid,Enterprise,4,48,22.0,0,,0
U102794,2025-01-27,Business,EMEA,Organic,SMB,17,493,18.0,0,,0
U102795,2024-07-05,Starter,,Organic,SMB,3,36,10.0,0,,0
U102796,2024-08-29,Business,NA,Organic,SMB,25,725,30.0,2,3.5,0
U102797,2024-01-21,Business,LATAM,Organic,Enterprise,37,1073,25.0,2,3.2,1
U102798,2024-09-05,Enterprise,NA,Organic,SMB,100,4900,26.0,6,2.6,1
U102799,2024-07-30,Free,EMEA,Organic,Mid-Market,1,0,3.0,0,,0
U102800,2025-05-28,Free,NA,Organic,SMB,1,0,2.0,0,,0
U102801,2025-04-16,Free,NA,Partner,SMB,1,0,0.0,0,,1
U102802,2025-05-13,Free,NA,Referral,Mid-Market,1,0,0.0,1,3.5,1
U102803,2024-06-30,Starter,APAC,Referral,Mid-Market,5,60,24.0,0,,0
U102804,2024-08-07,Starter,EMEA,Paid,SMB,7,84,3.0,0,,0
U102805,2025-04-12,Free,NA,Paid,SMB,1,0,10.0,0,,0
U102806,2025-02-18,Starter,NA,Organic,SMB,3,36,21.0,1,5.0,0
U102807,2024-07-10,Starter,NA,Paid,SMB,4,48,18.0,1,4.8,1
U102808,2025-02-19,Enterprise,NA,Organic,SMB,138,6762,28.0,1,3.8,0
U102809,2024-03-08,Business,APAC,Organic,SMB,14,406,17.0,1,3.3,0
U102810,2024-06-25,Business,NA,Organic,SMB,16,464,13.0,3,3.2,0
U102811,2025-04-02,Starter,EMEA,Partner,SMB,2,24,13.0,1,3.7,0
U102812,2024-12-04,Business,NA,Paid,Mid-Market,23,667,32.0,1,3.6,0
U102813,2025-06-06,Business,NA,Organic,Mid-Market,38,1102,22.0,0,,0
U102814,2024-05-19,Starter,NA,Referral,SMB,6,72,20.0,0,,0
U102815,2024-08-03,Free,APAC,Organic,Mid-Market,1,0,22.0,0,,0
U102816,2024-03-17,Free,EMEA,Referral,SMB,1,0,0.0,0,,0
U102817,2025-04-10,Starter,APAC,Organic,Enterprise,4,48,17.0,0,,0
U102818,2024-11-02,Free,LATAM,Organic,SMB,1,0,14.0,0,,0
U102819,2024-06-27,Business,NA,Paid,SMB,7,203,22.0,0,,0
U102820,2024-11-22,Starter,LATAM,Organic,SMB,4,48,17.0,1,4.0,1
U102821,2024-04-25,Business,EMEA,Organic,Mid-Market,33,957,18.0,1,4.6,0
U102822,2025-06-21,Starter,LATAM,Organic,SMB,5,60,12.0,1,5.0,1
U102823,2024-10-20,Starter,LATAM,Organic,SMB,2,24,19.0,1,3.6,0
U102824,2024-01-01,Business,NA,Organic,Mid-Market,34,986,23.0,2,3.2,0
U102825,2024-03-23,Starter,NA,Organic,SMB,4,48,21.0,0,,0
U102826,2024-01-24,Starter,EMEA,Organic,Mid-Market,6,72,16.0,0,,0
U102827,2024-03-05,Starter,NA,Paid,SMB,6,72,17.0,0,,0
U102828,2024-10-28,Enterprise,EMEA,Organic,SMB,222,10878,28.0,0,,0
U102829,2025-05-23,Business,LATAM,Organic,Enterprise,35,1015,15.0,0,,0
U102830,2025-03-13,Starter,EMEA,Paid,SMB,6,72,13.0,2,2.6,0
U102831,2024-05-09,Free,APAC,Organic,Mid-Market,1,0,10.0,0,,0
U102832,2024-10-16,Business,APAC,Organic,SMB,27,783,21.0,4,2.4,1
U102833,2024-06-22,Free,NA,Referral,SMB,1,0,7.0,0,,1
U102834,2025-05-18,Free,EMEA,Paid,SMB,1,0,,0,,0
U102835,2024-02-25,Free,EMEA,Organic,SMB,1,0,17.0,0,,0
U102836,2025-01-28,Starter,EMEA,Paid,Enterprise,5,60,18.0,0,,0
U102837,2025-06-02,Free,NA,Paid,SMB,1,0,0.0,0,,1
U102838,2024-06-27,Starter,NA,Referral,Mid-Market,3,36,26.0,1,4.4,1
U102839,2025-01-07,Business,NA,Organic,SMB,15,435,19.0,2,4.0,0
U102840,2024-10-24,Starter,APAC,Organic,SMB,6,72,14.0,1,4.8,1
U102841,2024-12-11,Free,LATAM,Organic,SMB,1,0,13.0,1,3.5,1
U102842,2025-05-10,Business,NA,Referral,SMB,37,1073,23.0,1,5.0,0
U102843,2024-01-18,Free,APAC,Organic,SMB,1,0,8.0,0,,0
U102844,2024-09-21,Starter,EMEA,Organic,SMB,4,48,7.0,2,4.3,0
U102845,2024-08-01,Free,NA,Partner,Mid-Market,1,0,11.0,0,,0
U102846,2024-09-01,Starter,EMEA,Referral,Mid-Market,7,84,15.0,1,3.2,0
U102847,2025-04-02,Free,NA,Referral,SMB,1,0,22.0,0,,0
U102848,2024-05-03,Business,NA,Organic,SMB,18,522,20.0,3,3.8,0
U102849,2024-11-20,Business,APAC,Paid,SMB,35,1015,22.0,3,3.0,1
U102850,2024-10-18,Business,NA,Organic,SMB,17,493,21.0,3,4.5,0
U102851,2024-06-19,Business,APAC,Paid,Enterprise,37,1073,,1,5.0,0
U102852,2024-08-09,Business,APAC,Organic,SMB,24,696,24.0,1,4.5,0
U102853,2025-04-16,Free,NA,Organic,Enterprise,1,0,7.0,0,,0
U102854,2024-02-29,Free,APAC,Organic,Enterprise,1,0,3.0,1,3.4,0
U102855,2024-05-14,Enterprise,NA,Paid,Enterprise,90,4410,27.0,1,4.7,0
U102856,2025-05-14,Free,NA,Organic,SMB,1,0,14.0,1,3.9,0
U102857,2024-02-29,Enterprise,EMEA,Partner,SMB,295,14455,34.0,1,3.2,0
U102858,2024-12-08,Free,EMEA,Organic,SMB,1,0,0.0,0,,1
U102859,2024-11-07,Free,NA,Paid,Mid-Market,1,0,1.0,0,,0
U102860,2024-08-09,Starter,NA,Organic,Enterprise,4,48,17.0,0,,1
U102861,2024-08-17,Enterprise,APAC,Paid,Mid-Market,76,3724,18.0,2,4.4,1
U102862,2024-05-01,Starter,NA,Paid,SMB,5,60,25.0,1,4.1,0
U102863,2024-10-02,Starter,EMEA,Organic,SMB,3,36,11.0,2,3.2,1
U102864,2024-05-26,Free,NA,Organic,SMB,1,0,0.0,1,3.9,0
U102865,2025-04-20,Free,APAC,Partner,Mid-Market,1,0,9.0,0,,0
U102866,2024-02-12,Free,NA,Organic,SMB,1,0,16.0,0,,0
U102867,2024-09-13,Starter,APAC,Organic,Mid-Market,6,72,15.0,1,5.0,1
U102868,2024-04-08,Free,NA,Organic,SMB,1,0,0.0,1,3.4,1
U102869,2025-01-20,Free,EMEA,Partner,SMB,1,0,,0,,0
U102870,2025-02-14,Starter,NA,Organic,Mid-Market,7,84,12.0,0,,0
U102871,2024-06-30,Starter,LATAM,Referral,SMB,5,60,10.0,1,3.5,0
U102872,2024-04-24,Free,NA,Organic,Enterprise,1,0,3.0,1,4.0,0
U102873,2024-08-13,Free,EMEA,Organic,SMB,1,0,6.0,1,2.5,0
U102874,2024-03-03,Free,NA,Referral,Mid-Market,1,0,8.0,0,,0
U102875,2025-02-12,Free,EMEA,Organic,SMB,1,0,10.0,0,,0
U102876,2024-05-18,Free,NA,Paid,SMB,1,0,7.0,0,,0
U102877,2025-02-05,Enterprise,NA,Organic,SMB,286,14014,28.0,3,3.7,0
U102878,2024-06-15,Free,NA,Partner,SMB,1,0,0.0,0,,0
U102879,2024-08-16,Free,NA,Paid,Mid-Market,1,0,7.0,0,,0
U102880,2024-10-21,Enterprise,APAC,Paid,SMB,188,9212,22.0,2,4.3,0
U102881,2025-01-13,Free,EMEA,Referral,Mid-Market,1,0,2.0,0,,0
U102882,2025-02-26,Business,LATAM,Paid,SMB,6,174,20.0,0,,0
U102883,2025-04-30,Starter,LATAM,Organic,SMB,3,36,8.0,0,,0
U102884,2025-01-15,Business,EMEA,Organic,SMB,38,1102,9.0,2,4.3,1
U102885,2025-03-07,Free,EMEA,Organic,SMB,1,0,7.0,0,,0
U102886,2025-01-31,free,NA,Paid,Mid-Market,1,0,0.0,1,3.9,1
U102887,2025-03-02,Free,EMEA,Organic,SMB,1,0,0.0,1,3.9,0
U102888,2024-09-29,Business,LATAM,Paid,SMB,16,464,15.0,1,5.0,1
U102889,2025-03-01,Business,LATAM,Organic,SMB,33,957,11.0,0,,0
U102890,2025-06-15,Business,NA,Referral,SMB,30,870,22.0,2,3.8,0
U102891,2024-06-17,Business,NA,Organic,SMB,13,377,5.0,0,,1
U102892,2025-04-29,Free,NA,Organic,Enterprise,1,0,0.0,0,,0
U102893,2024-12-31,Starter,APAC,Referral,SMB,6,72,6.0,0,,0
U102894,2024-08-15,Business,EMEA,Paid,SMB,13,377,22.0,2,4.2,0
U102895,2024-09-19,free,EMEA,Paid,SMB,1,0,2.0,0,,1
U102896,2025-02-12,Business,EMEA,Organic,SMB,5,145,26.0,0,,0
U102897,2025-05-17,Free,EMEA,Paid,Mid-Market,1,0,14.0,1,4.6,0
U102898,2025-01-07,Business,NA,Referral,SMB,23,667,21.0,0,,0
U102899,2024-12-25,Business,LATAM,Organic,SMB,23,667,3.0,0,,0
U102900,2024-02-16,Business,NA,Organic,SMB,15,435,15.0,3,2.8,0
U102901,2025-03-07,Enterprise,NA,Organic,SMB,270,13230,25.0,3,3.9,0
U102902,2024-02-17,Free,EMEA,Paid,Mid-Market,1,0,5.0,1,4.2,0
U102903,2024-06-01,Starter,NA,Paid,SMB,7,84,15.0,1,4.1,0
U102904,2025-06-07,Starter,APAC,Organic,Mid-Market,5,60,13.0,1,4.6,1
U102905,2025-02-13,Starter,LATAM,Organic,SMB,4,48,11.0,0,,0
U102906,2024-03-01,Free,NA,Organic,SMB,1,0,0.0,0,,0
U102907,2024-12-17,Free,NA,Referral,SMB,1,0,7.0,1,5.0,0
U102908,2024-09-18,Free,,Paid,SMB,1,0,11.0,0,,0
U102909,2025-05-21,Free,LATAM,Organic,SMB,1,0,0.0,0,,0
U102910,2024-06-09,Business,NA,Organic,SMB,15,435,24.0,0,,0
U102911,2024-05-26,Starter,APAC,Referral,SMB,5,60,22.0,0,,0
U102912,2024-06-16,Free,NA,Paid,Enterprise,1,0,2.0,1,3.5,0
U102913,2024-07-16,Free,LATAM,Organic,SMB,1,0,11.0,1,4.0,0
U102914,2024-06-21,Free,NA,Paid,SMB,1,0,8.0,1,4.1,0
U102915,2025-06-17,Free,APAC,Paid,SMB,1,0,13.0,0,,0
U102916,2024-01-09,Free,NA,Paid,SMB,1,0,7.0,1,3.9,0
U102917,2024-04-28,Business,APAC,Paid,SMB,6,174,,2,4.6,0
U102918,2024-05-20,Business,LATAM,Organic,SMB,37,1073,23.0,0,,0
U102919,2024-02-07,Free,LATAM,Organic,SMB,1,0,4.0,0,,0
U102920,2025-01-18,Business,EMEA,Organic,SMB,30,870,35.0,0,,0
U102921,2025-04-13,Starter,EMEA,Paid,Mid-Market,2,24,17.0,2,2.7,0
U102922,2024-07-21,Business,EMEA,Organic,Mid-Market,5,145,27.0,0,,0
U102923,2024-08-18,Business,NA,Organic,SMB,17,493,20.0,2,5.0,0
U102924,2024-11-24,Business,EMEA,Organic,SMB,5,145,27.0,1,3.6,0
U102925,2024-01-26,Free,EMEA,Organic,SMB,1,0,17.0,0,,1
U102926,2025-04-20,Free,NA,Referral,Mid-Market,1,0,0.0,2,5.0,0
U102927,2024-03-30,Starter,NA,Paid,SMB,4,48,8.0,0,,0
U102928,2024-07-29,Business,EMEA,Referral,Mid-Market,15,435,16.0,0,,0
U102929,2025-06-18,Free,LATAM,Organic,Enterprise,1,0,14.0,0,,0
U102930,2025-05-11,Business,EMEA,Partner,SMB,34,986,20.0,2,3.5,0
U102931,2024-06-20,Starter,NA,Organic,Mid-Market,2,24,4.0,1,3.2,0
U102932,2024-11-18,Business,LATAM,Organic,SMB,38,1102,26.0,0,,0
U102933,2024-01-08,Free,EMEA,Referral,Mid-Market,1,0,8.0,0,,0
U102934,2024-06-25,Starter,EMEA,Paid,SMB,4,48,17.0,1,4.3,0
U102935,2024-09-25,Free,APAC,Organic,SMB,1,0,11.0,0,,0
U102936,2025-01-17,starter,NA,Paid,Mid-Market,3,36,11.0,1,4.6,1
U102937,2024-05-26,Free,LATAM,Organic,Mid-Market,1,0,0.0,2,4.9,1
U102938,2025-04-05,Business,EMEA,Organic,SMB,31,899,19.0,2,3.3,0
U102939,2024-12-30,Business,EMEA,Paid,Enterprise,33,957,19.0,1,5.0,0
U102940,2024-12-10,Starter,NA,Partner,SMB,3,36,8.0,0,,0
U102941,2025-03-21,Starter,EMEA,Partner,SMB,5,60,17.0,0,,0
U102942,2025-05-31,Business,NA,Organic,SMB,39,1131,11.0,1,4.2,0
U102943,2024-07-16,Free,LATAM,Organic,Mid-Market,1,0,16.0,0,,1
U102944,2024-10-29,Free,EMEA,Organic,SMB,1,0,22.0,0,,0
U102945,2024-04-16,Free,EMEA,Paid,SMB,1,0,0.0,0,,0
U102946,2025-01-10,Business,APAC,Referral,Mid-Market,17,493,20.0,3,3.0,0
U102947,2024-01-24,Free,APAC,Organic,Enterprise,1,0,23.0,1,4.9,0
U102948,2024-11-27,Starter,APAC,Paid,Mid-Market,6,72,15.0,1,4.2,0
U102949,2024-05-29,Free,EMEA,Referral,SMB,1,0,0.0,1,3.5,1
U102950,2024-07-04,Starter,APAC,Partner,Mid-Market,4,48,15.0,1,5.0,0
U102951,2024-06-06,Business,NA,Paid,SMB,7,203,17.0,2,3.4,1
U102952,2024-11-21,Starter,NA,Paid,Mid-Market,4,48,6.0,2,3.3,0
U102953,2025-01-18,Business,NA,Organic,SMB,19,551,16.0,5,2.9,0
U102954,2025-04-09,Business,APAC,Paid,SMB,32,928,17.0,5,1.6,1
U102955,2024-09-19,Business,APAC,Organic,SMB,16,464,17.0,4,2.8,0
U102956,2024-11-16,Enterprise,NA,Referral,Mid-Market,268,13132,8.0,1,4.5,0
U102957,2024-12-18,Starter,NA,Paid,Mid-Market,5,60,12.0,1,5.0,0
U102958,2024-04-07,Starter,NA,Paid,Enterprise,3,36,7.0,0,,0
U102959,2024-05-04,Starter,EMEA,Referral,SMB,5,60,0.0,1,2.7,1
U102960,2025-06-04,Free,APAC,Organic,SMB,1,0,8.0,0,,0
U102961,2024-11-16,Free,NA,Paid,Mid-Market,1,0,20.0,0,,0
U102962,2024-10-30,Starter,LATAM,Partner,SMB,7,84,18.0,0,,0
U102963,2024-11-10,Starter,NA,Referral,Mid-Market,5,60,18.0,1,3.7,0
U102964,2024-01-14,Starter,APAC,Referral,Mid-Market,5,60,31.0,1,4.0,0
U102965,2024-01-05,Starter,NA,Organic,SMB,2,24,4.0,1,3.9,0
U102966,2025-02-01,Free,EMEA,Partner,Mid-Market,1,0,4.0,0,,0
U102967,2024-10-28,Business,EMEA,Paid,SMB,20,580,16.0,1,4.1,0
U102968,2024-10-24,Free,NA,Organic,SMB,1,0,2.0,0,,0
U102969,2024-03-28,Starter,EMEA,Partner,SMB,6,72,9.0,0,,0
U102970,2025-05-10,Free,EMEA,Referral,Mid-Market,1,0,0.0,0,,0
U102971,2024-01-25,Free,NA,Organic,SMB,1,0,6.0,0,,1
U102972,2024-06-04,Enterprise,NA,Organic,SMB,57,2793,14.0,6,3.2,0
U102973,2024-09-06,Starter,EMEA,Organic,SMB,5,60,13.0,1,2.9,1
U102974,2025-05-08,Free,NA,Referral,SMB,1,0,0.0,1,4.2,1
U102975,2024-06-02,Starter,EMEA,Referral,SMB,5,60,8.0,1,4.0,0
U102976,2024-07-16,Free,EMEA,Paid,SMB,1,0,9.0,0,,0
U102977,2025-04-18,Free,EMEA,Paid,SMB,1,0,15.0,0,,0
U102978,2024-09-06,Free,NA,Organic,SMB,1,0,5.0,0,,1
U102979,2025-05-27,Starter,NA,Organic,Mid-Market,5,60,14.0,0,,0
U102980,2024-03-13,Free,LATAM,Organic,Enterprise,1,0,11.0,0,,0
U102981,2024-12-26,Starter,NA,Paid,SMB,5,60,10.0,2,4.3,1
U102982,2025-03-02,Business,NA,Partner,Enterprise,32,928,7.0,0,,0
U102983,2024-01-01,Starter,APAC,Organic,SMB,5,60,18.0,0,,0
U102984,2024-05-02,Free,NA,Organic,SMB,1,0,16.0,0,,0
U102985,2025-04-24,Business,NA,Paid,SMB,22,638,19.0,0,,0
U102986,2025-02-25,Business,APAC,Referral,Mid-Market,21,609,32.0,2,1.7,0
U102987,2024-01-14,Free,EMEA,Organic,SMB,1,0,3.0,0,,0
U102988,2025-01-20,Starter,NA,Paid,SMB,3,36,,1,4.0,0
U102989,2024-07-21,Starter,NA,Paid,Mid-Market,4,48,20.0,1,3.3,0
U102990,2024-10-01,Starter,EMEA,Organic,SMB,6,72,11.0,0,,0
U102991,2024-11-06,Business,APAC,Referral,SMB,36,1044,27.0,6,1.0,0
U102992,2024-08-13,Free,APAC,Organic,SMB,1,0,10.0,0,,1
U102993,2024-10-25,Free,NA,Referral,SMB,1,0,5.0,0,,1
U102994,2024-07-06,Starter,NA,Paid,SMB,4,48,16.0,1,4.8,0
U102995,2024-11-23,Starter,LATAM,Paid,Mid-Market,5,60,15.0,3,3.1,0
U102996,2024-04-01,Free,NA,Paid,Mid-Market,1,0,3.0,0,,0
U102997,2025-05-05,Free,APAC,Paid,SMB,1,0,,0,,0
U102998,2024-08-29,Free,NA,Organic,Mid-Market,1,0,7.0,1,4.6,0
U102999,2025-04-15,Free,APAC,Paid,SMB,1,0,7.0,0,,0
U103000,2024-01-05,Free,EMEA,Organic,Enterprise,1,0,15.0,2,5.0,0
U103001,2025-02-24,Free,EMEA,Organic,SMB,1,0,17.0,0,,0
U103002,2024-11-13,Business,EMEA,Partner,SMB,5,145,30.0,1,3.1,0
U103003,2025-05-03,Free,LATAM,Organic,Mid-Market,1,0,0.0,1,3.0,0
U103004,2024-04-10,Starter,EMEA,Partner,SMB,7,84,20.0,1,3.9,0
U103005,2024-07-15,Free,APAC,Organic,Mid-Market,1,0,15.0,1,4.8,0
U103006,2024-08-09,Business,,Organic,SMB,39,1131,22.0,1,3.2,1
U103007,2024-05-06,Free,APAC,Referral,Mid-Market,1,0,11.0,0,,0
U103008,2024-10-31,Enterprise,APAC,Organic,Enterprise,271,13279,24.0,1,4.9,0
U103009,2025-05-08,Starter,EMEA,Partner,Enterprise,2,24,5.0,0,,0
U103010,2025-02-23,Starter,NA,Organic,Enterprise,2,24,4.0,0,,0
U103011,2025-06-17,Free,EMEA,Organic,Mid-Market,1,0,15.0,0,,0
U103012,2024-09-11,Business,NA,Organic,SMB,21,609,26.0,1,4.3,0
U103013,2025-04-13,Free,NA,Organic,SMB,1,0,15.0,1,3.8,0
U103014,2024-04-26,Business,NA,Organic,Enterprise,36,1044,22.0,3,4.4,0
U103015,2024-02-07,Enterprise,EMEA,Organic,SMB,143,7007,19.0,0,,0
U103016,2024-10-03,Free,EMEA,Organic,Enterprise,1,0,5.0,0,,1
U103017,2024-08-13,Starter,NA,Organic,Enterprise,3,36,12.0,0,,0
U103018,2024-01-28,Starter,EMEA,Organic,Mid-Market,4,48,4.0,0,,0
U103019,2024-05-20,Free,NA,Partner,SMB,1,0,10.0,0,,0
U103020,2024-01-16,Business,NA,Referral,Enterprise,33,957,21.0,1,4.1,0
U103021,2024-12-17,Free,EMEA,Paid,SMB,1,0,4.0,0,,0
U103022,2024-03-08,Free,NA,Partner,Enterprise,1,0,18.0,0,,0
U103023,2025-02-07,Business,EMEA,Referral,SMB,13,377,27.0,0,,0
U103024,2025-06-19,Free,LATAM,Organic,SMB,1,0,15.0,0,,0
U103025,2024-06-22,Starter,EMEA,Organic,SMB,5,60,11.0,1,4.2,0
U103026,2025-03-24,Starter,NA,Paid,Enterprise,7,84,17.0,1,4.7,0
U103027,2025-01-29,Business,LATAM,Organic,Mid-Market,38,1102,14.0,1,4.5,0
U103028,2024-07-28,Starter,APAC,Referral,Mid-Market,2,24,19.0,2,3.8,0
U103029,2024-12-20,Free,NA,Referral,SMB,1,0,2.0,0,,1
U103030,2025-04-07,Starter,NA,Organic,Mid-Market,4,48,4.0,1,3.3,1
U103031,2024-04-07,Enterprise,LATAM,Organic,SMB,80,3920,20.0,5,3.3,1
U103032,2024-06-20,Free,EMEA,Organic,SMB,1,0,0.0,1,3.3,0
U103033,2024-11-08,Starter,NA,Organic,Mid-Market,4,48,11.0,1,3.9,0
U103034,2024-08-23,Starter,APAC,Organic,SMB,7,84,11.0,0,,0
U103035,2025-03-05,Free,LATAM,Paid,Mid-Market,1,0,0.0,0,,0
U103036,2025-02-07,Free,EMEA,Organic,SMB,1,0,6.0,0,,1
U103037,2025-04-22,Starter,APAC,Organic,SMB,3,36,19.0,1,4.1,0
U103038,2025-05-25,Free,,Referral,SMB,1,0,5.0,0,,0
U103039,2024-03-04,Starter,EMEA,Paid,Mid-Market,6,72,0.0,1,4.8,0
U103040,2025-02-19,Starter,EMEA,Organic,SMB,3,36,11.0,0,,0
U103041,2024-07-21,Business,APAC,Organic,Mid-Market,24,696,29.0,1,4.7,0
U103042,2025-06-22,Starter,EMEA,Organic,SMB,2,24,14.0,0,,0
U103043,2024-10-26,Business,NA,Organic,Enterprise,27,783,15.0,1,2.5,0
U103044,2024-10-03,Free,EMEA,Partner,Enterprise,1,0,4.0,0,,0
U103045,2024-10-04,Free,EMEA,Paid,Mid-Market,1,0,10.0,0,,0
U103046,2024-01-26,Free,EMEA,Paid,SMB,1,0,14.0,0,,0
U103047,2024-10-11,Starter,LATAM,Organic,SMB,7,84,12.0,2,4.3,0
U103048,2025-03-17,Free,APAC,Referral,Mid-Market,1,0,6.0,0,,1
U103049,2024-05-18,Free,APAC,Paid,SMB,1,0,6.0,0,,0
U103050,2024-06-25,Free,APAC,Organic,SMB,1,0,0.0,0,,0
U103051,2024-03-21,Free,LATAM,Partner,SMB,1,0,5.0,1,5.0,0
U103052,2025-02-27,Business,EMEA,Partner,Mid-Market,36,1044,4.0,1,4.4,0
U103053,2024-10-17,Starter,EMEA,Paid,SMB,7,84,19.0,1,3.2,0
U103054,2024-01-02,Starter,EMEA,Paid,Mid-Market,3,36,0.0,1,3.8,0
U103055,2024-09-18,Free,EMEA,Paid,SMB,1,0,2.0,0,,1
U103056,2024-11-11,Free,NA,Organic,Mid-Market,1,0,3.0,0,,1
U103057,2024-03-07,Free,NA,Organic,SMB,1,0,8.0,1,4.4,0
U103058,2024-01-28,Free,NA,Partner,SMB,1,0,8.0,0,,1
U103059,2024-10-15,Enterprise,APAC,Organic,SMB,122,5978,28.0,2,4.3,1
U103060,2024-09-21,Starter,EMEA,Paid,Mid-Market,5,60,23.0,1,3.7,0
U103061,2024-08-07,Business,NA,Paid,SMB,16,464,32.0,1,3.8,0
U103062,2025-03-05,Starter,NA,Organic,SMB,7,84,27.0,2,3.4,0
U103063,2025-02-01,Business,EMEA,Organic,Enterprise,9,261,13.0,1,4.4,0
U103064,2024-06-24,Business,EMEA,Referral,SMB,15,435,25.0,3,3.6,1
U103065,2024-06-19,Business,LATAM,Paid,SMB,31,899,26.0,3,4.0,0
U103066,2024-01-02,Free,LATAM,Organic,SMB,1,0,5.0,1,3.7,0
U103067,2025-03-11,Free,NA,Partner,SMB,1,0,15.0,2,2.9,0
U103068,2024-06-09,Free,EMEA,Paid,Enterprise,1,0,7.0,3,2.9,0
U103069,2025-06-19,Free,NA,Organic,SMB,1,0,12.0,0,,1
U103070,2025-02-12,Business,EMEA,Partner,SMB,37,1073,17.0,3,3.8,0
U103071,2025-01-28,Free,APAC,Referral,SMB,1,0,0.0,0,,0
U103072,2025-03-24,Business,LATAM,Organic,SMB,7,203,20.0,2,2.8,0
U103073,2025-04-15,Free,NA,Organic,SMB,1,0,7.0,0,,0
U103074,2025-05-16,business,NA,Referral,SMB,28,812,21.0,0,,0
U103075,2025-04-16,Starter,NA,Paid,Mid-Market,5,60,12.0,2,4.1,0
U103076,2024-07-21,Free,NA,Referral,SMB,1,0,0.0,0,,0
U103077,2024-01-12,Free,APAC,Paid,Mid-Market,1,0,0.0,0,,0
U103078,2024-04-30,Free,EMEA,Paid,Mid-Market,1,0,7.0,1,4.6,0
U103079,2024-01-14,Starter,NA,Paid,SMB,6,72,11.0,1,4.5,1
U103080,2024-02-04,Free,EMEA,Organic,SMB,1,0,5.0,0,,0
U103081,2025-06-09,Starter,EMEA,Paid,SMB,3,36,5.0,0,,0
U103082,2025-05-16,Enterprise,NA,Referral,SMB,169,8281,28.0,1,3.9,0
U103083,2024-08-25,Free,NA,Paid,SMB,1,0,0.0,0,,1
U103084,2024-05-23,Free,APAC,Organic,SMB,1,0,8.0,0,,0
U103085,2024-01-05,Starter,NA,Organic,SMB,6,72,29.0,1,4.7,0
U103086,2024-11-25,Free,,Organic,Mid-Market,1,0,0.0,0,,0
U103087,2025-02-06,Starter,APAC,Organic,Mid-Market,4,48,13.0,0,,0
U103088,2025-04-13,Business,EMEA,Referral,SMB,18,522,16.0,0,,0
U103089,2024-02-22,Starter,LATAM,Organic,SMB,6,72,13.0,0,,0
U103090,2024-06-07,Enterprise,APAC,Paid,SMB,40,1960,29.0,4,2.3,0
U103091,2025-02-05,Starter,LATAM,Paid,SMB,2,24,11.0,0,,0
U103092,2025-06-12,Free,EMEA,Organic,SMB,1,0,16.0,0,,0
U103093,2025-04-23,Starter,NA,Partner,Enterprise,6,72,26.0,2,3.6,0
U103094,2025-01-25,Free,EMEA,Referral,SMB,1,0,0.0,0,,0
U103095,2025-03-17,Business,EMEA,Organic,Mid-Market,25,725,17.0,1,2.5,0
U103096,2024-06-30,Free,NA,Paid,Enterprise,1,0,5.0,0,,0
U103097,2024-07-25,Starter,EMEA,Paid,SMB,3,36,14.0,3,4.7,0
U103098,2024-09-07,Free,EMEA,Organic,Enterprise,1,0,12.0,0,,0
U103099,2024-11-18,Starter,EMEA,Organic,Enterprise,4,48,11.0,1,3.5,0
U103100,2024-11-25,Free,NA,Organic,SMB,1,0,2.0,0,,1
U103101,2024-01-26,Starter,NA,Organic,SMB,2,24,18.0,0,,1
U103102,2025-06-04,Starter,EMEA,Paid,Mid-Market,5,60,21.0,1,3.8,0
U103103,2025-01-04,Free,LATAM,Paid,Mid-Market,1,0,5.0,1,2.9,0
U103104,2024-01-25,Starter,EMEA,Partner,Mid-Market,6,72,16.0,0,,0
U103105,2024-03-13,Starter,NA,Organic,Mid-Market,7,84,4.0,0,,1
U103106,2024-03-26,Enterprise,NA,Referral,Mid-Market,92,4508,33.0,2,3.9,0
U103107,2024-01-07,Business,NA,Paid,Mid-Market,21,609,28.0,0,,0
U103108,2024-01-16,Free,EMEA,Organic,Mid-Market,1,0,10.0,2,4.2,0
U103109,2025-05-30,Free,LATAM,Paid,SMB,1,0,9.0,1,4.3,0
U103110,2024-12-08,Starter,NA,Organic,SMB,7,84,0.0,1,4.4,1
U103111,2025-06-04,Starter,NA,Paid,Enterprise,5,60,8.0,3,3.0,0
U103112,2025-04-28,Free,NA,Partner,SMB,1,0,1.0,1,4.6,0
U103113,2024-01-13,business,NA,Organic,SMB,39,1131,19.0,2,3.7,0
U103114,2024-09-05,Starter,LATAM,Paid,Enterprise,7,84,18.0,0,,0
U103115,2025-02-25,Free,NA,Paid,SMB,1,0,18.0,0,,0
U103116,2025-02-07,Starter,NA,Referral,Mid-Market,3,36,16.0,0,,0
U103117,2025-05-16,Free,LATAM,Organic,SMB,1,0,5.0,0,,0
U103118,2024-06-12,Starter,EMEA,Organic,Mid-Market,2,24,14.0,1,5.0,0
U103119,2024-07-20,Enterprise,LATAM,Paid,SMB,160,7840,37.0,2,4.4,0
U103120,2025-05-10,Free,LATAM,Organic,Enterprise,1,0,0.0,0,,1
U103121,2024-02-15,Free,EMEA,Organic,Mid-Market,1,0,7.0,1,3.9,0
U103122,2024-05-25,Free,EMEA,Organic,SMB,1,0,9.0,0,,1
U103123,2025-02-28,Starter,APAC,Organic,Enterprise,2,24,3.0,0,,0
U103124,2024-04-07,Starter,LATAM,Organic,Mid-Market,7,84,24.0,0,,0
U103125,2024-05-23,Free,NA,Partner,Enterprise,1,0,6.0,0,,0
U103126,2025-06-05,Business,EMEA,Organic,SMB,23,667,18.0,3,3.8,0
U103127,2024-09-11,Free,NA,Paid,SMB,1,0,10.0,0,,0
U103128,2024-04-08,Free,NA,Organic,SMB,1,0,2.0,0,,1
U103129,2024-12-14,Free,EMEA,Organic,SMB,1,0,3.0,1,2.8,0
U103130,2024-09-13,Free,EMEA,Organic,Mid-Market,1,0,0.0,0,,1
U103131,2024-08-07,Free,EMEA,Paid,Mid-Market,1,0,11.0,1,4.1,0
U103132,2024-02-21,Free,,Partner,Enterprise,1,0,0.0,2,3.9,1
U103133,2024-09-19,Free,LATAM,Organic,SMB,1,0,4.0,0,,0
U103134,2024-05-10,Starter,NA,Partner,SMB,3,36,25.0,0,,1
U103135,2025-05-21,Free,NA,Paid,SMB,1,0,13.0,0,,0
U103136,2025-03-25,Free,EMEA,Referral,Mid-Market,1,0,8.0,0,,0
U103137,2024-08-05,Free,NA,Organic,Mid-Market,1,0,3.0,0,,0
U103138,2025-05-19,Free,EMEA,Organic,SMB,1,0,8.0,0,,0
U103139,2024-09-03,Free,LATAM,Partner,Mid-Market,1,0,16.0,1,3.7,0
U103140,2024-12-20,Free,NA,Organic,Enterprise,1,0,10.0,0,,0
U103141,2024-09-20,Free,NA,Organic,Mid-Market,1,0,5.0,1,5.0,1
U103142,2025-04-26,Business,EMEA,Referral,Mid-Market,16,464,34.0,1,4.6,0
U103143,2024-08-10,Starter,APAC,Organic,SMB,6,72,14.0,1,3.3,0
U103144,2024-06-29,Free,EMEA,Referral,SMB,1,0,4.0,2,3.6,0
U103145,2024-02-26,Starter,NA,Organic,Mid-Market,2,24,26.0,1,5.0,0
U103146,2025-02-16,Free,EMEA,Organic,SMB,1,0,1.0,0,,0
U103147,2024-10-02,Free,LATAM,Paid,Mid-Market,1,0,0.0,0,,0
U103148,2024-01-05,Business,NA,Partner,Mid-Market,10,290,13.0,2,3.4,0
U103149,2024-02-17,Starter,EMEA,Organic,Mid-Market,7,84,26.0,1,4.2,1
U103150,2025-05-27,Free,EMEA,Referral,SMB,1,0,5.0,0,,0
U103151,2024-03-06,Free,NA,Organic,Mid-Market,1,0,1.0,1,4.5,0
U103152,2025-04-20,Starter,LATAM,Referral,Enterprise,6,72,13.0,0,,0
U103153,2024-06-29,Free,APAC,Paid,Enterprise,1,0,18.0,0,,0
U103154,2024-04-28,Business,NA,Paid,SMB,34,986,17.0,3,2.6,0
U103155,2024-05-11,Business,LATAM,Organic,SMB,28,812,28.0,3,3.6,0
U103156,2024-08-12,Starter,LATAM,Organic,SMB,4,48,15.0,0,,0
U103157,2025-05-05,Starter,LATAM,Referral,SMB,6,72,17.0,1,4.2,0
U103158,2024-09-18,Business,APAC,Partner,Mid-Market,5,145,23.0,4,2.5,0
U103159,2025-05-08,Starter,NA,Referral,Enterprise,5,60,27.0,1,4.0,0
U103160,2024-05-15,Free,NA,Paid,SMB,1,0,13.0,0,,0
U103161,2024-08-11,Free,APAC,Referral,Enterprise,1,0,7.0,0,,1
U103162,2025-03-01,Starter,LATAM,Paid,SMB,2,24,13.0,3,3.9,0
U103163,2024-08-08,Starter,NA,Organic,Mid-Market,2,24,12.0,0,,0
U103164,2024-03-15,Starter,NA,Organic,SMB,2,24,20.0,1,3.6,0
U103165,2024-02-17,business,APAC,Organic,SMB,33,957,20.0,1,4.7,0
U103166,2024-03-03,Free,EMEA,Organic,SMB,1,0,10.0,0,,0
U103167,2024-03-07,Business,APAC,Organic,SMB,25,725,28.0,2,4.8,0
U103168,2024-01-20,Free,EMEA,Paid,SMB,1,0,22.0,1,4.8,0
U103169,2024-09-14,Starter,NA,Organic,SMB,6,72,18.0,1,3.4,0
U103170,2025-05-01,Starter,EMEA,Partner,Enterprise,5,60,6.0,1,3.4,0
U103171,2025-04-22,Free,NA,Organic,Enterprise,1,0,13.0,0,,0
U103172,2025-06-15,Business,EMEA,Organic,SMB,23,667,5.0,4,3.7,1
U103173,2025-01-11,Free,NA,Paid,Mid-Market,1,0,5.0,1,3.9,0
U103174,2025-06-08,Enterprise,APAC,Paid,Mid-Market,165,8085,21.0,2,3.3,0
U103175,2025-01-23,Free,NA,Referral,SMB,1,0,,1,3.1,0
U103176,2024-03-20,Free,NA,Paid,Mid-Market,1,0,11.0,0,,0
U103177,2025-04-24,Free,LATAM,Referral,Mid-Market,1,0,1.0,0,,0
U103178,2025-06-07,Business,EMEA,Referral,Enterprise,25,725,28.0,2,5.0,0
U103179,2024-03-09,Starter,EMEA,Organic,SMB,6,72,16.0,2,4.2,0
U103180,2024-06-24,Starter,EMEA,Organic,Enterprise,4,48,15.0,0,,1
U103181,2025-01-04,Free,APAC,Organic,SMB,1,0,15.0,1,4.0,0
U103182,2024-11-04,Starter,APAC,Referral,Enterprise,6,72,15.0,2,4.1,1
U103183,2024-11-05,Starter,LATAM,Partner,Mid-Market,2,24,14.0,4,3.3,0
U103184,2024-08-18,Free,EMEA,Referral,Enterprise,1,0,0.0,0,,0
U103185,2025-02-12,Business,EMEA,Referral,Mid-Market,25,725,14.0,0,,0
U103186,2025-06-20,Starter,NA,Organic,SMB,4,48,22.0,0,,1
U103187,2024-01-19,Free,NA,Paid,SMB,1,0,0.0,0,,0
U103188,2025-06-09,Enterprise,NA,Organic,SMB,172,8428,23.0,2,3.8,0
U103189,2024-08-24,Free,APAC,Organic,SMB,1,0,0.0,0,,1
U103190,2024-04-22,Business,NA,Paid,Enterprise,19,551,18.0,2,4.2,1
U103191,2024-05-08,Business,APAC,Organic,SMB,25,725,17.0,0,,0
U103192,2024-07-22,Free,EMEA,Organic,SMB,1,0,8.0,0,,0
U103193,2024-01-08,Free,NA,Organic,SMB,1,0,0.0,0,,0
U103194,2024-02-03,Free,NA,Organic,SMB,1,0,7.0,0,,1
U103195,2024-03-13,Free,NA,Referral,SMB,1,0,7.0,0,,0
U103196,2025-04-02,Starter,EMEA,Organic,Enterprise,3,36,31.0,0,,0
U103197,2025-04-05,Free,LATAM,Paid,SMB,1,0,26.0,0,,0
U103198,2025-05-09,Free,,Organic,Mid-Market,1,0,8.0,1,4.7,0
U103199,2024-08-09,Free,LATAM,Organic,SMB,1,0,12.0,0,,0
U103200,2024-04-01,Business,NA,Organic,Enterprise,37,1073,22.0,2,4.6,0
U103201,2024-06-18,Free,NA,Paid,SMB,1,0,1.0,0,,0
U103202,2024-02-10,Starter,APAC,Paid,Enterprise,2,24,29.0,0,,0
U103203,2024-12-07,Free,EMEA,Paid,SMB,1,0,23.0,0,,0
U103204,2024-01-11,Free,NA,Partner,Enterprise,1,0,6.0,0,,0
U103205,2025-03-20,Business,LATAM,Organic,Enterprise,25,725,11.0,3,4.2,0
U103206,2024-07-16,Free,NA,Partner,SMB,1,0,13.0,1,5.0,1
U103207,2024-08-16,Starter,EMEA,Organic,SMB,2,24,8.0,1,4.6,0
U103208,2024-07-28,Free,APAC,Paid,SMB,1,0,4.0,0,,0
U103209,2025-04-29,Business,NA,Referral,SMB,31,899,15.0,1,3.8,0
U103210,2024-09-11,Free,NA,Referral,SMB,1,0,13.0,0,,0
U103211,2024-06-10,Free,LATAM,Organic,SMB,1,0,0.0,0,,0
U103212,2024-11-14,Free,APAC,Organic,SMB,1,0,11.0,0,,0
U103213,2024-09-30,Free,NA,Referral,Mid-Market,1,0,14.0,0,,0
U103214,2024-06-05,Free,NA,Partner,SMB,1,0,5.0,1,4.9,0
U103215,2024-08-12,Free,EMEA,Referral,SMB,1,0,3.0,0,,0
U103216,2025-02-26,Starter,EMEA,Organic,Enterprise,3,36,6.0,4,3.5,1
U103217,2024-04-15,Free,NA,Organic,SMB,1,0,6.0,1,4.4,0
U103218,2025-03-30,Free,APAC,Paid,SMB,1,0,0.0,0,,0
U103219,2024-10-26,Free,LATAM,Organic,SMB,1,0,1.0,1,4.5,1
U103220,2024-06-24,Starter,NA,Organic,Mid-Market,7,84,25.0,2,4.7,0
U103221,2024-02-02,Free,EMEA,Organic,SMB,1,0,6.0,0,,0
U103222,2024-10-23,Business,NA,Organic,SMB,34,986,13.0,2,3.5,1
U103223,2025-03-15,Free,EMEA,Organic,SMB,1,0,4.0,0,,0
U103224,2024-06-08,Free,APAC,Organic,SMB,1,0,9.0,1,4.5,0
U103225,2025-02-15,Starter,EMEA,Paid,SMB,7,84,8.0,1,4.6,0
U103226,2025-05-24,Starter,NA,Partner,SMB,4,48,15.0,0,,1
U103227,2025-05-19,Starter,APAC,Organic,Mid-Market,6,72,11.0,2,4.2,0
U103228,2025-05-26,Business,NA,Partner,Mid-Market,28,812,20.0,0,,0
U103229,2025-05-11,Free,LATAM,Partner,SMB,1,0,1.0,2,4.9,0
U103230,2024-10-28,Starter,NA,Organic,SMB,2,24,15.0,0,,1
U103231,2024-12-01,Starter,NA,Organic,SMB,5,60,9.0,0,,0
U103232,2025-05-13,Business,EMEA,Paid,SMB,34,986,17.0,2,3.2,0
U103233,2025-04-30,Free,NA,Organic,SMB,1,0,0.0,1,5.0,0
U103234,2024-11-15,Free,NA,Referral,SMB,1,0,0.0,1,4.3,0
U103235,2024-12-18,Free,NA,Organic,Mid-Market,1,0,6.0,1,2.9,0
U103236,2024-11-20,Starter,EMEA,Partner,SMB,5,60,7.0,0,,0
U103237,2024-11-01,Free,APAC,Organic,SMB,1,0,13.0,0,,1
U103238,2024-05-28,Enterprise,EMEA,Referral,SMB,104,5096,33.0,0,,0
U103239,2024-01-28,Starter,EMEA,Paid,SMB,2,24,14.0,0,,0
U103240,2024-08-21,Free,APAC,Organic,Mid-Market,1,0,3.0,0,,0
U103241,2024-10-18,Free,LATAM,Organic,Enterprise,1,0,9.0,0,,0
U103242,2024-02-17,Enterprise,APAC,Organic,SMB,254,12446,41.0,2,4.0,0
U103243,2024-01-28,Starter,EMEA,Referral,SMB,4,48,17.0,3,4.3,0
U103244,2024-08-29,Enterprise,EMEA,Organic,Enterprise,242,11858,28.0,5,3.8,0
U103245,2024-07-04,Starter,NA,Referral,SMB,2,24,7.0,3,2.9,0
U103246,2025-02-24,Enterprise,NA,Organic,SMB,145,7105,35.0,4,3.7,0
U103247,2025-02-28,Starter,NA,Organic,SMB,5,60,6.0,0,,0
U103248,2024-09-05,Starter,EMEA,Organic,SMB,4,48,21.0,3,3.3,0
U103249,2025-06-23,Starter,,Partner,SMB,2,24,16.0,1,4.4,0
U103250,2024-03-19,Business,NA,Partner,Mid-Market,14,406,18.0,6,2.9,1
U103251,2025-06-21,Free,NA,Organic,Mid-Market,1,0,13.0,0,,1
U103252,2024-05-12,Free,NA,Organic,SMB,1,0,0.0,0,,0
U103253,2024-12-06,Enterprise,NA,Organic,SMB,158,7742,18.0,1,3.7,0
U103254,2024-02-11,Starter,NA,Referral,SMB,5,60,17.0,0,,0
U103255,2025-04-06,Starter,NA,Paid,Mid-Market,7,84,20.0,0,,0
U103256,2025-04-03,Business,NA,Paid,SMB,5,145,19.0,1,4.6,0
U103257,2024-03-29,Free,EMEA,Paid,SMB,1,0,8.0,1,4.1,0
U103258,2025-03-10,Free,NA,Organic,SMB,1,0,0.0,0,,0
U103259,2024-05-21,Starter,EMEA,Partner,Enterprise,7,84,17.0,1,4.6,0
U103260,2024-11-08,Free,APAC,Organic,Mid-Market,1,0,22.0,0,,0
U103261,2024-06-17,Business,EMEA,Paid,SMB,31,899,8.0,1,5.0,0
U103262,2024-02-15,Free,NA,Paid,SMB,1,0,10.0,0,,0
U103263,2025-04-02,Free,EMEA,Organic,SMB,1,0,0.0,0,,0
U103264,2024-10-17,Free,EMEA,Paid,SMB,1,0,11.0,0,,0
U103265,2025-05-11,Starter,NA,Organic,Mid-Market,7,84,21.0,0,,0
U103266,2024-05-30,Free,NA,Paid,Mid-Market,1,0,12.0,0,,0
U103267,2025-02-27,Free,NA,Referral,SMB,1,0,14.0,0,,0
U103268,2024-03-18,Starter,EMEA,Referral,SMB,5,60,4.0,0,,0
U103269,2025-05-09,Business,EMEA,Paid,Enterprise,26,754,19.0,1,3.3,0
U103270,2024-03-21,Free,NA,Organic,SMB,1,0,8.0,0,,0
U103271,2024-04-24,Free,NA,Organic,Mid-Market,1,0,0.0,1,4.0,0
U103272,2024-01-07,Enterprise,EMEA,Referral,Mid-Market,175,8575,30.0,1,3.9,0
U103273,2024-04-10,Starter,APAC,Paid,SMB,7,84,8.0,0,,0
U103274,2024-05-04,Free,NA,Paid,SMB,1,0,5.0,0,,1
U103275,2025-03-06,Starter,EMEA,Organic,SMB,5,60,23.0,0,,1
U103276,2024-04-04,Starter,NA,Organic,Mid-Market,3,36,20.0,1,4.1,0
U103277,2025-02-02,Business,EMEA,Organic,SMB,9,261,29.0,2,3.0,0
U103278,2024-05-15,Free,APAC,Referral,SMB,1,0,2.0,0,,0
U103279,2025-04-24,Free,NA,Paid,SMB,1,0,2.0,1,3.7,0
U103280,2024-05-11,Free,LATAM,Paid,SMB,1,0,9.0,0,,0
U103281,2024-09-16,Starter,LATAM,Organic,SMB,2,24,10.0,0,,0
U103282,2025-04-12,Business,NA,Organic,SMB,14,406,24.0,0,,0
U103283,2024-01-14,free,NA,Paid,SMB,1,0,14.0,0,,0
U103284,2024-06-24,Enterprise,EMEA,Organic,SMB,152,7448,29.0,1,5.0,0
U103285,2024-08-06,Starter,NA,Organic,Mid-Market,4,48,17.0,0,,1
U103286,2025-05-21,Free,EMEA,Organic,SMB,1,0,3.0,0,,0
U103287,2024-09-21,Free,EMEA,Organic,SMB,1,0,7.0,0,,1
U103288,2024-02-22,Enterprise,LATAM,Paid,Mid-Market,62,3038,32.0,2,3.6,0
U103289,2025-04-24,Free,EMEA,Organic,Mid-Market,1,0,5.0,0,,0
U103290,2024-09-01,Free,NA,Referral,Mid-Market,1,0,10.0,0,,0
U103291,2025-03-31,Enterprise,APAC,Referral,Mid-Market,163,7987,,3,3.4,0
U103292,2025-01-04,Starter,APAC,Referral,Enterprise,7,84,6.0,1,3.1,1
U103293,2025-04-27,Free,APAC,Organic,Mid-Market,1,0,7.0,0,,0
U103294,2024-01-30,enterprise,NA,Organic,SMB,140,6860,,0,,0
U103295,2025-03-09,Starter,EMEA,Paid,SMB,7,84,25.0,1,5.0,0
U103296,2024-11-19,Free,EMEA,Referral,SMB,1,0,0.0,0,,0
U103297,2024-01-05,Free,APAC,Organic,Mid-Market,1,0,7.0,0,,0
U103298,2024-05-24,Business,,Organic,Mid-Market,27,783,36.0,1,3.6,0
U103299,2025-03-18,Free,NA,Paid,Mid-Market,1,0,13.0,0,,0
U103300,2024-07-27,Starter,EMEA,Paid,SMB,5,60,0.0,2,4.7,0
U103301,2025-03-15,Business,APAC,Paid,SMB,11,319,14.0,2,1.8,0
U103302,2024-08-06,Business,NA,Referral,Mid-Market,7,203,7.0,0,,0
U103303,2024-03-11,Starter,EMEA,Paid,SMB,7,84,22.0,2,5.0,0
U103304,2025-06-13,Free,LATAM,Paid,SMB,1,0,0.0,1,3.4,0
U103305,2024-09-29,Free,NA,Organic,SMB,1,0,0.0,0,,1
U103306,2024-08-14,Business,NA,Organic,Mid-Market,38,1102,25.0,0,,0
U103307,2024-03-21,Starter,APAC,Paid,SMB,2,24,15.0,2,4.2,0
U103308,2024-09-11,Free,NA,Organic,SMB,1,0,0.0,0,,1
U103309,2024-12-21,Business,NA,Paid,Mid-Market,17,493,30.0,1,3.3,0
U103310,2025-03-15,Free,NA,Organic,Enterprise,1,0,12.0,1,5.0,0
U103311,2024-04-24,Starter,APAC,Paid,Mid-Market,4,48,11.0,0,,0
U103312,2024-10-30,Free,NA,Organic,Mid-Market,1,0,12.0,0,,0
U103313,2024-02-13,Starter,EMEA,Organic,SMB,4,48,5.0,2,3.8,1
U103314,2024-03-01,Starter,NA,Organic,SMB,7,84,17.0,0,,0
U103315,2025-05-08,Free,EMEA,Organic,Enterprise,1,0,6.0,0,,0
U103316,2024-05-08,Starter,EMEA,Paid,SMB,7,84,14.0,2,3.7,0
U103317,2024-12-17,Free,NA,Organic,SMB,1,0,5.0,0,,0
U103318,2025-03-10,Starter,NA,Organic,Mid-Market,3,36,16.0,1,4.8,0
U103319,2024-12-15,Free,LATAM,Referral,Enterprise,1,0,3.0,0,,0
U103320,2025-01-04,Free,EMEA,Organic,Mid-Market,1,0,4.0,0,,0
U103321,2024-10-19,Enterprise,NA,Organic,SMB,67,3283,27.0,2,2.7,0
U103322,2024-06-16,Starter,EMEA,Paid,Enterprise,3,36,7.0,2,3.8,0
U103323,2024-11-08,Free,APAC,Paid,Enterprise,1,0,12.0,0,,0
U103324,2025-02-19,Starter,NA,Partner,SMB,7,84,8.0,3,3.3,0
U103325,2025-05-08,Starter,NA,Paid,Mid-Market,7,84,,1,5.0,1
U103326,2024-10-26,Business,EMEA,Paid,SMB,30,870,22.0,2,3.8,1
U103327,2024-11-21,Starter,APAC,Organic,SMB,4,48,28.0,0,,0
U103328,2024-09-23,Free,EMEA,Paid,SMB,1,0,3.0,0,,0
U103329,2024-11-16,Starter,NA,Organic,SMB,3,36,6.0,2,3.6,0
U103330,2025-05-05,Free,EMEA,Paid,Mid-Market,1,0,6.0,0,,1
U103331,2024-09-20,Business,EMEA,Organic,SMB,13,377,11.0,0,,0
U103332,2025-01-09,starter,EMEA,Organic,Mid-Market,7,84,6.0,1,3.4,0
U103333,2024-08-12,Starter,NA,Referral,SMB,7,84,24.0,0,,0
U103334,2024-12-06,Free,EMEA,Organic,SMB,1,0,4.0,2,3.5,0
U103335,2025-03-10,Free,NA,Organic,SMB,1,0,9.0,0,,0
U103336,2025-06-22,Free,NA,Paid,Enterprise,1,0,1.0,0,,0
U103337,2024-12-31,Free,NA,Referral,SMB,1,0,20.0,1,4.0,0
U103338,2025-05-08,Free,NA,Organic,SMB,1,0,5.0,0,,0
U103339,2024-02-25,Business,NA,Paid,SMB,7,203,15.0,0,,0
U103340,2024-09-07,Business,LATAM,Organic,Mid-Market,24,696,19.0,5,3.2,1
U103341,2024-01-16,Enterprise,NA,Organic,SMB,56,2744,28.0,6,3.3,0
U103342,2024-05-01,Free,NA,Paid,SMB,1,0,0.0,0,,0
U103343,2025-04-15,Free,EMEA,Organic,SMB,1,0,6.0,0,,0
U103344,2025-05-04,Enterprise,LATAM,Partner,SMB,263,12887,23.0,2,4.9,0
U103345,2025-04-24,Free,NA,Organic,Enterprise,1,0,0.0,1,4.6,1
U103346,2024-08-02,starter,NA,Paid,Enterprise,6,72,11.0,0,,0
U103347,2025-05-04,Free,APAC,Paid,Enterprise,1,0,0.0,0,,1
U103348,2024-03-06,Free,NA,Paid,Mid-Market,1,0,5.0,0,,0
U103349,2024-04-02,Business,APAC,Partner,Enterprise,29,841,37.0,3,4.1,0
U103350,2024-08-06,Free,NA,Referral,Mid-Market,1,0,0.0,0,,0
U103351,2024-10-15,Enterprise,NA,Partner,SMB,145,7105,27.0,6,4.9,1
U103352,2024-06-06,Free,EMEA,Partner,Mid-Market,1,0,8.0,1,4.1,1
U103353,2024-11-12,Business,NA,Partner,SMB,30,870,16.0,1,2.6,0
U103354,2024-12-31,Starter,LATAM,Paid,Mid-Market,5,60,22.0,0,,1
U103355,2024-03-15,Free,APAC,Referral,SMB,1,0,16.0,1,3.4,0
U103356,2024-05-17,Starter,NA,Paid,SMB,4,48,12.0,0,,0
U103357,2025-01-09,Enterprise,APAC,Organic,SMB,97,4753,21.0,1,3.7,0
U103358,2024-05-30,Starter,NA,Organic,SMB,4,48,28.0,3,4.3,0
U103359,2024-12-28,Enterprise,APAC,Organic,SMB,177,8673,20.0,5,3.7,1
U103360,2024-01-12,Business,NA,Organic,SMB,7,203,38.0,2,4.2,0
U103361,2024-06-13,Free,NA,Organic,SMB,1,0,12.0,0,,0
U103362,2025-06-10,Business,EMEA,Organic,SMB,7,203,20.0,1,3.5,0
U103363,2024-09-18,Business,EMEA,Paid,SMB,39,1131,29.0,2,3.6,0
U103364,2024-06-20,Business,EMEA,Referral,SMB,17,493,36.0,1,4.1,0
U103365,2024-09-30,Free,EMEA,Organic,SMB,1,0,16.0,0,,0
U103366,2024-07-17,Free,EMEA,Organic,SMB,1,0,0.0,0,,0
U103367,2024-12-13,Business,APAC,Organic,SMB,13,377,22.0,4,2.4,0
U103368,2024-05-30,Business,EMEA,Organic,Enterprise,25,725,33.0,4,3.0,0
U103369,2025-02-03,Free,APAC,Paid,SMB,1,0,0.0,0,,0
U103370,2024-12-04,Starter,APAC,Referral,SMB,7,84,18.0,1,5.0,0
U103371,2024-03-09,Free,APAC,Organic,Enterprise,1,0,0.0,0,,0
U103372,2024-04-09,Business,APAC,Organic,Enterprise,20,580,28.0,0,,0
U103373,2024-11-04,Free,EMEA,Paid,SMB,1,0,2.0,1,4.9,1
U103374,2024-11-27,Starter,,Organic,SMB,3,36,,0,,0
U103375,2024-09-10,Business,EMEA,Organic,SMB,22,638,16.0,1,3.6,0
U103376,2025-06-12,Enterprise,APAC,Partner,SMB,225,11025,36.0,3,3.0,0
U103377,2024-09-04,Free,LATAM,Partner,Mid-Market,1,0,13.0,0,,0
U103378,2024-04-09,Starter,EMEA,Organic,SMB,2,24,18.0,0,,0
U103379,2025-02-06,Starter,EMEA,Organic,SMB,5,60,9.0,0,,0
U103380,2024-05-19,Business,EMEA,Organic,SMB,21,609,8.0,0,,1
U103381,2024-04-04,Free,APAC,Paid,Enterprise,1,0,0.0,0,,0
U103382,2024-11-06,Starter,APAC,Paid,Enterprise,7,84,12.0,0,,0
U103383,2024-04-12,Starter,NA,Referral,Mid-Market,4,48,9.0,1,4.4,0
U103384,2024-05-08,Starter,NA,Organic,Enterprise,4,48,21.0,0,,0
U103385,2024-05-27,Starter,EMEA,Organic,Mid-Market,6,72,,1,3.7,1
U103386,2024-02-22,Business,NA,Organic,SMB,22,638,25.0,1,4.7,0
U103387,2025-05-19,Free,NA,Organic,Mid-Market,1,0,6.0,2,4.1,1
U103388,2024-12-05,Free,EMEA,Organic,Enterprise,1,0,2.0,0,,0
U103389,2024-09-26,Starter,NA,Organic,SMB,7,84,14.0,1,4.6,0
U103390,2025-02-16,Free,NA,Organic,SMB,1,0,6.0,0,,0
U103391,2024-08-17,Business,NA,Referral,SMB,28,812,15.0,2,3.8,0
U103392,2024-03-19,Free,NA,Organic,SMB,1,0,7.0,1,4.5,0
U103393,2024-12-29,Free,APAC,Paid,SMB,1,0,7.0,0,,0
U103394,2025-04-15,Business,EMEA,Partner,Enterprise,18,522,43.0,2,5.0,0
U103395,2024-01-25,Free,EMEA,Referral,Mid-Market,1,0,9.0,1,2.4,0
U103396,2024-08-25,Enterprise,APAC,Referral,SMB,69,3381,33.0,2,3.5,0
U103397,2024-12-24,Free,,Organic,SMB,1,0,4.0,0,,0
U103398,2024-07-01,Free,APAC,Organic,SMB,1,0,3.0,1,4.3,0
U103399,2025-04-21,Business,EMEA,Organic,SMB,37,1073,9.0,0,,0
U103400,2025-06-08,Enterprise,NA,Partner,SMB,253,12397,20.0,1,4.3,0
U103401,2024-08-15,Free,EMEA,Organic,SMB,1,0,13.0,0,,0
U103402,2024-06-27,Starter,NA,Organic,Mid-Market,7,84,27.0,2,3.3,0
U103403,2025-01-23,Free,NA,Referral,SMB,1,0,4.0,0,,0
U103404,2025-01-21,Enterprise,NA,Organic,SMB,214,10486,17.0,1,4.9,0
U103405,2025-03-28,Free,APAC,Paid,SMB,1,0,3.0,0,,1
U103406,2024-10-13,Starter,APAC,Paid,Enterprise,6,72,30.0,1,3.1,0
U103407,2025-02-07,Free,NA,Paid,SMB,1,0,6.0,0,,0
U103408,2024-06-16,Starter,APAC,Referral,Mid-Market,2,24,12.0,0,,0
U103409,2024-07-07,Free,EMEA,Referral,SMB,1,0,16.0,0,,0
U103410,2024-10-09,Free,NA,Paid,SMB,1,0,7.0,0,,0
U103411,2024-03-21,Free,EMEA,Paid,SMB,1,0,11.0,0,,0
U103412,2024-11-28,Business,EMEA,Organic,SMB,34,986,13.0,2,3.5,0
U103413,2025-06-05,Business,APAC,Organic,SMB,34,986,19.0,3,2.9,0
U103414,2025-04-11,Business,EMEA,Organic,Mid-Market,26,754,13.0,5,3.6,0
U103415,2024-09-11,Free,LATAM,Organic,Enterprise,1,0,3.0,0,,1
U103416,2025-06-16,Starter,APAC,Organic,SMB,7,84,19.0,1,4.1,0
U103417,2025-05-20,Free,NA,Organic,SMB,1,0,0.0,1,3.0,0
U103418,2024-05-18,Starter,APAC,Referral,SMB,7,84,19.0,1,3.3,0
U103419,2025-04-14,Free,EMEA,Organic,SMB,1,0,2.0,0,,0
U103420,2025-02-10,Business,NA,Organic,Enterprise,21,609,22.0,2,3.9,0
U103421,2024-08-23,Free,NA,Referral,SMB,1,0,13.0,1,4.3,0
U103422,2024-10-28,Free,NA,Organic,Mid-Market,1,0,3.0,1,3.9,0
U103423,2024-12-18,Free,,Paid,SMB,1,0,7.0,0,,0
U103424,2024-02-12,Business,EMEA,Organic,Mid-Market,14,406,22.0,1,3.9,0
U103425,2025-06-08,Business,EMEA,Organic,SMB,18,522,15.0,2,4.4,0
U103426,2024-01-20,Free,NA,Organic,SMB,1,0,7.0,0,,0
U103427,2024-05-16,Free,APAC,Organic,Mid-Market,1,0,13.0,0,,1
U103428,2025-04-26,Free,NA,Paid,SMB,1,0,6.0,0,,1
U103429,2024-09-05,Starter,NA,Referral,SMB,6,72,8.0,1,4.3,0
U103430,2024-09-22,Starter,LATAM,Paid,Mid-Market,4,48,8.0,0,,0
U103431,2024-04-03,Starter,EMEA,Referral,SMB,4,48,4.0,0,,1
U103432,2024-03-30,Free,EMEA,Organic,Mid-Market,1,0,5.0,0,,1
U103433,2025-01-30,starter,EMEA,Organic,SMB,6,72,8.0,0,,0
U103434,2024-06-30,Starter,LATAM,Referral,SMB,3,36,8.0,2,3.6,0
U103435,2024-03-05,Free,LATAM,Partner,SMB,1,0,23.0,0,,0
U103436,2024-01-04,free,APAC,Partner,Mid-Market,1,0,5.0,0,,0
U103437,2024-04-28,Free,EMEA,Organic,Mid-Market,1,0,18.0,1,5.0,0
U103438,2025-03-08,Free,EMEA,Referral,SMB,1,0,0.0,0,,0
U103439,2024-06-10,Free,EMEA,Partner,Enterprise,1,0,1.0,0,,0
U103440,2024-01-30,Enterprise,NA,Partner,Mid-Market,94,4606,32.0,3,3.5,0
U103441,2024-10-22,Free,NA,Paid,SMB,1,0,9.0,0,,0
U103442,2025-01-28,Free,APAC,Referral,SMB,1,0,8.0,0,,0
U103443,2024-08-14,Free,NA,Organic,SMB,1,0,4.0,0,,1
U103444,2024-04-23,Free,EMEA,Organic,SMB,1,0,12.0,2,3.7,0
U103445,2025-05-26,Free,EMEA,Organic,SMB,1,0,,0,,1
U103446,2024-09-07,Free,EMEA,Organic,Enterprise,1,0,1.0,1,2.7,0
U103447,2024-11-12,Business,NA,Partner,SMB,5,145,28.0,1,2.8,0
U103448,2024-09-07,Free,NA,Organic,SMB,1,0,0.0,0,,0
U103449,2024-09-12,Free,EMEA,Organic,Enterprise,1,0,,0,,0
U103450,2024-07-10,Starter,NA,Partner,Mid-Market,7,84,17.0,2,2.7,0
U103451,2025-04-19,Starter,NA,Organic,SMB,2,24,17.0,1,3.8,0
U103452,2025-01-19,Free,NA,Organic,SMB,1,0,0.0,1,4.2,0
U103453,2025-02-02,Starter,EMEA,Paid,SMB,6,72,13.0,0,,0
U103454,2024-11-14,Starter,NA,Organic,Mid-Market,2,24,20.0,0,,0
U103455,2025-01-25,Free,LATAM,Paid,Enterprise,1,0,2.0,0,,0
U103456,2024-12-26,Starter,LATAM,Partner,SMB,6,72,7.0,1,5.0,0
U103457,2024-08-31,Free,EMEA,Paid,SMB,1,0,16.0,1,4.4,1
U103458,2025-01-09,Starter,NA,Organic,SMB,3,36,1.0,2,4.8,1
U103459,2024-11-19,Starter,EMEA,Referral,Mid-Market,7,84,21.0,0,,0
U103460,2024-07-26,Free,NA,Organic,SMB,1,0,0.0,0,,1
U103461,2024-07-18,Business,EMEA,Partner,SMB,12,348,21.0,0,,0
U103462,2024-02-16,Free,NA,Organic,Mid-Market,1,0,14.0,0,,0
U103463,2024-05-11,Enterprise,EMEA,Organic,SMB,106,5194,28.0,3,3.4,0
U103464,2024-08-02,Starter,NA,Paid,Mid-Market,7,84,18.0,1,4.5,0
U103465,2025-03-31,Business,NA,Organic,Mid-Market,35,1015,33.0,1,3.7,0
U103466,2025-06-16,Starter,EMEA,Paid,SMB,7,84,8.0,4,4.2,0
U103467,2024-12-15,Business,NA,Partner,SMB,22,638,14.0,1,4.0,0
U103468,2025-02-03,Free,EMEA,Partner,Mid-Market,1,0,0.0,0,,0
U103469,2024-06-01,Free,,Paid,SMB,1,0,11.0,1,4.0,1
U103470,2024-05-19,Business,APAC,Referral,SMB,14,406,16.0,3,2.8,0
U103471,2025-02-01,Free,EMEA,Organic,SMB,1,0,12.0,1,5.0,0
U103472,2024-01-10,Starter,EMEA,Referral,SMB,2,24,14.0,0,,0
U103473,2024-02-06,Free,,Paid,SMB,1,0,0.0,1,3.8,0
U103474,2024-01-24,Starter,EMEA,Organic,SMB,7,84,25.0,0,,0
U103475,2024-11-12,Enterprise,LATAM,Organic,SMB,235,11515,18.0,3,4.8,0
U103476,2024-03-15,Free,LATAM,Paid,Enterprise,1,0,5.0,0,,0
U103477,2025-03-10,Starter,EMEA,Partner,SMB,5,60,22.0,2,3.8,0
U103478,2024-03-26,Free,NA,Organic,SMB,1,0,10.0,1,4.5,0
U103479,2025-02-11,Free,APAC,Organic,SMB,1,0,5.0,0,,0
U103480,2025-03-21,Business,NA,Organic,SMB,6,174,9.0,1,4.9,1
U103481,2024-09-27,Business,EMEA,Referral,SMB,24,696,14.0,2,5.0,0
U103482,2024-08-11,Free,NA,Organic,SMB,1,0,3.0,0,,0
U103483,2025-04-10,Starter,EMEA,Organic,SMB,2,24,9.0,3,4.5,1
U103484,2024-11-02,Enterprise,NA,Organic,SMB,159,7791,20.0,1,4.5,0
U103485,2024-05-31,Business,APAC,Organic,SMB,27,783,27.0,0,,0
U103486,2024-05-27,Starter,NA,Referral,Mid-Market,5,60,15.0,1,4.1,0
U103487,2024-08-14,Free,LATAM,Referral,SMB,1,0,13.0,0,,0
U103488,2025-03-02,Free,EMEA,Organic,SMB,1,0,0.0,0,,0
U103489,2024-06-15,Free,NA,Paid,Mid-Market,1,0,18.0,0,,0
U103490,2024-06-05,Starter,LATAM,Organic,SMB,7,84,16.0,1,3.5,0
U103491,2025-02-06,Free,LATAM,Organic,SMB,1,0,16.0,1,4.6,0
U103492,2025-02-10,Free,NA,Organic,Mid-Market,1,0,,0,,0
U103493,2024-09-13,Free,EMEA,Organic,SMB,1,0,16.0,1,4.3,0
U103494,2024-08-19,Business,APAC,Paid,SMB,22,638,31.0,1,4.2,0
U103495,2025-04-23,Business,EMEA,Organic,Mid-Market,26,754,19.0,2,5.0,0
U103496,2024-02-18,Business,NA,Referral,SMB,33,957,20.0,1,5.0,0
U103497,2024-04-17,Enterprise,NA,Partner,Enterprise,98,4802,36.0,1,4.5,0
U103498,2024-05-29,Free,NA,Paid,SMB,1,0,10.0,0,,0
U103499,2024-09-15,Enterprise,NA,Organic,Enterprise,210,10290,12.0,4,3.3,1
U103500,2024-07-18,Free,EMEA,Paid,SMB,1,0,7.0,0,,0
U103501,2024-09-24,Business,NA,Paid,Enterprise,9,261,9.0,4,3.5,0
U103502,2025-03-19,Starter,LATAM,Organic,SMB,6,72,10.0,0,,0
U103503,2025-06-13,starter,APAC,Referral,SMB,6,72,11.0,0,,0
U103504,2024-04-18,Free,EMEA,Organic,Enterprise,1,0,10.0,0,,0
U103505,2025-05-28,Starter,,Organic,SMB,5,60,16.0,2,4.5,0
U103506,2024-01-21,Free,LATAM,Organic,Mid-Market,1,0,0.0,1,3.8,1
U103507,2024-09-22,Free,EMEA,Partner,Mid-Market,1,0,10.0,0,,0
U103508,2025-06-06,Starter,NA,Paid,Enterprise,3,36,18.0,0,,0
U103509,2024-06-18,Business,APAC,Referral,SMB,34,986,11.0,2,4.0,0
U103510,2024-03-25,Starter,NA,Referral,Enterprise,4,48,16.0,1,4.7,0
U103511,2024-12-31,Business,NA,Organic,Enterprise,21,609,17.0,2,3.3,0
U103512,2025-06-17,Business,APAC,Partner,Mid-Market,31,899,24.0,5,2.4,0
U103513,2024-07-11,Free,NA,Organic,SMB,1,0,14.0,0,,0
U103514,2024-07-08,Starter,NA,Partner,SMB,5,60,17.0,0,,0
U103515,2024-05-15,Free,APAC,Organic,Mid-Market,1,0,7.0,0,,0
U103516,2025-03-20,Free,EMEA,Organic,SMB,1,0,12.0,0,,0
U103517,2024-09-04,Free,EMEA,Organic,Mid-Market,1,0,10.0,0,,0
U103518,2024-04-12,Free,LATAM,Organic,SMB,1,0,9.0,0,,0
U103519,2024-08-10,Free,EMEA,Paid,SMB,1,0,8.0,0,,0
U103520,2024-02-19,Business,,Partner,Mid-Market,21,609,28.0,2,4.5,0
U103521,2025-05-25,Starter,NA,Referral,Mid-Market,6,72,7.0,1,3.2,0
U103522,2024-11-30,Free,EMEA,Referral,SMB,1,0,0.0,1,4.1,0
U103523,2024-09-30,Starter,NA,Organic,SMB,3,36,8.0,0,,1
U103524,2024-04-08,starter,LATAM,Organic,Mid-Market,7,84,17.0,1,4.1,0
U103525,2024-05-11,Business,NA,Paid,SMB,11,319,20.0,1,4.2,0
U103526,2024-05-16,Business,NA,Paid,SMB,22,638,12.0,0,,0
U103527,2024-06-27,Enterprise,EMEA,Organic,SMB,153,7497,24.0,1,2.7,0
U103528,2024-09-22,Business,LATAM,Partner,SMB,14,406,14.0,0,,0
U103529,2024-08-02,Free,NA,Organic,Mid-Market,1,0,2.0,0,,0
U103530,2025-05-09,Free,NA,Partner,SMB,1,0,9.0,0,,0
U103531,2024-11-02,Free,APAC,Paid,SMB,1,0,0.0,0,,0
U103532,2025-04-07,Business,EMEA,Organic,SMB,14,406,17.0,3,4.5,0
U103533,2024-01-02,Free,NA,Referral,Mid-Market,1,0,17.0,0,,0
U103534,2024-05-06,Starter,NA,Paid,SMB,6,72,11.0,1,3.6,0
U103535,2025-02-18,Free,NA,Paid,SMB,1,0,6.0,0,,0
U103536,2025-06-04,Free,LATAM,Organic,SMB,1,0,0.0,0,,0
U103537,2025-06-20,Business,NA,Paid,SMB,10,290,,1,4.7,0
U103538,2024-09-14,Free,NA,Organic,Mid-Market,1,0,6.0,1,3.1,0
U103539,2024-03-21,Enterprise,APAC,Partner,SMB,192,9408,31.0,4,3.2,0
U103540,2025-05-31,Starter,EMEA,Partner,SMB,7,84,12.0,0,,0
U103541,2024-04-23,Free,NA,Referral,SMB,1,0,0.0,2,4.8,0
U103542,2025-05-01,Free,NA,Organic,Mid-Market,1,0,8.0,1,4.3,1
U103543,2025-01-23,Free,APAC,Referral,Enterprise,1,0,16.0,1,4.6,1
U103544,2025-04-25,Business,EMEA,Partner,SMB,19,551,15.0,0,,1
U103545,2024-06-19,Free,EMEA,Organic,SMB,1,0,13.0,1,4.7,0
U103546,2024-03-25,Free,APAC,Paid,SMB,1,0,0.0,0,,0
U103547,2025-06-05,Business,NA,Organic,SMB,26,754,23.0,3,4.6,0
U103548,2024-11-10,Enterprise,EMEA,Organic,Enterprise,224,10976,33.0,2,3.7,0
U103549,2024-12-15,Starter,APAC,Organic,Mid-Market,5,60,10.0,0,,0
U103550,2024-10-17,Business,NA,Partner,Mid-Market,19,551,19.0,1,2.1,0
U103551,2025-02-22,Free,APAC,Paid,SMB,1,0,0.0,0,,0
U103552,2024-12-11,Free,APAC,Referral,SMB,1,0,3.0,0,,0
U103553,2025-06-05,Free,EMEA,Paid,Mid-Market,1,0,5.0,0,,1
U103554,2025-05-31,Starter,EMEA,Referral,SMB,6,72,29.0,0,,0
U103555,2025-01-02,Free,NA,Organic,Enterprise,1,0,9.0,1,3.5,0
U103556,2024-06-07,Free,NA,Paid,Mid-Market,1,0,8.0,0,,0
U103557,2024-01-05,Free,EMEA,Organic,SMB,1,0,16.0,3,4.6,0
U103558,2024-03-12,Starter,LATAM,Paid,SMB,5,60,17.0,1,3.6,0
U103559,2025-03-14,Free,NA,Referral,Mid-Market,1,0,12.0,2,4.4,0
U103560,2024-06-24,Starter,APAC,Organic,SMB,4,48,11.0,1,4.5,0
U103561,2025-03-28,Business,APAC,Referral,Mid-Market,17,493,20.0,4,3.0,0
U103562,2025-06-15,Starter,APAC,Organic,SMB,4,48,22.0,0,,0
U103563,2024-11-02,Starter,NA,Partner,SMB,3,36,0.0,2,4.1,1
U103564,2024-04-28,Starter,NA,Referral,SMB,5,60,23.0,0,,1
U103565,2025-01-07,Business,NA,Organic,SMB,32,928,29.0,1,3.1,0
U103566,2025-03-30,Free,EMEA,Organic,Mid-Market,1,0,9.0,0,,0
U103567,2025-06-23,free,EMEA,Partner,SMB,1,0,10.0,0,,1
U103568,2024-02-22,Free,APAC,Organic,Enterprise,1,0,2.0,0,,0
U103569,2024-08-13,Starter,NA,Partner,SMB,3,36,13.0,0,,0
U103570,2024-11-28,Free,NA,Referral,Mid-Market,1,0,0.0,0,,0
U103571,2024-07-16,Enterprise,NA,Organic,Mid-Market,243,11907,33.0,2,3.9,0
U103572,2024-06-20,Free,NA,Organic,SMB,1,0,7.0,2,4.5,0
U103573,2024-01-28,Business,EMEA,Paid,Mid-Market,26,754,21.0,0,,0
U103574,2024-10-12,Free,EMEA,Referral,Enterprise,1,0,3.0,1,4.2,0
U103575,2025-02-07,Enterprise,EMEA,Referral,Mid-Market,232,11368,,1,4.4,0
U103576,2025-04-22,Free,NA,Paid,Mid-Market,1,0,15.0,1,3.7,1
U103577,2024-08-12,Free,NA,Organic,SMB,1,0,6.0,0,,0
U103578,2024-03-11,Free,EMEA,Organic,SMB,1,0,6.0,1,3.7,0
U103579,2024-02-23,Free,NA,Organic,SMB,1,0,4.0,0,,0
U103580,2024-10-05,Free,EMEA,Organic,SMB,1,0,5.0,2,4.1,0
U103581,2025-04-03,Free,EMEA,Organic,SMB,1,0,2.0,1,5.0,0
U103582,2025-01-12,Starter,NA,Organic,Mid-Market,5,60,19.0,2,4.2,0
U103583,2024-02-03,Business,NA,Organic,Mid-Market,28,812,8.0,3,3.1,0
U103584,2024-04-13,Starter,APAC,Referral,SMB,4,48,8.0,0,,0
U103585,2024-10-15,Free,APAC,Paid,SMB,1,0,12.0,0,,0
U103586,2024-03-05,Starter,EMEA,Organic,SMB,6,72,25.0,2,4.6,0
U103587,2024-10-24,Starter,NA,Referral,SMB,5,60,21.0,3,3.4,0
U103588,2024-08-07,Enterprise,EMEA,Paid,Enterprise,132,6468,18.0,2,3.8,0
U103589,2024-03-14,Starter,NA,Paid,Mid-Market,4,48,19.0,0,,0
U103590,2024-03-14,Free,LATAM,Organic,SMB,1,0,20.0,0,,0
U103591,2024-05-26,starter,LATAM,Organic,SMB,2,24,9.0,2,4.0,1
U103592,2024-08-02,Starter,NA,Organic,Mid-Market,2,24,19.0,1,4.4,1
U103593,2025-04-27,Starter,APAC,Partner,SMB,4,48,3.0,2,4.9,1
U103594,2024-07-06,Business,APAC,Referral,SMB,18,522,11.0,4,4.2,0
U103595,2024-08-10,Starter,NA,Organic,SMB,6,72,17.0,0,,0
U103596,2024-04-19,Free,EMEA,Organic,SMB,1,0,16.0,0,,0
U103597,2025-03-14,Free,EMEA,Organic,SMB,1,0,17.0,0,,0
U103598,2024-09-01,Free,APAC,Organic,SMB,1,0,9.0,1,4.0,0
U103599,2025-05-20,Free,NA,Paid,SMB,1,0,5.0,0,,0
U103600,2025-05-26,Starter,EMEA,Organic,SMB,6,72,,2,3.7,1
U103601,2025-04-16,Business,EMEA,Referral,Mid-Market,27,783,18.0,1,5.0,0
U103602,2024-09-27,free,APAC,Organic,SMB,1,0,1.0,0,,1
U103603,2024-10-17,Starter,EMEA,Organic,SMB,4,48,8.0,0,,0
U103604,2024-10-16,Free,NA,Referral,Mid-Market,1,0,14.0,1,4.7,1
U103605,2024-09-01,Free,EMEA,Organic,SMB,1,0,4.0,0,,0
U103606,2025-04-30,Starter,NA,Referral,SMB,2,24,10.0,0,,0
U103607,2024-12-28,Business,NA,Organic,SMB,5,145,28.0,1,3.8,0
U103608,2024-05-16,Free,LATAM,Paid,SMB,1,0,5.0,1,3.3,0
U103609,2024-02-25,Business,EMEA,Referral,SMB,9,261,16.0,0,,0
U103610,2024-12-20,Free,NA,Referral,SMB,1,0,16.0,0,,0
U103611,2024-03-14,Business,APAC,Organic,SMB,33,957,28.0,1,3.6,0
U103612,2024-11-30,Starter,LATAM,Paid,SMB,7,84,10.0,2,4.2,0
U103613,2024-05-22,Free,APAC,Paid,SMB,1,0,2.0,0,,1
U103614,2024-08-15,Business,NA,Organic,Enterprise,6,174,12.0,3,4.9,1
U103615,2024-06-27,Starter,NA,Organic,SMB,5,60,21.0,4,4.8,0
U103616,2024-06-01,Starter,NA,Paid,SMB,3,36,16.0,0,,0
U103617,2025-06-23,Free,NA,Paid,Mid-Market,1,0,0.0,0,,0
U103618,2024-11-20,Free,EMEA,Organic,SMB,1,0,5.0,0,,0
U103619,2024-08-29,Starter,EMEA,Paid,SMB,7,84,13.0,1,4.7,1
U103620,2024-12-18,Free,EMEA,Organic,SMB,1,0,2.0,0,,0
U103621,2025-01-25,Free,EMEA,Organic,Enterprise,1,0,12.0,0,,1
U103622,2024-02-21,Free,NA,Referral,SMB,1,0,0.0,0,,0
U103623,2025-02-20,Free,LATAM,Referral,SMB,1,0,0.0,0,,0
U103624,2025-06-16,Starter,NA,Organic,SMB,7,84,22.0,0,,0
U103625,2025-01-01,Business,NA,Organic,Mid-Market,26,754,27.0,3,3.9,0
U103626,2025-02-22,Free,LATAM,Organic,SMB,1,0,0.0,1,3.9,0
U103627,2024-05-28,Starter,NA,Paid,Mid-Market,7,84,11.0,1,5.0,0
U103628,2025-04-01,Enterprise,EMEA,Paid,SMB,229,11221,,4,3.8,0
U103629,2025-05-21,Free,NA,Referral,Mid-Market,1,0,0.0,0,,0
U103630,2024-05-25,Business,EMEA,Organic,SMB,6,174,21.0,0,,0
U103631,2025-03-30,Free,NA,Referral,Mid-Market,1,0,3.0,0,,1
U103632,2024-10-24,Free,NA,Organic,SMB,1,0,14.0,1,4.7,0
U103633,2024-12-03,Business,NA,Organic,SMB,18,522,15.0,1,4.1,0
U103634,2024-11-20,Starter,EMEA,Organic,SMB,7,84,13.0,1,4.2,0
U103635,2025-04-03,Starter,EMEA,Organic,Mid-Market,7,84,24.0,1,4.3,0
U103636,2024-10-28,Starter,EMEA,Organic,Mid-Market,7,84,3.0,0,,1
U103637,2025-04-21,Free,EMEA,Organic,SMB,1,0,0.0,0,,0
U103638,2024-04-12,Business,NA,Organic,SMB,29,841,13.0,2,4.3,1
U103639,2024-05-17,Free,EMEA,Organic,Mid-Market,1,0,0.0,1,5.0,1
U103640,2024-07-03,Free,EMEA,Paid,SMB,1,0,0.0,0,,1
U103641,2024-09-21,Enterprise,APAC,Paid,SMB,282,13818,28.0,4,5.0,0
U103642,2024-11-02,Starter,APAC,Paid,SMB,6,72,13.0,1,4.5,0
U103643,2024-02-10,Free,APAC,Referral,SMB,1,0,1.0,1,3.5,1
U103644,2025-03-10,Starter,NA,Referral,Mid-Market,2,24,12.0,0,,0
U103645,2024-04-27,Starter,NA,Organic,SMB,6,72,4.0,2,4.7,0
U103646,2024-07-24,Starter,APAC,Organic,SMB,3,36,14.0,3,2.9,0
U103647,2025-05-05,Free,NA,Referral,SMB,1,0,11.0,1,5.0,1
U103648,2024-04-22,Free,NA,Organic,Enterprise,1,0,6.0,0,,0
U103649,2024-12-20,Starter,APAC,Organic,SMB,3,36,16.0,1,4.0,1
U103650,2025-05-06,Enterprise,EMEA,Organic,SMB,64,3136,20.0,3,4.6,0
U103651,2024-06-27,Business,APAC,Paid,SMB,17,493,15.0,1,3.9,0
U103652,2025-01-26,Enterprise,NA,Organic,SMB,152,7448,34.0,4,3.9,0
U103653,2025-05-20,Starter,EMEA,Organic,Mid-Market,6,72,6.0,2,4.4,0
U103654,2024-06-25,Free,NA,Organic,Enterprise,1,0,6.0,0,,0
U103655,2025-05-12,Free,NA,Organic,SMB,1,0,14.0,2,4.2,1
U103656,2024-05-02,Free,NA,Paid,SMB,1,0,0.0,0,,0
U103657,2024-08-22,Free,EMEA,Organic,Mid-Market,1,0,15.0,1,3.8,0
U103658,2025-01-12,Free,EMEA,Organic,SMB,1,0,3.0,1,4.4,0
U103659,2025-04-04,Free,EMEA,Organic,Mid-Market,1,0,11.0,0,,0
U103660,2024-06-28,Free,NA,Organic,Mid-Market,1,0,16.0,0,,0
U103661,2025-05-05,Business,NA,Organic,SMB,20,580,11.0,2,5.0,0
U103662,2024-05-21,Starter,NA,Referral,SMB,3,36,11.0,0,,0
U103663,2025-01-19,Business,EMEA,Referral,SMB,33,957,21.0,2,3.5,0
U103664,2024-05-10,Business,APAC,Organic,Mid-Market,9,261,11.0,0,,0
U103665,2024-03-21,Enterprise,EMEA,Organic,Mid-Market,218,10682,35.0,4,3.9,1
U103666,2024-04-28,Free,NA,Organic,Mid-Market,1,0,8.0,2,4.0,0
U103667,2025-06-20,Free,EMEA,Organic,SMB,1,0,,3,5.0,0
U103668,2024-03-29,Free,NA,Organic,SMB,1,0,8.0,0,,0
U103669,2025-04-21,Free,LATAM,Paid,SMB,1,0,2.0,0,,0
U103670,2025-03-01,Starter,APAC,Referral,SMB,5,60,11.0,0,,1
U103671,2025-03-28,Business,NA,Paid,Mid-Market,12,348,17.0,2,4.1,1
U103672,2024-09-12,Enterprise,NA,Paid,SMB,242,11858,,1,3.9,0
U103673,2024-12-28,Business,NA,Referral,SMB,32,928,21.0,0,,0
U103674,2024-01-11,Starter,NA,Organic,SMB,5,60,33.0,0,,0
U103675,2024-10-05,Free,,Partner,SMB,1,0,0.0,0,,0
U103676,2025-04-27,Free,NA,Organic,Mid-Market,1,0,1.0,0,,0
U103677,2024-10-07,Starter,NA,Paid,Enterprise,2,24,15.0,2,4.4,0
U103678,2024-10-07,Free,NA,Organic,SMB,1,0,0.0,0,,0
U103679,2025-01-08,Business,NA,Referral,Mid-Market,10,290,29.0,2,3.5,0
U103680,2024-08-02,Enterprise,NA,Organic,Mid-Market,260,12740,12.0,0,,0
U103681,2024-12-13,Business,EMEA,Referral,SMB,38,1102,25.0,1,4.9,0
U103682,2025-02-01,Free,NA,Organic,Mid-Market,1,0,5.0,0,,0
U103683,2024-09-30,Free,NA,Partner,SMB,1,0,9.0,0,,0
U103684,2024-10-01,Free,APAC,Organic,Mid-Market,1,0,8.0,0,,0
U103685,2025-01-22,Free,EMEA,Paid,SMB,1,0,0.0,0,,0
U103686,2024-07-29,Business,EMEA,Organic,Mid-Market,16,464,23.0,0,,0
U103687,2024-06-29,Starter,LATAM,Referral,SMB,5,60,13.0,0,,0
U103688,2024-01-14,Free,EMEA,Paid,SMB,1,0,17.0,0,,0
U103689,2025-04-21,Free,EMEA,Paid,SMB,1,0,0.0,0,,0
U103690,2024-12-08,Free,APAC,Organic,Mid-Market,1,0,12.0,0,,0
U103691,2024-06-26,Free,NA,Referral,SMB,1,0,16.0,0,,0
U103692,2025-02-21,Business,NA,Organic,SMB,22,638,19.0,1,3.6,0
U103693,2024-11-15,Starter,APAC,Partner,Mid-Market,3,36,12.0,2,3.9,0
U103694,2024-07-08,Free,EMEA,Organic,SMB,1,0,6.0,0,,0
U103695,2024-09-15,Starter,EMEA,Organic,SMB,2,24,14.0,1,3.4,0
U103696,2025-06-02,Business,APAC,Organic,SMB,17,493,23.0,4,1.8,1
U103697,2024-04-14,Free,,Referral,Mid-Market,1,0,11.0,0,,1
U103698,2024-11-25,Free,NA,Organic,SMB,1,0,0.0,0,,0
U103699,2025-01-14,Free,NA,Referral,SMB,1,0,15.0,1,3.1,0
U103700,2025-05-05,Free,APAC,Organic,Mid-Market,1,0,0.0,0,,0
U103701,2024-07-26,Starter,NA,Referral,Mid-Market,5,60,,0,,0
U103702,2024-06-13,Free,NA,Partner,Mid-Market,1,0,11.0,1,5.0,0
U103703,2024-12-03,Free,NA,Paid,Mid-Market,1,0,12.0,1,4.8,0
U103704,2024-05-15,Free,APAC,Organic,Enterprise,1,0,18.0,1,4.3,0
U103705,2024-12-12,Free,NA,Paid,SMB,1,0,4.0,0,,0
U103706,2025-01-16,Business,,Paid,SMB,9,261,16.0,0,,0
U103707,2024-09-30,Starter,EMEA,Referral,SMB,4,48,16.0,0,,1
U103708,2024-09-22,Free,APAC,Organic,Mid-Market,1,0,9.0,0,,0
U103709,2024-05-20,Starter,NA,Referral,Enterprise,7,84,8.0,0,,0
U103710,2025-01-28,Free,EMEA,Partner,SMB,1,0,15.0,1,5.0,0
U103711,2024-09-20,Starter,EMEA,Paid,Enterprise,6,72,7.0,1,2.9,0
U103712,2024-07-26,Free,NA,Organic,Enterprise,1,0,6.0,0,,0
U103713,2024-05-25,Free,NA,Partner,Enterprise,1,0,5.0,0,,0
U103714,2024-08-09,Free,APAC,Organic,Enterprise,1,0,11.0,0,,1
U103715,2024-08-11,Free,EMEA,Partner,Mid-Market,1,0,17.0,1,4.3,0
U103716,2025-03-23,Free,EMEA,Partner,Enterprise,1,0,6.0,0,,0
U103717,2024-09-14,Free,NA,Organic,Mid-Market,1,0,11.0,1,3.4,0
U103718,2024-03-26,Free,LATAM,Partner,Mid-Market,1,0,8.0,0,,0
U103719,2025-01-29,Free,NA,Partner,SMB,1,0,0.0,0,,1
U103720,2024-01-23,Business,APAC,Paid,SMB,33,957,24.0,4,4.4,0
U103721,2024-01-25,Free,NA,Paid,SMB,1,0,10.0,1,4.2,1
U103722,2024-01-11,Enterprise,EMEA,Organic,SMB,126,6174,33.0,3,4.8,0
U103723,2025-06-19,Starter,LATAM,Paid,SMB,6,72,,2,3.8,0
U103724,2024-02-13,Enterprise,NA,Paid,SMB,42,2058,29.0,3,4.6,0
U103725,2024-02-07,Free,APAC,Organic,SMB,1,0,4.0,0,,0
U103726,2025-04-01,Free,EMEA,Organic,SMB,1,0,0.0,0,,0
U103727,2024-04-04,Starter,NA,Paid,SMB,3,36,19.0,1,4.0,0
U103728,2024-01-11,Free,,Organic,Mid-Market,1,0,3.0,0,,1
U103729,2024-01-27,Starter,EMEA,Paid,SMB,3,36,13.0,0,,0
U103730,2024-11-02,Starter,EMEA,Referral,Enterprise,4,48,14.0,3,3.6,0
U103731,2024-09-24,Starter,NA,Partner,Enterprise,6,72,8.0,1,4.5,1
U103732,2025-01-27,Free,EMEA,Organic,SMB,1,0,21.0,0,,0
U103733,2024-06-24,Enterprise,LATAM,Organic,SMB,209,10241,35.0,4,4.4,0
U103734,2024-09-26,Free,LATAM,Organic,Mid-Market,1,0,4.0,0,,0
U103735,2024-01-17,Free,APAC,Referral,SMB,1,0,0.0,0,,0
U103736,2025-05-03,Free,APAC,Paid,Enterprise,1,0,2.0,0,,0
U103737,2025-01-31,Free,,Organic,SMB,1,0,13.0,0,,0
U103738,2025-05-28,Free,NA,Organic,Mid-Market,1,0,5.0,0,,0
U103739,2024-05-20,Starter,NA,Organic,SMB,5,60,27.0,2,3.5,0
U103740,2024-12-08,Free,APAC,Organic,SMB,1,0,4.0,0,,1
U103741,2024-12-08,Starter,NA,Referral,Mid-Market,3,36,9.0,0,,0
U103742,2024-06-07,Free,LATAM,Referral,Mid-Market,1,0,9.0,0,,0
U103743,2024-04-14,Free,APAC,Paid,SMB,1,0,9.0,0,,0
U103744,2024-01-24,Starter,NA,Paid,Enterprise,4,48,10.0,2,3.2,0
U103745,2024-11-05,Starter,APAC,Organic,Mid-Market,6,72,16.0,3,3.6,0
U103746,2024-02-22,Free,NA,Partner,Mid-Market,1,0,0.0,2,4.6,1
U103747,2024-04-04,Starter,NA,Organic,SMB,7,84,17.0,1,2.6,0
U103748,2024-03-15,Starter,EMEA,Organic,Mid-Market,4,48,15.0,2,2.6,0
U103749,2024-08-04,Enterprise,NA,Organic,Mid-Market,146,7154,32.0,4,3.4,0
U103750,2024-07-08,Starter,APAC,Referral,SMB,7,84,18.0,3,4.7,0
U103751,2025-03-27,Free,NA,Paid,SMB,1,0,5.0,0,,1
U103752,2025-04-09,Starter,NA,Paid,SMB,7,84,6.0,1,4.3,0
U103753,2024-02-09,Enterprise,LATAM,Organic,SMB,282,13818,28.0,3,4.2,0
U103754,2024-10-05,Enterprise,EMEA,Organic,SMB,226,11074,32.0,1,4.4,0
U103755,2024-04-27,Starter,EMEA,Organic,SMB,3,36,26.0,0,,0
U103756,2024-07-29,Free,EMEA,Partner,SMB,1,0,0.0,1,4.4,1
U103757,2024-05-03,Starter,EMEA,Organic,Mid-Market,6,72,10.0,0,,0
U103758,2025-03-17,Starter,LATAM,Organic,Enterprise,6,72,24.0,1,4.2,0
U103759,2024-12-23,Enterprise,EMEA,Organic,Enterprise,45,2205,19.0,0,,0
U103760,2024-06-23,Free,EMEA,Paid,SMB,1,0,15.0,0,,0
U103761,2024-12-21,Free,NA,Organic,SMB,1,0,7.0,0,,0
U103762,2024-02-03,Free,NA,Organic,SMB,1,0,12.0,0,,0
U103763,2024-09-19,Free,EMEA,Organic,SMB,1,0,9.0,0,,0
U103764,2025-05-15,Starter,NA,Referral,Mid-Market,5,60,13.0,1,3.1,1
U103765,2024-01-16,Free,NA,Organic,SMB,1,0,10.0,0,,0
U103766,2025-06-19,Enterprise,NA,Organic,SMB,122,5978,20.0,3,4.4,0
U103767,2024-04-04,Free,NA,Paid,SMB,1,0,0.0,0,,0
U103768,2025-02-03,Free,NA,Paid,Enterprise,1,0,17.0,0,,0
U103769,2024-12-26,Free,NA,Organic,SMB,1,0,2.0,0,,0
U103770,2025-01-25,Starter,LATAM,Organic,SMB,4,48,13.0,2,4.5,0
U103771,2024-04-25,Free,APAC,Paid,Mid-Market,1,0,4.0,0,,0
U103772,2025-02-17,Free,NA,Paid,Mid-Market,1,0,0.0,1,3.8,0
U103773,2024-08-19,Starter,NA,Partner,Mid-Market,4,48,19.0,2,3.3,0
U103774,2024-02-15,Business,EMEA,Organic,Mid-Market,9,261,26.0,2,2.7,0
U103775,2025-05-21,Business,NA,Organic,Enterprise,24,696,18.0,1,4.9,1
U103776,2025-02-06,Free,LATAM,Organic,Mid-Market,1,0,6.0,1,4.0,0
U103777,2025-01-14,Business,NA,Organic,SMB,7,203,13.0,0,,0
U103778,2024-01-05,Free,NA,Organic,Mid-Market,1,0,0.0,0,,0
U103779,2024-01-24,Free,NA,Organic,SMB,1,0,2.0,1,3.7,0
U103780,2024-01-20,Free,NA,Organic,SMB,1,0,7.0,0,,0
U103781,2024-04-12,Free,EMEA,Referral,Enterprise,1,0,4.0,0,,0
U103782,2025-03-31,Starter,APAC,Paid,Mid-Market,3,36,19.0,2,5.0,1
U103783,2025-05-02,Free,APAC,Organic,Mid-Market,1,0,0.0,0,,1
U103784,2025-01-24,Free,NA,Referral,Mid-Market,1,0,11.0,0,,0
U103785,2024-06-13,Free,,Organic,SMB,1,0,12.0,0,,0
U103786,2024-04-14,Starter,LATAM,Organic,SMB,4,48,,1,5.0,0
U103787,2024-12-26,Free,NA,Organic,Enterprise,1,0,0.0,0,,1
U103788,2024-08-19,Starter,NA,Referral,Mid-Market,2,24,11.0,2,4.5,0
U103789,2024-10-02,Starter,NA,Partner,Mid-Market,3,36,11.0,0,,1
U103790,2025-06-15,Free,NA,Organic,SMB,1,0,12.0,0,,0
U103791,2024-10-14,Free,EMEA,Organic,SMB,1,0,15.0,0,,0
U103792,2024-11-10,Enterprise,NA,Organic,SMB,255,12495,35.0,3,3.7,0
U103793,2025-02-09,Free,APAC,Referral,SMB,1,0,5.0,0,,0
U103794,2025-04-21,Free,NA,Paid,SMB,1,0,0.0,1,4.2,1
U103795,2024-06-21,Business,NA,Organic,SMB,16,464,0.0,0,,1
U103796,2024-01-24,Free,EMEA,Organic,SMB,1,0,1.0,0,,0
U103797,2024-11-02,Free,NA,Organic,SMB,1,0,10.0,0,,0
U103798,2025-05-17,Free,NA,Partner,SMB,1,0,2.0,1,3.0,0
U103799,2024-10-08,Enterprise,APAC,Organic,SMB,74,3626,42.0,3,4.7,0
U103800,2024-12-05,Enterprise,APAC,Paid,SMB,35,1715,24.0,2,3.6,0
U103801,2024-10-18,Free,LATAM,Partner,SMB,1,0,4.0,0,,0
U103802,2025-04-28,Business,APAC,Referral,Mid-Market,17,493,13.0,4,3.3,0
U103803,2024-06-11,Free,APAC,Organic,Mid-Market,1,0,0.0,0,,0
U103804,2024-11-19,Enterprise,NA,Organic,SMB,138,6762,25.0,6,1.9,0
U103805,2024-06-16,Business,NA,Organic,SMB,14,406,13.0,2,3.5,0
U103806,2025-03-06,Business,EMEA,Organic,SMB,37,1073,5.0,0,,0
U103807,2024-10-04,Starter,EMEA,Referral,SMB,5,60,17.0,1,3.3,0
U103808,2024-04-07,Business,NA,Paid,SMB,10,290,31.0,0,,0
U103809,2024-03-18,Starter,LATAM,Referral,Enterprise,5,60,7.0,0,,0
U103810,2024-01-26,Business,NA,Paid,SMB,15,435,20.0,1,4.3,0
U103811,2024-01-20,Business,NA,Paid,Mid-Market,27,783,22.0,2,3.1,0
U103812,2025-05-18,Free,NA,Organic,SMB,1,0,12.0,0,,0
U103813,2024-03-28,Free,NA,Organic,Mid-Market,1,0,5.0,0,,0
U103814,2024-02-21,Business,NA,Paid,Mid-Market,36,1044,21.0,4,4.6,0
U103815,2025-02-14,Enterprise,LATAM,Organic,SMB,155,7595,23.0,3,3.3,0
U103816,2025-05-12,Starter,LATAM,Organic,Enterprise,6,72,18.0,1,3.9,1
U103817,2024-07-16,Business,EMEA,Paid,SMB,10,290,25.0,1,3.0,0
U103818,2024-08-17,Starter,EMEA,Organic,SMB,3,36,15.0,3,4.1,0
U103819,2024-04-10,Free,EMEA,Paid,SMB,1,0,5.0,0,,0
U103820,2024-05-18,Free,APAC,Partner,SMB,1,0,14.0,0,,0
U103821,2024-10-17,Starter,EMEA,Paid,SMB,3,36,17.0,0,,0
U103822,2024-08-12,Starter,EMEA,Organic,Enterprise,7,84,,0,,1
U103823,2025-06-01,Starter,NA,Paid,Mid-Market,7,84,16.0,1,4.9,0
U103824,2024-09-21,Business,APAC,Organic,Mid-Market,25,725,12.0,0,,1
U103825,2025-02-14,Free,NA,Partner,Mid-Market,1,0,2.0,0,,0
U103826,2024-08-23,Starter,LATAM,Organic,SMB,4,48,11.0,0,,0
U103827,2025-02-21,Enterprise,NA,Organic,SMB,260,12740,35.0,2,4.0,0
U103828,2024-02-27,Free,NA,Paid,SMB,1,0,4.0,1,4.9,0
U103829,2024-08-05,Free,APAC,Organic,SMB,1,0,0.0,0,,0
U103830,2024-01-09,Enterprise,APAC,Organic,Mid-Market,56,2744,29.0,2,3.7,0
U103831,2024-05-05,Free,NA,Organic,SMB,1,0,7.0,1,1.9,0
U103832,2024-06-18,Starter,NA,Paid,SMB,6,72,5.0,0,,0
U103833,2024-10-21,Starter,EMEA,Paid,SMB,5,60,13.0,0,,0
U103834,2025-02-13,Starter,NA,Organic,SMB,4,48,,1,5.0,0
U103835,2025-05-05,Free,NA,Paid,SMB,1,0,0.0,0,,0
U103836,2024-01-15,Starter,NA,Organic,SMB,2,24,18.0,2,5.0,1
U103837,2024-08-01,Free,NA,Organic,Mid-Market,1,0,10.0,0,,0
U103838,2025-04-30,Free,EMEA,Organic,SMB,1,0,1.0,0,,0
U103839,2024-04-01,Enterprise,NA,Paid,Mid-Market,104,5096,32.0,2,4.9,0
U103840,2025-02-21,Free,NA,Partner,SMB,1,0,0.0,0,,0
U103841,2025-04-23,Starter,EMEA,Organic,SMB,4,48,6.0,0,,1
U103842,2024-05-26,Starter,APAC,Paid,SMB,5,60,0.0,0,,0
U103843,2024-10-13,Free,NA,Referral,Mid-Market,1,0,0.0,0,,1
U103844,2024-06-15,Business,EMEA,Organic,SMB,35,1015,25.0,0,,0
U103845,2024-01-28,Free,NA,Organic,Mid-Market,1,0,12.0,1,4.4,0
U103846,2025-04-03,Free,EMEA,Organic,SMB,1,0,3.0,0,,1
U103847,2025-02-23,Business,EMEA,Partner,Mid-Market,26,754,22.0,0,,0
U103848,2024-05-23,Business,LATAM,Organic,Enterprise,21,609,5.0,0,,1
U103849,2024-12-04,Free,APAC,Paid,SMB,1,0,20.0,0,,0
U103850,2024-01-10,Free,EMEA,Paid,SMB,1,0,13.0,0,,0
U103851,2025-01-15,Starter,APAC,Organic,SMB,2,24,19.0,1,3.4,1
U103852,2024-08-03,Free,NA,Organic,Mid-Market,1,0,3.0,0,,0
U103853,2024-05-29,Free,APAC,Referral,SMB,1,0,2.0,0,,0
U103854,2025-01-07,Starter,APAC,Organic,SMB,7,84,18.0,1,4.7,0
U103855,2025-03-23,Business,EMEA,Organic,Mid-Market,35,1015,13.0,1,4.3,0
U103856,2024-12-05,Free,EMEA,Organic,SMB,1,0,3.0,0,,0
U103857,2024-01-01,Free,EMEA,Paid,Enterprise,1,0,0.0,0,,0
U103858,2025-03-01,Business,LATAM,Referral,Mid-Market,35,1015,11.0,0,,0
U103859,2024-08-20,Starter,APAC,Paid,Enterprise,7,84,20.0,0,,0
U103860,2024-09-14,Starter,NA,Organic,SMB,5,60,11.0,0,,0
U103861,2025-05-27,Starter,NA,Referral,SMB,3,36,22.0,0,,0
U103862,2024-08-22,Free,NA,Organic,Mid-Market,1,0,20.0,0,,0
U103863,2024-02-13,Starter,EMEA,Paid,SMB,4,48,9.0,0,,1
U103864,2024-03-09,Free,APAC,Paid,Mid-Market,1,0,0.0,1,3.6,0
U103865,2025-03-18,Business,EMEA,Paid,Mid-Market,36,1044,22.0,2,4.5,1
U103866,2024-08-19,Free,EMEA,Organic,SMB,1,0,,1,3.1,1
U103867,2024-10-17,Free,APAC,Partner,Mid-Market,1,0,3.0,0,,1
U103868,2024-03-11,Starter,APAC,Paid,SMB,6,72,9.0,0,,0
U103869,2025-02-22,Free,NA,Referral,SMB,1,0,0.0,0,,0
U103870,2025-01-11,Enterprise,NA,Organic,SMB,125,6125,28.0,2,3.6,0
U103871,2024-04-22,Free,APAC,Organic,Mid-Market,1,0,0.0,0,,0
U103872,2025-01-09,Starter,NA,Partner,Mid-Market,5,60,17.0,1,4.8,0
U103873,2025-01-22,Starter,LATAM,Partner,SMB,3,36,12.0,0,,1
U103874,2024-12-13,Free,EMEA,Organic,SMB,1,0,0.0,1,4.7,0
U103875,2025-05-05,Free,LATAM,Organic,Mid-Market,1,0,10.0,0,,0
U103876,2024-12-03,Free,NA,Paid,Mid-Market,1,0,0.0,0,,1
U103877,2024-07-31,Free,APAC,Paid,Enterprise,1,0,0.0,0,,0
U103878,2024-01-26,Starter,LATAM,Paid,SMB,7,84,25.0,2,3.3,0
U103879,2025-01-09,Free,APAC,Paid,SMB,1,0,8.0,0,,0
U103880,2024-03-31,Free,NA,Organic,SMB,1,0,12.0,0,,0
U103881,2024-11-14,Free,NA,Referral,SMB,1,0,8.0,0,,0
U103882,2024-12-24,Free,EMEA,Organic,SMB,1,0,18.0,0,,0
U103883,2024-06-26,Starter,APAC,Organic,Mid-Market,5,60,27.0,1,4.9,0
U103884,2024-06-20,Free,LATAM,Organic,Enterprise,1,0,14.0,0,,0
U103885,2025-06-08,Free,NA,Paid,Mid-Market,1,0,5.0,1,5.0,0
U103886,2024-03-25,Free,EMEA,Paid,SMB,1,0,12.0,1,4.9,0
U103887,2024-07-09,Business,EMEA,Paid,SMB,22,638,29.0,2,3.7,0
U103888,2024-09-14,Starter,EMEA,Organic,SMB,7,84,22.0,0,,0
U103889,2025-03-11,Free,EMEA,Paid,Enterprise,1,0,0.0,1,3.8,1
U103890,2025-04-28,Free,APAC,Organic,SMB,1,0,8.0,0,,1
U103891,2024-05-09,Starter,APAC,Referral,SMB,3,36,11.0,0,,1
U103892,2025-02-16,Free,LATAM,Referral,Mid-Market,1,0,0.0,0,,0
U103893,2024-03-07,Starter,EMEA,Referral,SMB,5,60,12.0,1,3.5,1
U103894,2024-01-12,Business,,Referral,SMB,22,638,15.0,4,3.5,0
U103895,2025-02-11,Free,,Organic,SMB,1,0,0.0,1,4.0,1
U103896,2025-06-03,Business,NA,Referral,Enterprise,23,667,21.0,2,3.3,0
U103897,2024-10-22,Starter,NA,Paid,Mid-Market,3,36,13.0,1,4.6,0
U103898,2024-02-26,Starter,EMEA,Organic,SMB,5,60,16.0,0,,0
U103899,2025-01-11,Free,APAC,Referral,Mid-Market,1,0,7.0,0,,1
U103900,2025-05-05,Free,APAC,Organic,Mid-Market,1,0,5.0,1,3.6,0
U103901,2024-11-25,Starter,NA,Organic,SMB,4,48,5.0,1,3.1,0
U103902,2025-04-09,Free,NA,Paid,Enterprise,1,0,9.0,0,,0
U103903,2025-01-06,Free,NA,Organic,Mid-Market,1,0,16.0,0,,0
U103904,2024-06-03,Free,NA,Paid,Mid-Market,1,0,13.0,0,,1
U103905,2025-04-02,Starter,EMEA,Paid,SMB,5,60,12.0,0,,0
U103906,2025-05-20,Free,APAC,Organic,SMB,1,0,0.0,0,,0
U103907,2024-06-21,Free,NA,Paid,SMB,1,0,3.0,2,4.6,0
U103908,2025-04-30,Starter,LATAM,Partner,SMB,5,60,17.0,1,5.0,1
U103909,2024-09-26,Starter,EMEA,Referral,Mid-Market,4,48,,0,,0
U103910,2025-04-15,Starter,LATAM,Organic,Mid-Market,6,72,14.0,0,,0
U103911,2025-02-03,Starter,NA,Paid,SMB,2,24,9.0,2,3.6,1
U103912,2024-09-02,Free,EMEA,Organic,SMB,1,0,6.0,0,,0
U103913,2024-06-14,Starter,,Organic,SMB,5,60,25.0,2,4.0,0
U103914,2025-02-16,Free,EMEA,Paid,Mid-Market,1,0,10.0,0,,0
U103915,2024-10-17,Free,EMEA,Organic,Enterprise,1,0,7.0,0,,0
U103916,2024-06-18,Free,APAC,Organic,SMB,1,0,0.0,0,,1
U103917,2024-11-13,Free,NA,Paid,SMB,1,0,11.0,0,,1
U103918,2024-02-11,Free,NA,Organic,SMB,1,0,0.0,1,4.5,0
U103919,2024-01-22,Starter,NA,Partner,Enterprise,5,60,17.0,0,,0
U103920,2024-10-06,Free,EMEA,Paid,Enterprise,1,0,0.0,0,,0
U103921,2024-07-31,Free,NA,Paid,SMB,1,0,1.0,0,,0
U103922,2024-10-08,Business,EMEA,Partner,SMB,27,783,22.0,2,2.9,0
U103923,2024-08-02,Enterprise,NA,Paid,SMB,184,9016,23.0,3,3.9,1
U103924,2025-03-29,Starter,EMEA,Referral,SMB,4,48,11.0,2,5.0,1
U103925,2025-06-15,Starter,EMEA,Organic,SMB,5,60,25.0,0,,0
U103926,2024-09-10,Free,APAC,Paid,SMB,1,0,0.0,1,4.6,0
U103927,2025-04-02,Starter,NA,Paid,SMB,5,60,3.0,1,3.4,0
U103928,2024-12-04,Free,APAC,Organic,Mid-Market,1,0,8.0,0,,1
U103929,2025-02-28,Free,EMEA,Organic,SMB,1,0,17.0,0,,0
U103930,2024-08-01,Free,EMEA,Organic,SMB,1,0,5.0,0,,0
U103931,2024-08-15,Starter,APAC,Organic,Mid-Market,3,36,25.0,1,2.8,0
U103932,2024-06-28,Free,APAC,Organic,Enterprise,1,0,0.0,0,,0
U103933,2025-04-14,Free,LATAM,Organic,SMB,1,0,6.0,1,5.0,0
U103934,2024-07-08,Business,EMEA,Partner,Mid-Market,27,783,15.0,1,4.5,0
U103935,2024-02-05,Enterprise,EMEA,Organic,Enterprise,237,11613,28.0,2,2.6,0
U103936,2024-10-01,Free,EMEA,Organic,SMB,1,0,3.0,0,,0
U103937,2024-07-12,Free,NA,Referral,Enterprise,1,0,7.0,0,,0
U103938,2024-01-28,Free,NA,Organic,Mid-Market,1,0,0.0,0,,0
U103939,2024-05-02,Starter,NA,Organic,SMB,3,36,4.0,0,,0
U103940,2024-02-22,Enterprise,NA,Organic,Mid-Market,70,3430,35.0,3,4.5,0
U103941,2024-04-22,Starter,NA,Paid,SMB,7,84,20.0,0,,1
U103942,2025-01-13,Business,EMEA,Organic,SMB,36,1044,21.0,2,4.9,1
U103943,2024-05-20,Free,NA,Organic,SMB,1,0,0.0,0,,0
U103944,2024-11-19,Business,NA,Organic,Mid-Market,11,319,18.0,2,4.2,0
U103945,2024-08-16,Business,EMEA,Organic,Mid-Market,37,1073,,3,3.8,0
U103946,2025-04-19,Free,NA,Partner,SMB,1,0,8.0,0,,1
U103947,2025-05-22,Business,NA,Paid,SMB,39,1131,27.0,1,2.9,0
U103948,2024-11-02,Business,NA,Organic,Mid-Market,38,1102,,2,4.6,0
U103949,2025-02-27,Free,EMEA,Paid,SMB,1,0,,1,3.4,0
U103950,2025-05-02,Business,APAC,Paid,Enterprise,22,638,23.0,4,2.2,1
U103951,2024-05-27,Starter,NA,Paid,SMB,3,36,7.0,0,,0
U103952,2024-04-05,Free,NA,Organic,SMB,1,0,4.0,0,,0
U103953,2024-01-23,Free,EMEA,Partner,SMB,1,0,13.0,0,,0
U103954,2024-08-13,Enterprise,LATAM,Paid,SMB,40,1960,22.0,1,4.1,0
U103955,2024-04-01,Free,LATAM,Paid,Mid-Market,1,0,15.0,0,,0
U103956,2025-03-01,Starter,EMEA,Organic,Mid-Market,4,48,0.0,2,4.0,0
U103957,2024-03-24,Starter,APAC,Organic,SMB,2,24,14.0,1,4.3,0
U103958,2024-01-18,Starter,LATAM,Organic,SMB,3,36,18.0,2,4.2,0
U103959,2024-11-21,starter,NA,Paid,SMB,4,48,11.0,0,,0
U103960,2024-08-16,Starter,NA,Organic,SMB,5,60,0.0,0,,0
U103961,2024-09-03,Starter,LATAM,Organic,SMB,3,36,24.0,4,3.4,0
U103962,2024-07-05,Starter,NA,Organic,Mid-Market,5,60,6.0,1,4.4,0
U103963,2024-12-24,Business,NA,Organic,Mid-Market,34,986,13.0,3,5.0,0
U103964,2025-03-07,Starter,EMEA,Paid,SMB,2,24,17.0,3,3.6,0
U103965,2024-04-25,Free,APAC,Paid,SMB,1,0,8.0,3,3.8,0
U103966,2024-06-23,Starter,EMEA,Paid,Mid-Market,6,72,22.0,2,3.6,0
U103967,2024-05-29,Business,APAC,Organic,Enterprise,29,841,9.0,2,3.8,0
U103968,2024-05-06,Starter,NA,Referral,Enterprise,7,84,7.0,0,,0
U103969,2024-05-18,Business,NA,Paid,Mid-Market,7,203,15.0,4,4.1,0
U103970,2024-12-22,Business,LATAM,Partner,Mid-Market,5,145,21.0,1,4.6,0
U103971,2024-10-26,Business,NA,Organic,Mid-Market,10,290,38.0,3,3.7,0
U103972,2024-12-16,Free,,Organic,SMB,1,0,3.0,0,,0
U103973,2025-04-13,Starter,EMEA,Organic,Mid-Market,6,72,13.0,0,,0
U103974,2024-01-16,Starter,LATAM,Paid,SMB,6,72,9.0,2,3.6,0
U103975,2024-04-24,Free,APAC,Organic,SMB,1,0,0.0,0,,0
U103976,2025-04-23,Business,APAC,Paid,SMB,28,812,10.0,4,1.8,1
U103977,2025-02-16,Free,EMEA,Organic,SMB,1,0,10.0,0,,0
U103978,2024-12-17,Free,NA,Paid,SMB,1,0,15.0,0,,0
U103979,2025-01-13,Free,APAC,Partner,Enterprise,1,0,7.0,0,,1
U103980,2024-07-26,Business,EMEA,Paid,Mid-Market,6,174,29.0,3,4.8,0
U103981,2025-02-25,Business,EMEA,Organic,SMB,15,435,22.0,0,,0
U103982,2024-11-08,Starter,APAC,Partner,Enterprise,4,48,23.0,0,,1
U103983,2024-05-10,Free,APAC,Organic,Mid-Market,1,0,2.0,0,,0
U103984,2025-04-29,Enterprise,APAC,Paid,Enterprise,205,10045,38.0,3,5.0,0
U103985,2024-03-03,Free,LATAM,Organic,SMB,1,0,4.0,0,,0
U103986,2024-10-10,Enterprise,NA,Organic,Enterprise,109,5341,12.0,3,4.1,1
U103987,2024-05-11,Business,EMEA,Organic,Mid-Market,18,522,22.0,0,,0
U103988,2024-04-04,Free,NA,Organic,Enterprise,1,0,0.0,0,,0
U103989,2024-12-07,Starter,LATAM,Organic,SMB,2,24,12.0,0,,0
U103990,2024-11-26,Business,NA,Paid,SMB,24,696,25.0,2,4.0,0
U103991,2024-01-11,Free,EMEA,Organic,Enterprise,1,0,5.0,0,,0
U103992,2025-01-21,Starter,EMEA,Paid,Mid-Market,6,72,13.0,1,4.2,1
U103993,2024-08-18,Starter,APAC,Referral,Mid-Market,2,24,7.0,0,,0
U103994,2025-03-11,Free,NA,Organic,Mid-Market,1,0,1.0,0,,0
U103995,2025-02-11,Free,NA,Organic,Enterprise,1,0,17.0,0,,0
U103996,2024-11-09,Starter,NA,Paid,Mid-Market,3,36,11.0,2,3.7,0
U103997,2025-01-15,Free,EMEA,Partner,SMB,1,0,13.0,0,,0
U103998,2024-12-01,Free,EMEA,Partner,Enterprise,1,0,4.0,1,4.8,0
U103999,2024-01-20,Free,APAC,Referral,Mid-Market,1,0,5.0,0,,0
U104000,2025-04-15,Free,EMEA,Organic,SMB,1,0,0.0,0,,1
U104001,2024-08-17,Free,NA,Partner,SMB,1,0,0.0,0,,0
U104002,2025-05-27,Business,NA,Paid,SMB,21,609,32.0,3,4.6,0
U104003,2024-09-23,Starter,EMEA,Partner,Enterprise,3,36,9.0,0,,0
U104004,2025-02-22,Business,APAC,Organic,Mid-Market,12,348,18.0,4,3.1,0
U104005,2024-11-07,Starter,EMEA,Referral,SMB,5,60,15.0,0,,0
U104006,2025-05-17,Business,EMEA,Partner,SMB,10,290,22.0,3,3.6,0
U104007,2024-12-10,Free,NA,Partner,Mid-Market,1,0,5.0,0,,0
U104008,2024-01-21,Starter,NA,Paid,SMB,2,24,24.0,1,4.3,0
U104009,2025-05-14,Starter,APAC,Referral,Mid-Market,4,48,20.0,0,,0
U104010,2024-12-13,Starter,NA,Organic,SMB,3,36,12.0,0,,0
U104011,2025-04-16,Starter,NA,Paid,Enterprise,5,60,22.0,1,4.5,0
U104012,2024-12-25,Starter,EMEA,Organic,Enterprise,7,84,14.0,0,,0
U104013,2024-09-10,Starter,NA,Organic,Enterprise,2,24,4.0,0,,0
U104014,2024-09-06,Free,NA,Organic,SMB,1,0,1.0,0,,0
U104015,2025-01-17,Business,NA,Organic,SMB,16,464,26.0,2,4.5,0
U104016,2025-06-15,Starter,NA,Referral,Mid-Market,7,84,10.0,1,4.9,0
U104017,2024-10-31,Starter,EMEA,Organic,Enterprise,5,60,20.0,2,4.2,0
U104018,2024-03-30,Enterprise,LATAM,Organic,SMB,81,3969,30.0,2,3.9,0
U104019,2024-08-05,Enterprise,EMEA,Organic,SMB,183,8967,9.0,1,4.7,0
U104020,2024-08-28,Starter,EMEA,Organic,SMB,2,24,14.0,0,,0
U104021,2024-09-04,Starter,NA,Paid,SMB,3,36,5.0,1,4.9,0
U104022,2024-06-04,Free,NA,Paid,Enterprise,1,0,0.0,0,,1
U104023,2024-12-24,Starter,LATAM,Paid,SMB,6,72,10.0,0,,1
U104024,2024-09-07,Free,NA,Organic,Mid-Market,1,0,10.0,2,3.6,0
U104025,2025-01-14,Free,NA,Organic,Mid-Market,1,0,1.0,0,,0
U104026,2024-04-28,Free,EMEA,Partner,Mid-Market,1,0,20.0,0,,0
U104027,2025-01-12,Enterprise,EMEA,Referral,Enterprise,157,7693,29.0,3,4.3,0
U104028,2024-05-15,Business,NA,Paid,Mid-Market,9,261,13.0,3,4.2,0
U104029,2025-01-09,Free,NA,Organic,SMB,1,0,0.0,0,,0
U104030,2025-01-10,Free,NA,Paid,Enterprise,1,0,0.0,0,,1
U104031,2025-04-20,Free,NA,Paid,SMB,1,0,7.0,0,,0
U104032,2024-05-20,Starter,EMEA,Organic,Enterprise,4,48,20.0,1,4.3,0
U104033,2024-12-30,Free,EMEA,Organic,Enterprise,1,0,9.0,0,,1
U104034,2025-04-01,Business,EMEA,Organic,SMB,9,261,12.0,1,5.0,0
U104035,2024-07-21,Starter,APAC,Partner,Mid-Market,6,72,7.0,0,,0
U104036,2024-12-20,Free,APAC,Partner,SMB,1,0,8.0,0,,0
U104037,2025-05-16,Starter,APAC,Organic,Enterprise,6,72,22.0,2,4.1,0
U104038,2024-11-27,Starter,NA,Paid,SMB,5,60,19.0,0,,0
U104039,2025-04-28,Free,LATAM,Organic,SMB,1,0,0.0,1,4.1,1
U104040,2024-05-30,Business,APAC,Paid,Enterprise,12,348,27.0,1,3.6,0
U104041,2024-12-15,Starter,NA,Referral,Mid-Market,6,72,21.0,1,4.0,1
U104042,2024-12-05,Starter,APAC,Paid,Mid-Market,6,72,3.0,1,4.8,0
U104043,2024-06-24,Free,NA,Referral,SMB,1,0,16.0,1,4.5,0
U104044,2024-02-21,Starter,APAC,Organic,SMB,6,72,20.0,0,,0
U104045,2025-02-04,Free,EMEA,Paid,Mid-Market,1,0,13.0,0,,1
U104046,2025-01-09,Business,APAC,Paid,Enterprise,23,667,26.0,3,1.5,0
U104047,2025-02-27,Starter,NA,Referral,Mid-Market,7,84,15.0,3,4.5,0
U104048,2024-01-23,Free,NA,Referral,Mid-Market,1,0,10.0,1,4.1,0
U104049,2025-03-31,Starter,NA,Partner,SMB,7,84,1.0,0,,0
U104050,2025-04-01,Free,NA,Referral,SMB,1,0,1.0,0,,0
U104051,2024-02-05,Business,LATAM,Organic,Mid-Market,17,493,18.0,0,,0
U104052,2025-03-09,Starter,EMEA,Organic,Mid-Market,4,48,12.0,0,,0
U104053,2025-05-05,Free,EMEA,Paid,Enterprise,1,0,0.0,0,,1
U104054,2024-03-27,Free,NA,Organic,Mid-Market,1,0,8.0,1,4.0,0
U104055,2024-12-05,Starter,APAC,Organic,Mid-Market,6,72,12.0,1,3.8,0
U104056,2024-07-11,Free,NA,Organic,SMB,1,0,13.0,0,,1
U104057,2024-09-14,Business,APAC,Partner,SMB,14,406,18.0,5,2.9,1
U104058,2025-03-27,Starter,NA,Organic,Enterprise,4,48,12.0,2,4.9,0
U104059,2024-01-13,Business,LATAM,Partner,SMB,13,377,9.0,2,3.0,0
U104060,2024-02-12,Starter,EMEA,Paid,SMB,3,36,16.0,0,,0
U104061,2024-01-02,Free,NA,Organic,SMB,1,0,6.0,0,,0
U104062,2024-12-25,Free,EMEA,Paid,SMB,1,0,7.0,0,,0
U104063,2024-07-21,Business,LATAM,Paid,SMB,26,754,26.0,1,4.7,0
U104064,2024-01-31,Free,APAC,Organic,SMB,1,0,10.0,0,,1
U104065,2025-05-02,Free,EMEA,Referral,SMB,1,0,10.0,0,,0
U104066,2024-10-10,Free,EMEA,Paid,SMB,1,0,12.0,0,,1
U104067,2024-06-12,Starter,APAC,Partner,SMB,2,24,10.0,2,3.5,0
U104068,2024-02-26,Free,EMEA,Referral,SMB,1,0,3.0,0,,0
U104069,2025-01-27,Enterprise,APAC,Referral,Mid-Market,282,13818,14.0,2,3.4,0
U104070,2025-03-15,Business,EMEA,Partner,SMB,15,435,12.0,2,3.7,0
U104071,2024-03-12,Free,NA,Organic,SMB,1,0,3.0,0,,0
U104072,2024-09-18,Free,EMEA,Paid,SMB,1,0,0.0,0,,1
U104073,2025-03-29,Free,NA,Organic,SMB,1,0,10.0,0,,0
U104074,2024-07-01,Starter,EMEA,Organic,SMB,4,48,7.0,1,3.3,1
U104075,2024-07-31,Free,APAC,Paid,SMB,1,0,2.0,0,,1
U104076,2025-03-18,Starter,EMEA,Referral,Enterprise,7,84,18.0,0,,0
U104077,2025-04-26,Business,LATAM,Organic,SMB,22,638,16.0,4,5.0,0
U104078,2025-01-21,Free,APAC,Referral,Mid-Market,1,0,7.0,1,4.1,1
U104079,2024-08-23,Starter,EMEA,Organic,SMB,4,48,12.0,0,,0
U104080,2024-06-24,Starter,EMEA,Organic,Mid-Market,2,24,25.0,0,,1
U104081,2024-01-31,Free,EMEA,Paid,Mid-Market,1,0,8.0,0,,0
U104082,2024-05-27,Starter,APAC,Paid,SMB,7,84,11.0,0,,0
U104083,2024-12-21,Free,EMEA,Paid,SMB,1,0,14.0,0,,0
U104084,2024-03-26,Free,LATAM,Paid,SMB,1,0,0.0,1,5.0,0
U104085,2025-05-20,Business,LATAM,Organic,Enterprise,28,812,10.0,0,,0
U104086,2025-01-31,Starter,APAC,Paid,SMB,5,60,11.0,0,,0
U104087,2024-11-21,Free,APAC,Organic,Mid-Market,1,0,10.0,0,,0
U104088,2025-04-14,Free,EMEA,Organic,SMB,1,0,0.0,1,4.2,0
U104089,2024-08-09,Starter,EMEA,Paid,Mid-Market,7,84,25.0,1,3.7,0
U104090,2024-07-12,Starter,,Organic,SMB,7,84,21.0,2,3.5,0
U104091,2024-10-11,Free,EMEA,Organic,Mid-Market,1,0,13.0,0,,0
U104092,2024-03-11,Starter,EMEA,Paid,SMB,3,36,15.0,2,4.0,1
U104093,2025-05-08,Free,EMEA,Referral,SMB,1,0,0.0,0,,0
U104094,2024-02-20,Starter,NA,Organic,Mid-Market,3,36,4.0,2,2.8,1
U104095,2024-06-30,Starter,APAC,Organic,Mid-Market,2,24,12.0,1,4.1,0
U104096,2024-08-11,Free,APAC,Referral,SMB,1,0,0.0,0,,1
U104097,2025-03-31,Free,NA,Paid,SMB,1,0,2.0,0,,0
U104098,2025-01-20,Free,APAC,Paid,SMB,1,0,0.0,2,3.7,0
U104099,2024-09-29,Free,NA,Organic,SMB,1,0,6.0,0,,0
U104100,2024-08-01,Business,APAC,Referral,SMB,10,290,32.0,3,3.1,0
U104101,2024-09-05,Free,EMEA,Organic,SMB,1,0,6.0,1,3.7,0
U104102,2025-04-04,free,NA,Partner,SMB,1,0,6.0,0,,1
U104103,2025-01-08,Starter,NA,Paid,SMB,4,48,9.0,0,,0
U104104,2024-12-20,Starter,APAC,Partner,SMB,4,48,35.0,3,5.0,0
U104105,2024-06-21,Business,APAC,Referral,SMB,23,667,14.0,3,3.7,0
U104106,2024-03-19,Starter,APAC,Organic,SMB,3,36,15.0,0,,0
U104107,2024-02-27,Free,NA,Organic,SMB,1,0,17.0,1,5.0,1
U104108,2024-06-05,Business,EMEA,Partner,Mid-Market,20,580,22.0,0,,0
U104109,2025-05-07,Enterprise,NA,Organic,SMB,256,12544,45.0,3,3.3,0
U104110,2025-02-22,Free,APAC,Organic,SMB,1,0,5.0,1,3.2,0
U104111,2024-08-22,Business,APAC,Referral,Mid-Market,20,580,,4,2.8,1
U104112,2024-06-06,starter,NA,Referral,SMB,2,24,7.0,0,,0
U104113,2024-07-11,Free,NA,Partner,Mid-Market,1,0,20.0,1,3.1,0
U104114,2025-05-27,Business,NA,Paid,SMB,8,232,4.0,1,5.0,0
U104115,2024-03-28,Enterprise,APAC,Organic,Mid-Market,46,2254,19.0,2,4.1,0
U104116,2024-05-30,Free,NA,Organic,Enterprise,1,0,2.0,0,,0
U104117,2025-06-08,Starter,NA,Referral,SMB,7,84,15.0,1,3.3,0
U104118,2024-12-15,Free,NA,Organic,Enterprise,1,0,0.0,0,,0
U104119,2025-04-05,Free,,Partner,Enterprise,1,0,9.0,0,,0
U104120,2025-01-22,free,APAC,Organic,SMB,1,0,22.0,0,,0
U104121,2025-05-09,Business,NA,Organic,SMB,12,348,12.0,2,2.6,0
U104122,2024-10-17,Enterprise,NA,Paid,SMB,203,9947,23.0,1,3.7,0
U104123,2024-06-17,Business,NA,Organic,SMB,32,928,11.0,1,4.0,0
U104124,2024-12-26,Starter,NA,Partner,SMB,4,48,13.0,2,4.3,0
U104125,2024-03-02,Starter,EMEA,Partner,Mid-Market,4,48,21.0,1,3.9,0
U104126,2025-01-16,Free,,Organic,Mid-Market,1,0,8.0,0,,0
U104127,2024-01-02,Business,NA,Organic,SMB,14,406,6.0,2,5.0,0
U104128,2024-04-09,Free,NA,Referral,SMB,1,0,8.0,0,,1
U104129,2025-04-24,Starter,NA,Referral,Mid-Market,7,84,14.0,0,,0
U104130,2024-11-05,Free,NA,Organic,SMB,1,0,3.0,1,3.8,0
U104131,2025-04-18,Free,EMEA,Organic,Mid-Market,1,0,7.0,0,,0
U104132,2025-03-05,Starter,NA,Referral,Mid-Market,7,84,25.0,1,4.1,0
U104133,2024-05-08,Starter,NA,Organic,Mid-Market,4,48,13.0,0,,1
U104134,2024-10-17,Free,NA,Organic,Mid-Market,1,0,1.0,0,,0
U104135,2025-04-15,Business,EMEA,Organic,Mid-Market,32,928,14.0,5,3.6,0
U104136,2024-01-18,Free,LATAM,Organic,SMB,1,0,11.0,1,4.4,0
U104137,2024-06-24,Business,EMEA,Organic,Mid-Market,22,638,34.0,1,3.4,0
U104138,2025-04-12,Enterprise,EMEA,Organic,SMB,122,5978,27.0,3,3.4,0
U104139,2025-02-13,Starter,APAC,Referral,SMB,3,36,21.0,2,3.5,0
U104140,2025-01-19,Starter,EMEA,Paid,Mid-Market,2,24,15.0,1,3.9,0
U104141,2024-11-06,Starter,EMEA,Organic,SMB,2,24,22.0,0,,0
U104142,2024-06-04,Business,EMEA,Organic,Mid-Market,16,464,23.0,1,3.7,0
U104143,2024-01-19,Free,EMEA,Paid,SMB,1,0,0.0,0,,1
U104144,2024-04-28,Free,NA,Organic,SMB,1,0,14.0,1,3.5,0
U104145,2024-07-19,Business,,Referral,SMB,22,638,23.0,1,3.7,0
U104146,2024-08-09,Business,LATAM,Referral,SMB,11,319,21.0,3,2.2,1
U104147,2024-10-25,Starter,NA,Organic,Mid-Market,3,36,4.0,1,4.4,0
U104148,2024-02-19,Free,,Organic,Enterprise,1,0,0.0,0,,1
U104149,2024-03-12,Starter,EMEA,Organic,SMB,5,60,28.0,2,3.8,0
U104150,2024-12-15,Business,NA,Organic,SMB,13,377,7.0,1,3.2,0
U104151,2024-01-12,Free,EMEA,Paid,Mid-Market,1,0,0.0,1,4.8,0
U104152,2025-06-15,Business,EMEA,Referral,SMB,23,667,12.0,1,4.9,0
U104153,2024-05-08,Free,NA,Paid,SMB,1,0,3.0,0,,1
U104154,2025-05-09,Business,EMEA,Paid,SMB,35,1015,10.0,1,5.0,0
U104155,2025-06-21,Free,NA,Organic,SMB,1,0,0.0,1,2.5,1
U104156,2025-01-14,Starter,NA,Organic,Enterprise,5,60,12.0,1,4.0,0
U104157,2024-12-10,Starter,EMEA,Paid,SMB,5,60,4.0,1,4.1,0
U104158,2024-05-31,Free,NA,Paid,SMB,1,0,,0,,0
U104159,2025-03-01,Free,NA,Referral,SMB,1,0,4.0,1,3.5,0
U104160,2024-05-02,Business,EMEA,Organic,SMB,6,174,10.0,1,3.5,0
U104161,2024-02-19,Free,EMEA,Organic,Enterprise,1,0,,0,,0
U104162,2024-07-30,Starter,EMEA,Paid,Mid-Market,4,48,34.0,2,4.1,0
U104163,2025-02-03,Starter,APAC,Organic,SMB,4,48,11.0,0,,0
U104164,2024-09-19,Starter,APAC,Organic,Enterprise,7,84,23.0,1,5.0,0
U104165,2024-02-21,Free,APAC,Organic,Mid-Market,1,0,1.0,1,3.8,1
U104166,2024-03-30,Business,,Organic,Enterprise,39,1131,10.0,1,4.2,0
U104167,2024-05-25,Free,LATAM,Organic,SMB,1,0,10.0,0,,0
U104168,2024-09-15,Free,NA,Organic,SMB,1,0,9.0,1,4.7,0
U104169,2025-05-23,Business,NA,Organic,Enterprise,9,261,17.0,3,3.1,0
U104170,2024-12-26,Enterprise,NA,Organic,Mid-Market,155,7595,40.0,2,3.8,0
U104171,2024-11-03,Free,EMEA,Referral,SMB,1,0,15.0,0,,0
U104172,2024-06-03,Starter,EMEA,Organic,Mid-Market,6,72,20.0,2,3.4,0
U104173,2024-02-23,Business,EMEA,Paid,SMB,6,174,17.0,3,4.1,0
U104174,2024-07-08,Free,EMEA,Referral,SMB,1,0,8.0,0,,1
U104175,2024-07-08,Business,EMEA,Organic,SMB,25,725,17.0,1,3.6,0
U104176,2024-07-04,Starter,EMEA,Organic,Mid-Market,5,60,13.0,0,,0
U104177,2024-06-01,Free,LATAM,Paid,SMB,1,0,6.0,0,,0
U104178,2024-09-23,Starter,APAC,Partner,SMB,2,24,9.0,0,,0
U104179,2024-03-18,Starter,NA,Partner,SMB,4,48,17.0,2,4.0,1
U104180,2025-05-25,Free,APAC,Organic,SMB,1,0,12.0,0,,0
U104181,2024-03-17,Starter,NA,Organic,Mid-Market,3,36,6.0,0,,0
U104182,2025-04-14,Enterprise,NA,Organic,SMB,106,5194,34.0,3,3.6,0
U104183,2024-10-21,Starter,EMEA,Organic,SMB,7,84,17.0,1,3.6,0
U104184,2024-12-31,Free,,Organic,Enterprise,1,0,3.0,1,3.6,0
U104185,2024-04-19,Starter,NA,Organic,SMB,5,60,20.0,1,3.5,0
U104186,2024-11-26,Free,NA,Organic,SMB,1,0,1.0,0,,0
U104187,2024-05-20,Free,NA,Organic,SMB,1,0,4.0,0,,1
U104188,2024-01-02,Business,EMEA,Organic,SMB,32,928,23.0,0,,0
U104189,2024-04-07,Free,APAC,Organic,SMB,1,0,14.0,0,,0
U104190,2024-08-06,Starter,LATAM,Partner,SMB,2,24,5.0,1,5.0,0
U104191,2024-03-14,Free,APAC,Organic,SMB,1,0,0.0,1,2.6,0
U104192,2025-03-06,Starter,EMEA,Organic,SMB,2,24,22.0,1,3.4,0
U104193,2024-06-12,Business,LATAM,Paid,Mid-Market,8,232,16.0,1,4.8,0
U104194,2025-02-18,Free,LATAM,Organic,SMB,1,0,8.0,0,,0
U104195,2024-12-12,Starter,LATAM,Paid,Mid-Market,4,48,13.0,0,,0
U104196,2025-01-10,Free,LATAM,Partner,SMB,1,0,0.0,0,,1
U104197,2025-04-22,Free,LATAM,Partner,Mid-Market,1,0,3.0,1,4.3,0
U104198,2024-03-08,Starter,EMEA,Organic,Enterprise,6,72,10.0,2,4.2,0
U104199,2024-10-21,Enterprise,NA,Organic,Enterprise,279,13671,33.0,4,4.4,0
U104200,2024-06-22,Free,NA,Organic,Enterprise,1,0,1.0,0,,1
U104201,2024-02-04,Starter,APAC,Referral,Mid-Market,4,48,13.0,0,,1
U104202,2024-01-31,Enterprise,APAC,Organic,SMB,192,9408,23.0,1,3.1,0
U104203,2024-03-13,Business,,Organic,SMB,8,232,15.0,4,2.4,0
U104204,2024-07-16,Free,NA,Organic,SMB,1,0,5.0,0,,1
U104205,2024-04-19,Free,EMEA,Organic,SMB,1,0,0.0,0,,0
U104206,2024-07-08,Starter,APAC,Organic,SMB,4,48,20.0,0,,0
U104207,2025-05-19,Starter,EMEA,Organic,SMB,6,72,10.0,0,,0
U104208,2024-01-09,Starter,LATAM,Organic,Mid-Market,4,48,20.0,2,2.9,0
U104209,2024-05-21,Free,EMEA,Referral,SMB,1,0,3.0,0,,1
U104210,2024-03-02,Starter,NA,Organic,Mid-Market,4,48,22.0,0,,0
U104211,2024-01-08,Starter,NA,Organic,SMB,6,72,26.0,1,3.9,1
U104212,2024-06-21,Starter,NA,Organic,Enterprise,6,72,13.0,1,4.8,0
U104213,2024-06-15,Free,LATAM,Organic,SMB,1,0,7.0,0,,0
U104214,2024-04-17,Starter,NA,Organic,Enterprise,2,24,10.0,0,,0
U104215,2025-02-13,Free,LATAM,Referral,Enterprise,1,0,1.0,0,,1
U104216,2025-03-11,Starter,EMEA,Paid,SMB,3,36,5.0,2,4.6,0
U104217,2024-07-07,Free,APAC,Partner,SMB,1,0,0.0,0,,0
U104218,2024-10-30,Starter,EMEA,Organic,SMB,4,48,13.0,1,5.0,0
U104219,2025-06-18,Starter,APAC,Partner,SMB,2,24,32.0,2,3.3,0
U104220,2024-04-01,Starter,EMEA,Paid,SMB,3,36,21.0,2,3.9,1
U104221,2025-02-26,Free,APAC,Paid,SMB,1,0,13.0,0,,0
U104222,2025-03-15,Enterprise,NA,Organic,SMB,165,8085,18.0,4,4.0,1
U104223,2025-06-02,Starter,NA,Organic,SMB,6,72,11.0,1,5.0,0
U104224,2024-04-20,Starter,NA,Organic,SMB,2,24,16.0,0,,0
U104225,2024-12-29,Free,EMEA,Organic,SMB,1,0,5.0,0,,0
U104226,2024-06-07,Free,EMEA,Paid,SMB,1,0,11.0,0,,0
U104227,2024-11-05,Business,,Paid,SMB,39,1131,19.0,1,4.2,0
U104228,2024-08-01,Starter,EMEA,Organic,SMB,5,60,19.0,0,,0
U104229,2024-01-20,Business,EMEA,Organic,Mid-Market,34,986,26.0,1,3.7,0
U104230,2025-01-01,Free,EMEA,Referral,Mid-Market,1,0,1.0,0,,0
U104231,2025-05-14,Starter,APAC,Organic,SMB,4,48,19.0,1,4.1,0
U104232,2024-11-04,Free,NA,Organic,SMB,1,0,9.0,0,,0
U104233,2024-11-03,Free,APAC,Organic,Enterprise,1,0,10.0,1,3.5,0
U104234,2024-05-08,Starter,EMEA,Paid,Mid-Market,5,60,13.0,0,,1
U104235,2024-07-31,Free,NA,Referral,SMB,1,0,5.0,0,,0
U104236,2024-04-05,Business,LATAM,Paid,Mid-Market,14,406,25.0,2,4.2,0
U104237,2025-05-15,Free,LATAM,Organic,Enterprise,1,0,1.0,0,,1
U104238,2024-10-10,Starter,LATAM,Organic,Mid-Market,2,24,14.0,0,,0
U104239,2024-12-04,Free,EMEA,Organic,SMB,1,0,5.0,0,,0
U104240,2024-07-01,Free,NA,Partner,Mid-Market,1,0,7.0,0,,0
U104241,2024-10-20,Free,NA,Paid,Mid-Market,1,0,8.0,0,,0
U104242,2024-05-13,Starter,EMEA,Organic,Enterprise,3,36,14.0,0,,0
U104243,2024-10-22,Business,EMEA,Paid,SMB,6,174,30.0,2,4.8,0
U104244,2025-06-12,Free,EMEA,Paid,SMB,1,0,0.0,1,3.5,0
U104245,2024-04-26,Enterprise,APAC,Paid,Mid-Market,242,11858,23.0,4,4.5,0
U104246,2024-12-15,Business,NA,Referral,SMB,26,754,28.0,2,3.4,0
U104247,2025-02-20,Starter,NA,Partner,Mid-Market,5,60,22.0,0,,0
U104248,2024-02-09,Business,APAC,Organic,SMB,32,928,5.0,3,3.2,0
U104249,2025-05-01,Business,NA,Partner,SMB,32,928,23.0,1,5.0,0
U104250,2024-11-22,Starter,EMEA,Paid,SMB,2,24,21.0,0,,0
U104251,2024-04-14,Free,NA,Organic,SMB,1,0,11.0,0,,1
U104252,2024-09-26,Starter,NA,Organic,SMB,6,72,4.0,1,3.5,0
U104253,2024-01-07,Enterprise,APAC,Organic,SMB,240,11760,19.0,2,3.4,0
U104254,2024-04-11,Free,EMEA,Paid,Mid-Market,1,0,17.0,2,3.9,1
U104255,2025-01-30,Starter,EMEA,Referral,SMB,7,84,9.0,4,2.9,0
U104256,2024-05-14,Starter,APAC,Organic,SMB,7,84,20.0,2,5.0,0
U104257,2024-08-01,Business,EMEA,Organic,Mid-Market,7,203,13.0,0,,0
U104258,2024-12-04,Starter,EMEA,Paid,SMB,7,84,9.0,1,4.6,0
U104259,2024-01-13,Free,EMEA,Organic,SMB,1,0,1.0,0,,0
U104260,2025-03-17,Free,NA,Referral,Mid-Market,1,0,10.0,0,,0
U104261,2024-03-14,Free,NA,Referral,Mid-Market,1,0,7.0,0,,1
U104262,2024-08-15,Starter,NA,Organic,SMB,4,48,11.0,1,3.8,1
U104263,2024-05-16,Free,NA,Organic,Enterprise,1,0,3.0,1,4.0,0
U104264,2024-02-26,Starter,EMEA,Organic,SMB,6,72,13.0,1,4.4,0
U104265,2024-11-04,Starter,NA,Referral,SMB,5,60,16.0,2,5.0,0
U104266,2024-11-22,Starter,APAC,Organic,Mid-Market,4,48,13.0,1,4.3,0
U104267,2025-06-10,Free,EMEA,Referral,SMB,1,0,7.0,0,,1
U104268,2024-11-25,Free,APAC,Organic,SMB,1,0,8.0,0,,0
U104269,2024-02-20,Free,APAC,Organic,Enterprise,1,0,10.0,0,,0
U104270,2024-01-06,Enterprise,APAC,Organic,SMB,191,9359,14.0,5,3.9,0
U104271,2025-01-01,Free,EMEA,Organic,Mid-Market,1,0,15.0,0,,0
U104272,2024-06-06,Free,LATAM,Paid,Enterprise,1,0,10.0,1,3.9,0
U104273,2024-10-19,Starter,,Referral,SMB,3,36,2.0,1,2.9,0
U104274,2024-06-23,Business,APAC,Organic,Mid-Market,30,870,21.0,1,4.5,0
U104275,2024-05-22,Starter,NA,Referral,Mid-Market,3,36,,0,,0
U104276,2024-03-20,Starter,EMEA,Referral,SMB,5,60,19.0,1,3.5,0
U104277,2024-05-24,Business,EMEA,Partner,SMB,38,1102,17.0,2,3.7,0
U104278,2025-01-03,Free,EMEA,Organic,SMB,1,0,12.0,0,,0
U104279,2025-04-01,Enterprise,NA,Referral,Mid-Market,77,3773,22.0,4,3.7,0
U104280,2025-04-09,Starter,EMEA,Organic,SMB,6,72,12.0,0,,0
U104281,2024-07-14,Starter,EMEA,Organic,SMB,6,72,5.0,0,,0
U104282,2024-07-12,Starter,NA,Organic,SMB,4,48,12.0,3,3.3,0
U104283,2024-02-29,Starter,NA,Partner,SMB,7,84,6.0,1,3.2,0
U104284,2025-06-11,Free,NA,Organic,Mid-Market,1,0,3.0,0,,0
U104285,2025-02-08,Starter,NA,Organic,Enterprise,7,84,13.0,2,4.0,1
U104286,2024-12-25,Business,EMEA,Paid,SMB,26,754,27.0,1,5.0,0
U104287,2025-06-19,Free,NA,Referral,SMB,1,0,16.0,0,,1
U104288,2024-07-26,Free,LATAM,Referral,Mid-Market,1,0,0.0,0,,0
U104289,2025-03-19,Business,NA,Referral,Mid-Market,26,754,11.0,3,4.0,0
U104290,2024-05-18,Free,EMEA,Organic,SMB,1,0,2.0,0,,1
U104291,2025-04-18,Starter,NA,Organic,Enterprise,5,60,9.0,0,,0
U104292,2024-02-15,Starter,NA,Organic,Enterprise,6,72,7.0,0,,0
U104293,2025-02-28,free,NA,Partner,SMB,1,0,16.0,0,,0
U104294,2024-01-30,Free,NA,Organic,SMB,1,0,10.0,0,,0
U104295,2025-03-05,Starter,NA,Organic,Mid-Market,4,48,6.0,2,5.0,0
U104296,2024-04-12,Starter,EMEA,Organic,Mid-Market,4,48,6.0,1,5.0,0
U104297,2025-05-07,Free,EMEA,Organic,Enterprise,1,0,18.0,0,,1
U104298,2024-12-10,Free,NA,Paid,Mid-Market,1,0,11.0,0,,0
U104299,2024-05-09,Starter,LATAM,Organic,SMB,2,24,13.0,1,5.0,0
U104300,2024-09-09,Starter,NA,Organic,Mid-Market,3,36,13.0,1,4.9,0
U104301,2024-10-16,Free,NA,Organic,SMB,1,0,8.0,0,,0
U104302,2024-03-19,Free,,Paid,Mid-Market,1,0,5.0,1,3.8,0
U104303,2024-10-11,Free,EMEA,Organic,Enterprise,1,0,7.0,1,3.8,0
U104304,2024-09-23,Free,EMEA,Organic,Mid-Market,1,0,12.0,0,,0
U104305,2024-07-29,Free,NA,Paid,Mid-Market,1,0,0.0,0,,0
U104306,2025-03-27,Free,EMEA,Paid,SMB,1,0,,0,,0
U104307,2024-12-25,Starter,EMEA,Organic,SMB,3,36,4.0,1,3.2,0
U104308,2024-01-07,Starter,EMEA,Organic,SMB,7,84,17.0,0,,0
U104309,2024-09-26,Starter,NA,Organic,Mid-Market,3,36,11.0,1,4.4,0
U104310,2024-07-30,free,EMEA,Referral,Mid-Market,1,0,0.0,1,5.0,1
U104311,2025-02-26,Business,NA,Referral,SMB,9,261,18.0,5,4.2,1
U104312,2024-06-27,Starter,,Organic,Enterprise,6,72,24.0,0,,0
U104313,2024-04-23,Free,NA,Paid,Enterprise,1,0,0.0,0,,0
U104314,2024-03-30,Free,NA,Paid,SMB,1,0,10.0,0,,0
U104315,2024-07-13,Starter,APAC,Referral,Mid-Market,6,72,13.0,1,3.0,0
U104316,2025-02-21,Starter,APAC,Paid,SMB,7,84,32.0,2,3.3,0
U104317,2024-02-17,Business,EMEA,Organic,SMB,35,1015,23.0,1,5.0,0
U104318,2024-04-11,Free,EMEA,Organic,SMB,1,0,5.0,0,,0
U104319,2024-07-13,Starter,NA,Paid,Enterprise,6,72,7.0,1,4.0,0
U104320,2024-06-06,Free,LATAM,Organic,SMB,1,0,6.0,1,4.2,0
U104321,2024-05-25,Free,APAC,Organic,SMB,1,0,11.0,0,,0
U104322,2024-01-04,Starter,EMEA,Referral,SMB,6,72,20.0,0,,0
U104323,2025-01-14,Enterprise,EMEA,Partner,SMB,235,11515,28.0,3,4.1,0
U104324,2024-06-11,Free,EMEA,Paid,SMB,1,0,0.0,0,,1
U104325,2024-11-27,Free,NA,Organic,Mid-Market,1,0,15.0,0,,0
U104326,2024-06-06,Enterprise,,Organic,Enterprise,130,6370,16.0,5,3.2,0
U104327,2024-01-27,Starter,NA,Organic,SMB,5,60,7.0,0,,1
U104328,2024-09-14,Starter,EMEA,Partner,SMB,5,60,25.0,1,3.5,0
U104329,2025-03-19,Business,NA,Paid,SMB,14,406,21.0,4,3.7,0
U104330,2024-12-23,Starter,NA,Organic,SMB,5,60,13.0,0,,0
U104331,2025-04-08,Free,EMEA,Organic,SMB,1,0,6.0,0,,0
U104332,2024-04-12,Business,NA,Organic,SMB,26,754,20.0,2,4.6,0
U104333,2025-01-04,Business,EMEA,Organic,Enterprise,21,609,21.0,0,,0
U104334,2024-04-01,Starter,EMEA,Paid,SMB,2,24,16.0,1,5.0,0
U104335,2025-06-22,Starter,EMEA,Paid,Mid-Market,4,48,0.0,0,,0
U104336,2024-08-09,Starter,NA,Organic,Mid-Market,4,48,2.0,0,,0
U104337,2024-02-16,Starter,APAC,Paid,SMB,3,36,5.0,2,3.8,0
U104338,2024-12-21,Business,NA,Partner,Enterprise,32,928,20.0,1,4.1,1
U104339,2024-12-05,Starter,LATAM,Referral,SMB,5,60,15.0,0,,1
U104340,2024-12-25,Free,NA,Referral,SMB,1,0,13.0,1,3.9,1
U104341,2025-05-25,Free,NA,Organic,SMB,1,0,4.0,1,3.9,0
U104342,2025-01-24,Business,EMEA,Referral,SMB,21,609,18.0,1,5.0,0
U104343,2025-04-01,Starter,NA,Organic,Mid-Market,7,84,25.0,0,,0
U104344,2024-05-30,Business,LATAM,Paid,Enterprise,33,957,13.0,3,3.1,0
U104345,2024-05-22,Starter,EMEA,Organic,Enterprise,5,60,10.0,0,,0
U104346,2024-09-12,Business,EMEA,Paid,Enterprise,6,174,20.0,0,,1
U104347,2024-07-01,Starter,NA,Organic,SMB,5,60,14.0,2,5.0,0
U104348,2024-09-22,Enterprise,NA,Organic,SMB,147,7203,31.0,5,4.7,1
U104349,2024-11-30,Free,NA,Organic,Mid-Market,1,0,6.0,0,,0
U104350,2024-06-12,Business,EMEA,Paid,SMB,7,203,24.0,1,3.2,0
U104351,2024-11-26,Business,EMEA,Organic,SMB,8,232,16.0,3,4.2,0
U104352,2024-08-03,Free,NA,Referral,Mid-Market,1,0,0.0,0,,0
U104353,2025-05-19,Free,EMEA,Referral,SMB,1,0,17.0,0,,0
U104354,2024-02-04,Free,APAC,Referral,SMB,1,0,7.0,0,,1
U104355,2025-04-20,Free,APAC,Organic,Mid-Market,1,0,2.0,0,,0
U104356,2024-06-16,Starter,NA,Partner,Mid-Market,4,48,30.0,0,,0
U104357,2024-02-09,Starter,EMEA,Paid,SMB,2,24,11.0,0,,0
U104358,2024-11-10,Enterprise,EMEA,Organic,Mid-Market,285,13965,24.0,4,3.7,1
U104359,2024-06-20,Enterprise,APAC,Organic,SMB,97,4753,27.0,7,3.3,0
U104360,2025-04-27,Free,NA,Organic,SMB,1,0,7.0,0,,0
U104361,2025-03-19,Free,NA,Organic,SMB,1,0,10.0,1,4.8,0
U104362,2024-06-08,Free,,Organic,SMB,1,0,,0,,1
U104363,2024-03-24,Starter,EMEA,Organic,SMB,6,72,16.0,0,,0
U104364,2025-03-10,Business,NA,Organic,SMB,23,667,19.0,2,3.8,0
U104365,2024-12-06,Free,EMEA,Organic,Mid-Market,1,0,4.0,1,3.7,0
U104366,2024-12-05,Starter,NA,Organic,Mid-Market,6,72,16.0,0,,0
U104367,2024-07-04,Free,NA,Organic,SMB,1,0,6.0,1,3.7,0
U104368,2025-03-30,Starter,NA,Referral,Mid-Market,5,60,19.0,0,,0
U104369,2024-05-11,Free,NA,Organic,SMB,1,0,14.0,0,,0
U104370,2024-12-05,Free,NA,Paid,SMB,1,0,6.0,1,4.9,0
U104371,2024-10-29,Free,APAC,Organic,SMB,1,0,,0,,0
U104372,2024-02-22,Enterprise,NA,Organic,SMB,262,12838,27.0,4,2.3,0
U104373,2025-01-31,Starter,EMEA,Organic,SMB,5,60,18.0,2,3.5,1
U104374,2024-03-06,Free,NA,Paid,Enterprise,1,0,0.0,1,5.0,0
U104375,2024-12-18,Free,EMEA,Organic,SMB,1,0,2.0,1,4.0,0
U104376,2025-03-27,Free,EMEA,Paid,SMB,1,0,3.0,0,,1
U104377,2024-05-20,Free,EMEA,Referral,SMB,1,0,7.0,1,3.7,1
U104378,2024-07-15,Free,EMEA,Organic,Mid-Market,1,0,0.0,0,,1
U104379,2025-03-19,Starter,NA,Organic,SMB,6,72,11.0,1,3.4,1
U104380,2024-01-21,Free,NA,Paid,SMB,1,0,,0,,0
U104381,2024-10-31,Free,NA,Organic,SMB,1,0,11.0,1,5.0,0
U104382,2024-02-17,Free,LATAM,Paid,SMB,1,0,7.0,0,,0
U104383,2024-09-21,Free,EMEA,Organic,Mid-Market,1,0,5.0,0,,0
U104384,2025-01-27,Enterprise,NA,Referral,SMB,170,8330,20.0,4,3.7,0
U104385,2024-05-04,Free,EMEA,Organic,Enterprise,1,0,0.0,1,3.7,1
U104386,2025-06-20,Starter,APAC,Paid,SMB,6,72,22.0,0,,0
U104387,2025-01-20,Starter,EMEA,Referral,SMB,3,36,6.0,0,,0
U104388,2025-06-22,Starter,NA,Referral,SMB,3,36,16.0,2,4.7,0
U104389,2024-07-10,Free,NA,Organic,Enterprise,1,0,3.0,0,,0
U104390,2024-05-25,Free,NA,Organic,Mid-Market,1,0,1.0,0,,0
U104391,2024-09-03,Starter,NA,Organic,SMB,4,48,18.0,1,5.0,0
U104392,2025-02-26,Free,NA,Partner,Mid-Market,1,0,7.0,0,,0
U104393,2025-01-27,Business,EMEA,Partner,Mid-Market,8,232,28.0,1,3.3,0
U104394,2024-08-31,Business,EMEA,Organic,Mid-Market,39,1131,13.0,3,4.2,0
U104395,2025-05-24,Free,EMEA,Referral,SMB,1,0,0.0,0,,0
U104396,2025-04-11,Business,EMEA,Referral,SMB,24,696,30.0,3,3.5,0
U104397,2025-06-11,Starter,APAC,Paid,SMB,6,72,0.0,0,,1
U104398,2025-02-19,Free,LATAM,Paid,SMB,1,0,8.0,1,3.3,0
U104399,2025-04-30,Starter,APAC,Organic,SMB,4,48,14.0,0,,0
U104400,2024-03-23,Business,NA,Organic,SMB,26,754,23.0,1,4.3,1
U104401,2025-02-28,Enterprise,NA,Referral,SMB,296,14504,23.0,2,3.4,0
U104402,2024-05-21,Starter,APAC,Referral,SMB,5,60,16.0,0,,0
U104403,2024-07-03,Free,NA,Paid,SMB,1,0,11.0,1,3.4,1
U104404,2024-12-08,Free,NA,Partner,Mid-Market,1,0,5.0,0,,1
U104405,2025-05-24,Starter,NA,Paid,SMB,6,72,0.0,0,,1
U104406,2024-02-19,Free,APAC,Paid,Enterprise,1,0,1.0,0,,0
U104407,2025-04-28,Business,NA,Organic,SMB,8,232,27.0,3,3.1,0
U104408,2024-09-07,Free,EMEA,Organic,Mid-Market,1,0,2.0,1,3.9,1
U104409,2024-01-05,Business,NA,Paid,Mid-Market,13,377,10.0,0,,0
U104410,2025-05-11,Free,NA,Paid,SMB,1,0,4.0,0,,0
U104411,2025-05-25,Starter,NA,Organic,Mid-Market,7,84,2.0,2,3.9,0
U104412,2024-06-11,Free,APAC,Referral,SMB,1,0,0.0,0,,0
U104413,2025-05-13,Starter,NA,Organic,SMB,3,36,15.0,1,2.9,0
U104414,2024-11-11,Starter,APAC,Organic,SMB,6,72,9.0,2,3.8,1
U104415,2024-02-25,Starter,LATAM,Referral,Mid-Market,4,48,22.0,0,,0
U104416,2025-06-07,Free,APAC,Paid,Enterprise,1,0,0.0,0,,0
U104417,2024-08-21,Enterprise,NA,Organic,SMB,290,14210,35.0,4,3.9,0
U104418,2024-10-09,Free,EMEA,Organic,SMB,1,0,5.0,0,,0
U104419,2025-05-07,Free,NA,Partner,SMB,1,0,10.0,0,,0
U104420,2024-01-01,Free,NA,Organic,Mid-Market,1,0,0.0,0,,0
U104421,2024-05-16,Enterprise,APAC,Partner,SMB,193,9457,19.0,1,4.3,0
U104422,2024-05-28,Business,EMEA,Organic,Mid-Market,21,609,17.0,0,,0
U104423,2024-02-22,Free,NA,Organic,SMB,1,0,10.0,1,3.7,0
U104424,2024-04-09,Business,LATAM,Organic,Mid-Market,5,145,30.0,3,3.5,0
U104425,2024-06-09,Starter,APAC,Organic,Enterprise,6,72,8.0,2,4.0,1
U104426,2024-03-14,Free,LATAM,Organic,Mid-Market,1,0,8.0,0,,1
U104427,2025-04-16,Starter,,Partner,Mid-Market,4,48,14.0,0,,0
U104428,2024-05-20,Business,NA,Paid,Mid-Market,27,783,18.0,2,4.4,0
U104429,2025-02-23,Starter,NA,Partner,SMB,4,48,11.0,0,,1
U104430,2024-12-11,Starter,APAC,Organic,Mid-Market,7,84,23.0,1,5.0,0
U104431,2024-09-28,Starter,APAC,Partner,SMB,4,48,13.0,0,,0
U104432,2024-03-24,Starter,APAC,Organic,SMB,4,48,6.0,1,3.6,0
U104433,2024-12-16,Starter,EMEA,Referral,Mid-Market,2,24,20.0,1,3.2,1
U104434,2024-06-12,Free,APAC,Partner,SMB,1,0,2.0,1,4.2,0
U104435,2024-08-05,Enterprise,NA,Organic,Enterprise,131,6419,34.0,1,5.0,0
U104436,2024-09-15,Starter,EMEA,Partner,Mid-Market,3,36,7.0,1,2.8,0
U104437,2025-01-25,Free,NA,Referral,Mid-Market,1,0,5.0,0,,1
U104438,2025-01-18,Starter,LATAM,Organic,Mid-Market,5,60,14.0,1,4.0,0
U104439,2025-06-23,Business,EMEA,Organic,SMB,18,522,23.0,1,4.3,0
U104440,2024-12-28,Enterprise,NA,Referral,SMB,240,11760,24.0,0,,0
U104441,2024-02-21,Free,EMEA,Paid,Mid-Market,1,0,11.0,0,,0
U104442,2025-04-17,Starter,LATAM,Organic,SMB,7,84,24.0,0,,0
U104443,2024-03-26,Starter,NA,Organic,SMB,6,72,0.0,1,3.9,0
U104444,2024-08-07,Starter,NA,Organic,SMB,3,36,19.0,1,4.3,0
U104445,2024-04-28,Starter,NA,Referral,SMB,2,24,16.0,1,4.5,0
U104446,2024-06-04,Free,NA,Paid,SMB,1,0,4.0,0,,0
U104447,2024-12-27,Free,NA,Organic,Mid-Market,1,0,0.0,0,,0
U104448,2024-05-09,Free,EMEA,Organic,Mid-Market,1,0,3.0,0,,0
U104449,2024-12-02,Starter,NA,Paid,Enterprise,2,24,5.0,1,2.5,0
U104450,2025-01-23,Business,APAC,Partner,SMB,23,667,27.0,4,2.5,1
U104451,2024-11-20,Starter,EMEA,Organic,SMB,6,72,17.0,0,,0
U104452,2024-02-26,Starter,APAC,Paid,Mid-Market,5,60,19.0,2,3.3,0
U104453,2025-06-23,Business,EMEA,Organic,SMB,34,986,23.0,2,4.0,1
U104454,2024-03-08,Starter,EMEA,Organic,Mid-Market,3,36,1.0,0,,0
U104455,2025-04-05,Enterprise,LATAM,Paid,Mid-Market,71,3479,21.0,0,,0
U104456,2024-04-10,Business,APAC,Paid,SMB,26,754,26.0,2,4.3,0
U104457,2025-05-25,Business,NA,Referral,SMB,33,957,8.0,2,3.4,0
U104458,2024-06-01,Business,NA,Organic,SMB,8,232,9.0,0,,0
U104459,2024-06-14,Starter,LATAM,Organic,Enterprise,2,24,20.0,1,4.7,0
U104460,2025-03-07,Enterprise,APAC,Paid,SMB,112,5488,29.0,0,,0
U104461,2025-06-02,Business,NA,Organic,Mid-Market,7,203,30.0,2,4.8,0
U104462,2025-06-06,Free,APAC,Paid,Mid-Market,1,0,4.0,1,3.2,0
U104463,2025-04-22,Business,EMEA,Referral,SMB,6,174,4.0,0,,0
U104464,2024-04-19,Enterprise,,Organic,SMB,284,13916,20.0,3,4.6,1
U104465,2025-05-23,Free,NA,Organic,SMB,1,0,9.0,0,,1
U104466,2024-04-06,Free,APAC,Referral,Mid-Market,1,0,6.0,0,,0
U104467,2024-06-25,Free,NA,Organic,Mid-Market,1,0,12.0,0,,1
U104468,2025-04-11,Enterprise,NA,Partner,Mid-Market,255,12495,42.0,2,5.0,0
U104469,2025-02-18,Business,EMEA,Organic,SMB,20,580,17.0,0,,0
U104470,2024-12-15,Starter,LATAM,Organic,SMB,3,36,11.0,2,3.1,0
U104471,2025-01-15,Business,EMEA,Organic,SMB,10,290,24.0,0,,0
U104472,2024-01-28,Enterprise,NA,Organic,SMB,60,2940,38.0,5,3.4,0
U104473,2024-02-26,Enterprise,NA,Organic,SMB,92,4508,19.0,2,3.7,0
U104474,2024-02-21,Free,NA,Referral,SMB,1,0,5.0,1,4.3,0
U104475,2024-04-25,Free,APAC,Referral,Mid-Market,1,0,0.0,1,3.3,0
U104476,2024-08-16,Free,NA,Organic,SMB,1,0,4.0,0,,0
U104477,2024-07-06,Free,NA,Referral,SMB,1,0,1.0,2,4.5,0
U104478,2024-07-06,Starter,NA,Organic,SMB,4,48,7.0,1,4.7,0
U104479,2024-10-11,Enterprise,NA,Organic,Mid-Market,134,6566,29.0,2,4.1,0
U104480,2025-04-17,Free,NA,Organic,Enterprise,1,0,0.0,0,,0
U104481,2024-09-07,Starter,NA,Organic,Mid-Market,4,48,17.0,1,4.6,0
U104482,2024-01-15,Free,NA,Partner,Enterprise,1,0,14.0,2,4.9,0
U104483,2025-06-10,Starter,APAC,Organic,SMB,4,48,18.0,0,,1
U104484,2024-03-15,Free,EMEA,Organic,SMB,1,0,6.0,0,,0
U104485,2025-05-06,Starter,LATAM,Organic,SMB,7,84,11.0,0,,0
U104486,2024-01-28,Business,NA,Organic,Enterprise,9,261,20.0,2,3.5,0
U104487,2024-08-19,Starter,APAC,Paid,Mid-Market,3,36,16.0,1,3.5,1
U104488,2024-12-11,Free,NA,Organic,SMB,1,0,0.0,0,,0
U104489,2024-02-23,Free,NA,Paid,SMB,1,0,0.0,0,,1
U104490,2024-10-13,Free,EMEA,Organic,Mid-Market,1,0,6.0,1,2.8,0
U104491,2025-04-13,Free,EMEA,Paid,SMB,1,0,0.0,1,4.1,0
U104492,2024-11-01,Starter,NA,Paid,SMB,2,24,8.0,2,4.2,1
U104493,2024-04-30,Starter,NA,Organic,Mid-Market,6,72,6.0,3,3.4,0
U104494,2025-06-22,Free,EMEA,Partner,SMB,1,0,0.0,0,,0
U104495,2025-03-18,Free,NA,Paid,Mid-Market,1,0,8.0,0,,0
U104496,2025-04-16,Starter,NA,Organic,SMB,6,72,,1,3.8,0
U104497,2025-01-04,Starter,EMEA,Referral,SMB,7,84,16.0,2,3.8,0
U104498,2025-05-30,Free,EMEA,Organic,Mid-Market,1,0,4.0,0,,0
U104499,2025-01-13,Free,APAC,Organic,SMB,1,0,6.0,0,,0
U104500,2025-02-19,Free,APAC,Organic,SMB,1,0,6.0,0,,0
U104501,2025-03-22,Starter,EMEA,Paid,SMB,3,36,13.0,0,,0
U104502,2024-12-10,Free,NA,Referral,SMB,1,0,14.0,0,,0
U104503,2024-02-14,Starter,NA,Organic,SMB,6,72,12.0,0,,0
U104504,2024-12-15,Free,EMEA,Referral,Mid-Market,1,0,0.0,1,3.4,1
U104505,2024-10-07,Free,LATAM,Referral,Enterprise,1,0,1.0,0,,1
U104506,2024-12-09,Business,EMEA,Organic,SMB,30,870,20.0,1,4.4,0
U104507,2024-09-03,Business,NA,Referral,SMB,38,1102,21.0,2,4.9,0
U104508,2024-01-11,Business,NA,Paid,Mid-Market,28,812,25.0,0,,0
U104509,2024-03-22,Starter,NA,Referral,SMB,3,36,0.0,0,,0
U104510,2024-09-25,Free,NA,Organic,Mid-Market,1,0,5.0,0,,0
U104511,2025-03-13,Free,EMEA,Referral,SMB,1,0,9.0,1,4.1,0
U104512,2024-01-04,Starter,NA,Paid,Mid-Market,5,60,23.0,0,,0
U104513,2024-01-27,free,LATAM,Organic,Mid-Market,1,0,8.0,0,,1
U104514,2024-07-17,Free,NA,Paid,SMB,1,0,6.0,0,,0
U104515,2025-03-13,Business,EMEA,Organic,Mid-Market,10,290,17.0,1,4.9,0
U104516,2024-03-19,Enterprise,EMEA,Organic,SMB,96,4704,18.0,2,3.7,1
U104517,2024-10-16,Starter,NA,Paid,SMB,4,48,13.0,0,,1
U104518,2024-12-29,Free,NA,Organic,Mid-Market,1,0,0.0,1,5.0,0
U104519,2024-12-11,Free,APAC,Partner,SMB,1,0,0.0,0,,0
U104520,2025-05-11,Starter,EMEA,Referral,Mid-Market,3,36,14.0,1,3.9,0
U104521,2024-03-15,Free,NA,Organic,SMB,1,0,6.0,0,,0
U104522,2024-12-04,Free,LATAM,Paid,Mid-Market,1,0,,0,,0
U104523,2025-04-10,Free,NA,Organic,SMB,1,0,7.0,1,5.0,0
U104524,2024-04-03,Starter,EMEA,Paid,SMB,7,84,11.0,0,,0
U104525,2024-11-11,Free,EMEA,Referral,SMB,1,0,13.0,1,3.8,0
U104526,2024-04-20,Free,EMEA,Paid,SMB,1,0,4.0,0,,0
U104527,2024-08-22,Free,EMEA,Referral,SMB,1,0,7.0,0,,0
U104528,2024-01-17,Business,LATAM,Paid,Enterprise,12,348,28.0,2,3.2,0
U104529,2024-03-10,Free,EMEA,Organic,SMB,1,0,0.0,0,,0
U104530,2024-10-22,Free,,Paid,Mid-Market,1,0,0.0,0,,0
U104531,2025-04-04,Free,EMEA,Referral,SMB,1,0,0.0,0,,0
U104532,2024-06-09,Business,NA,Referral,Mid-Market,23,667,22.0,6,3.0,0
U104533,2025-02-10,Free,LATAM,Organic,SMB,1,0,15.0,1,4.6,1
U104534,2024-08-13,Business,EMEA,Paid,SMB,38,1102,21.0,1,3.3,0
U104535,2024-12-13,Enterprise,APAC,Referral,Mid-Market,168,8232,13.0,2,3.7,0
U104536,2024-08-14,Enterprise,NA,Organic,SMB,256,12544,33.0,2,3.8,0
U104537,2024-08-15,Free,APAC,Paid,SMB,1,0,0.0,0,,1
U104538,2024-12-07,Starter,EMEA,Paid,SMB,6,72,25.0,0,,1
U104539,2025-04-18,Free,EMEA,Referral,SMB,1,0,1.0,0,,0
U104540,2024-02-20,Business,EMEA,Organic,Mid-Market,12,348,1.0,1,4.2,1
U104541,2024-09-18,Free,LATAM,Organic,SMB,1,0,6.0,0,,0
U104542,2024-05-27,Free,NA,Paid,Mid-Market,1,0,6.0,0,,0
U104543,2025-05-01,Free,NA,Paid,Mid-Market,1,0,2.0,0,,0
U104544,2024-08-11,Business,NA,Organic,SMB,11,319,22.0,0,,0
U104545,2024-07-24,Starter,NA,Paid,SMB,5,60,14.0,1,3.9,0
U104546,2024-10-22,Free,EMEA,Organic,SMB,1,0,16.0,0,,0
U104547,2024-01-13,Starter,NA,Referral,SMB,7,84,19.0,1,4.5,0
U104548,2025-02-17,Free,NA,Referral,SMB,1,0,7.0,0,,0
U104549,2024-11-24,Free,LATAM,Organic,SMB,1,0,13.0,0,,0
U104550,2024-05-15,Free,NA,Organic,SMB,1,0,9.0,1,4.3,0
U104551,2025-05-09,Business,NA,Partner,SMB,17,493,,1,4.5,0
U104552,2024-01-02,Enterprise,APAC,Paid,SMB,50,2450,30.0,2,4.6,0
U104553,2024-11-17,Enterprise,LATAM,Partner,SMB,198,9702,33.0,4,2.7,0
U104554,2024-06-19,Free,NA,Organic,Enterprise,1,0,1.0,0,,1
U104555,2024-04-05,Starter,NA,Paid,SMB,6,72,,2,5.0,0
U104556,2024-04-25,Starter,EMEA,Organic,Enterprise,6,72,21.0,0,,0
U104557,2025-05-24,Free,APAC,Organic,Mid-Market,1,0,5.0,0,,0
U104558,2024-07-27,Enterprise,NA,Organic,Mid-Market,141,6909,29.0,4,3.2,0
U104559,2024-12-01,Free,EMEA,Organic,SMB,1,0,4.0,0,,0
U104560,2024-09-20,Starter,NA,Organic,SMB,2,24,9.0,0,,0
U104561,2024-12-21,Starter,EMEA,Organic,SMB,6,72,17.0,0,,0
U104562,2024-03-13,Starter,LATAM,Organic,SMB,5,60,17.0,0,,0
U104563,2024-12-25,Free,NA,Paid,SMB,1,0,10.0,1,5.0,0
U104564,2024-02-18,Free,NA,Paid,SMB,1,0,0.0,0,,1
U104565,2024-01-23,Free,APAC,Organic,Mid-Market,1,0,13.0,0,,0
U104566,2025-06-05,Business,NA,Paid,SMB,26,754,10.0,3,3.5,1
U104567,2024-07-09,Free,EMEA,Organic,Enterprise,1,0,0.0,0,,0
U104568,2025-04-24,Free,EMEA,Paid,SMB,1,0,19.0,0,,0
U104569,2024-09-04,Starter,APAC,Organic,SMB,5,60,20.0,1,3.9,0
U104570,2024-10-05,Free,NA,Organic,SMB,1,0,10.0,0,,0
U104571,2024-05-06,Business,EMEA,Organic,Mid-Market,31,899,30.0,3,3.9,1
U104572,2025-05-17,Enterprise,APAC,Organic,SMB,120,5880,30.0,4,4.4,0
U104573,2024-05-02,Free,APAC,Organic,Mid-Market,1,0,1.0,0,,0
U104574,2024-11-11,Free,EMEA,Organic,SMB,1,0,12.0,0,,0
U104575,2025-01-01,Starter,EMEA,Paid,Mid-Market,3,36,13.0,0,,0
U104576,2024-09-11,Business,EMEA,Organic,Mid-Market,12,348,12.0,0,,0
U104577,2025-03-10,Starter,EMEA,Organic,SMB,7,84,10.0,1,4.1,0
U104578,2025-03-13,Starter,APAC,Paid,SMB,7,84,0.0,0,,1
U104579,2024-05-21,Business,EMEA,Referral,Mid-Market,11,319,,5,2.3,1
U104580,2025-02-26,Free,NA,Referral,Mid-Market,1,0,11.0,0,,0
U104581,2024-03-25,Business,APAC,Organic,Mid-Market,32,928,17.0,3,3.5,0
U104582,2024-04-13,Free,NA,Paid,SMB,1,0,19.0,0,,0
U104583,2025-03-06,Starter,EMEA,Organic,Mid-Market,7,84,3.0,1,4.5,1
U104584,2024-03-16,Starter,APAC,Organic,SMB,7,84,8.0,0,,0
U104585,2024-05-02,Business,NA,Organic,Enterprise,15,435,17.0,1,4.2,1
U104586,2024-07-10,Enterprise,NA,Paid,SMB,157,7693,32.0,1,3.1,0
U104587,2024-01-01,Free,NA,Organic,SMB,1,0,0.0,0,,0
U104588,2024-04-25,Business,NA,Referral,SMB,8,232,,1,5.0,0
U104589,2025-03-19,Free,NA,Organic,SMB,1,0,5.0,0,,0
U104590,2024-05-12,Free,EMEA,Paid,SMB,1,0,3.0,0,,0
U104591,2025-01-15,Free,NA,Organic,Mid-Market,1,0,2.0,1,4.7,0
U104592,2025-03-31,Business,NA,Paid,Enterprise,10,290,13.0,1,5.0,0
U104593,2025-05-03,Starter,APAC,Organic,SMB,5,60,8.0,0,,0
U104594,2024-08-30,Free,,Paid,Mid-Market,1,0,1.0,0,,0
U104595,2024-11-20,Free,EMEA,Organic,SMB,1,0,0.0,0,,0
U104596,2025-05-16,Free,NA,Referral,SMB,1,0,3.0,1,4.5,1
U104597,2025-04-20,Starter,APAC,Referral,Mid-Market,3,36,17.0,2,3.2,0
U104598,2025-06-05,Free,NA,Organic,SMB,1,0,9.0,0,,1
U104599,2024-09-10,Business,NA,Organic,Mid-Market,31,899,20.0,2,4.7,0
U104600,2024-12-03,Business,NA,Paid,SMB,15,435,16.0,1,5.0,0
U104601,2025-06-16,Starter,APAC,Organic,SMB,7,84,13.0,1,4.5,0
U104602,2024-01-14,Free,NA,Referral,SMB,1,0,15.0,0,,0
U104603,2025-05-30,Business,EMEA,Partner,SMB,34,986,20.0,1,4.2,0
U104604,2024-02-20,Free,APAC,Paid,SMB,1,0,6.0,0,,0
U104605,2024-11-30,Free,APAC,Organic,SMB,1,0,16.0,0,,0
U104606,2025-05-24,Starter,EMEA,Organic,Mid-Market,7,84,0.0,1,3.9,0
U104607,2025-03-22,Free,LATAM,Paid,SMB,1,0,13.0,0,,0
U104608,2024-03-18,Starter,NA,Paid,SMB,2,24,16.0,1,4.7,0
U104609,2025-05-24,Starter,LATAM,Partner,SMB,7,84,14.0,1,4.6,0
U104610,2025-02-15,Business,APAC,Organic,SMB,30,870,9.0,4,2.4,1
U104611,2025-05-24,Starter,,Organic,SMB,7,84,13.0,0,,0
U104612,2025-02-18,Starter,APAC,Referral,SMB,4,48,19.0,2,4.0,0
U104613,2025-05-07,Starter,NA,Organic,Mid-Market,6,72,20.0,1,4.9,0
U104614,2024-01-18,Free,EMEA,Organic,Mid-Market,1,0,3.0,0,,0
U104615,2024-10-08,Free,NA,Referral,Mid-Market,1,0,1.0,0,,0
U104616,2024-09-19,Business,NA,Organic,Mid-Market,36,1044,27.0,4,3.9,0
U104617,2024-08-05,Starter,NA,Organic,SMB,7,84,29.0,1,4.4,0
U104618,2024-12-12,Business,APAC,Organic,Enterprise,34,986,8.0,2,3.8,1
U104619,2024-02-03,Free,NA,Paid,SMB,1,0,5.0,1,4.8,1
U104620,2024-11-14,Free,EMEA,Organic,SMB,1,0,18.0,0,,0
U104621,2024-09-15,Enterprise,APAC,Organic,SMB,126,6174,20.0,2,3.0,0
U104622,2024-12-06,Free,NA,Paid,Mid-Market,1,0,10.0,0,,0
U104623,2024-05-18,Business,NA,Paid,SMB,34,986,24.0,1,3.9,0
U104624,2024-10-25,Free,APAC,Organic,SMB,1,0,16.0,1,3.8,0
U104625,2024-07-18,Free,NA,Partner,Mid-Market,1,0,13.0,1,3.2,0
U104626,2025-05-09,Free,NA,Organic,Mid-Market,1,0,19.0,1,4.2,0
U104627,2024-03-28,Business,EMEA,Paid,SMB,34,986,17.0,1,4.4,0
U104628,2024-05-16,Free,EMEA,Paid,SMB,1,0,15.0,0,,0
U104629,2025-04-30,Free,NA,Organic,SMB,1,0,7.0,0,,0
U104630,2025-05-24,Business,NA,Referral,SMB,16,464,17.0,1,4.0,1
U104631,2025-04-07,Starter,EMEA,Partner,Enterprise,2,24,12.0,0,,0
U104632,2025-06-05,Business,NA,Referral,SMB,16,464,19.0,2,4.1,0
U104633,2025-04-11,Free,EMEA,Paid,SMB,1,0,0.0,0,,0
U104634,2025-05-25,Free,APAC,Partner,SMB,1,0,0.0,0,,0
U104635,2024-08-03,Starter,LATAM,Referral,Mid-Market,7,84,5.0,2,4.3,0
U104636,2025-02-14,Enterprise,,Organic,Mid-Market,172,8428,37.0,2,3.8,0
U104637,2024-10-19,free,APAC,Partner,SMB,1,0,19.0,0,,0
U104638,2024-05-08,Business,NA,Partner,SMB,24,696,10.0,2,4.3,0
U104639,2024-12-30,Starter,APAC,Referral,Mid-Market,5,60,23.0,2,4.4,0
U104640,2024-01-21,Business,,Partner,SMB,21,609,6.0,3,3.3,0
U104641,2025-01-24,Starter,NA,Paid,Mid-Market,3,36,17.0,0,,0
U104642,2024-09-23,Starter,APAC,Paid,SMB,2,24,9.0,1,4.3,1
U104643,2024-03-06,Free,APAC,Paid,Mid-Market,1,0,7.0,0,,1
U104644,2025-01-22,Starter,APAC,Partner,Enterprise,5,60,23.0,0,,0
U104645,2024-02-28,Starter,,Paid,SMB,2,24,20.0,1,4.3,0
U104646,2024-09-15,Free,EMEA,Referral,SMB,1,0,1.0,0,,0
U104647,2025-02-18,Enterprise,APAC,Organic,SMB,142,6958,33.0,3,2.8,0
U104648,2025-04-16,Starter,EMEA,Organic,Mid-Market,7,84,3.0,1,4.0,0
U104649,2024-07-10,Free,NA,Organic,Mid-Market,1,0,0.0,1,3.4,0
U104650,2024-08-13,Starter,EMEA,Organic,Enterprise,2,24,13.0,1,4.3,0
U104651,2025-01-11,Starter,EMEA,Organic,Enterprise,2,24,21.0,2,3.6,0
U104652,2024-07-16,Business,NA,Organic,SMB,9,261,20.0,0,,0
U104653,2025-06-01,Free,NA,Organic,Mid-Market,1,0,0.0,0,,0
U104654,2024-02-04,Free,NA,Organic,Mid-Market,1,0,0.0,1,3.0,0
U104655,2025-04-24,Free,EMEA,Paid,SMB,1,0,7.0,1,5.0,0
U104656,2024-06-15,Free,EMEA,Partner,SMB,1,0,3.0,0,,0
U104657,2024-03-16,Starter,EMEA,Organic,SMB,6,72,4.0,2,2.5,0
U104658,2025-04-27,Business,NA,Organic,Mid-Market,15,435,32.0,0,,0
U104659,2024-08-19,Starter,NA,Organic,SMB,6,72,8.0,1,4.4,0
U104660,2025-01-16,Free,NA,Referral,SMB,1,0,3.0,0,,1
U104661,2024-11-09,Starter,EMEA,Paid,Mid-Market,3,36,12.0,0,,1
U104662,2024-11-19,Enterprise,APAC,Organic,Mid-Market,260,12740,19.0,2,3.5,0
U104663,2025-04-17,Starter,NA,Organic,SMB,3,36,12.0,3,4.6,1
U104664,2025-01-14,Starter,EMEA,Paid,SMB,7,84,16.0,0,,1
U104665,2024-09-12,Enterprise,NA,Referral,SMB,124,6076,7.0,5,3.2,1
U104666,2024-06-15,Enterprise,NA,Organic,Mid-Market,43,2107,35.0,2,4.9,0
U104667,2024-05-24,Free,EMEA,Partner,SMB,1,0,5.0,1,4.3,0
U104668,2024-02-11,Free,NA,Partner,Mid-Market,1,0,1.0,0,,0
U104669,2025-02-14,Business,LATAM,Organic,Mid-Market,23,667,15.0,3,3.4,0
U104670,2024-01-15,Free,APAC,Organic,Mid-Market,1,0,5.0,0,,0
U104671,2024-11-06,Business,NA,Paid,SMB,39,1131,20.0,0,,0
U104672,2025-03-09,Enterprise,NA,Organic,SMB,72,3528,33.0,0,,0
U104673,2024-05-17,Business,LATAM,Organic,SMB,33,957,28.0,2,2.7,0
U104674,2025-04-21,Free,LATAM,Organic,SMB,1,0,0.0,0,,0
U104675,2025-04-17,Business,EMEA,Paid,SMB,6,174,19.0,3,4.1,0
U104676,2024-06-01,Business,NA,Organic,Mid-Market,18,522,9.0,1,4.6,1
U104677,2024-12-13,Business,APAC,Organic,SMB,36,1044,11.0,3,1.7,0
U104678,2024-06-09,Starter,NA,Organic,SMB,6,72,14.0,3,5.0,0
U104679,2025-05-11,Business,APAC,Organic,Mid-Market,11,319,16.0,6,1.6,0
U104680,2024-09-11,Free,EMEA,Organic,SMB,1,0,16.0,0,,0
U104681,2024-02-08,Business,NA,Paid,Enterprise,7,203,17.0,1,4.5,0
U104682,2024-09-07,Starter,NA,Organic,SMB,6,72,15.0,0,,0
U104683,2024-05-27,Free,NA,Organic,SMB,1,0,9.0,0,,0
U104684,2024-02-06,Free,EMEA,Organic,Mid-Market,1,0,7.0,0,,0
U104685,2025-01-01,Starter,NA,Organic,SMB,2,24,13.0,1,3.7,0
U104686,2024-10-21,Starter,APAC,Referral,Mid-Market,2,24,7.0,1,3.5,0
U104687,2024-03-03,Free,,Organic,SMB,1,0,3.0,1,4.8,0
U104688,2024-02-18,Free,EMEA,Referral,SMB,1,0,10.0,0,,0
U104689,2025-03-21,Free,APAC,Organic,Mid-Market,1,0,15.0,0,,0
U104690,2024-09-17,starter,NA,Organic,SMB,2,24,12.0,0,,1
U104691,2025-02-10,Starter,,Organic,SMB,4,48,9.0,2,3.6,0
U104692,2024-06-24,Free,APAC,Organic,SMB,1,0,4.0,0,,0
U104693,2024-07-18,Free,APAC,Paid,SMB,1,0,8.0,0,,0
U104694,2025-01-22,Business,NA,Partner,SMB,7,203,19.0,3,3.0,0
U104695,2024-11-29,Business,EMEA,Organic,Mid-Market,34,986,13.0,1,4.3,0
U104696,2024-06-17,Free,LATAM,Organic,Mid-Market,1,0,3.0,1,4.7,1
U104697,2025-06-15,Business,EMEA,Partner,SMB,16,464,14.0,1,4.7,0
U104698,2024-01-30,Starter,NA,Organic,SMB,4,48,12.0,1,3.9,0
U104699,2024-12-21,Business,APAC,Organic,Mid-Market,18,522,21.0,3,1.7,1
U104700,2024-09-18,Business,NA,Paid,SMB,38,1102,14.0,0,,0
U104701,2024-04-05,Business,NA,Referral,SMB,36,1044,20.0,0,,0
U104702,2024-11-15,Free,APAC,Organic,Enterprise,1,0,0.0,0,,1
U104703,2024-06-08,Free,EMEA,Organic,SMB,1,0,0.0,0,,0
U104704,2024-06-29,Business,LATAM,Organic,SMB,21,609,15.0,4,4.9,0
U104705,2025-04-20,Starter,NA,Organic,Mid-Market,5,60,15.0,2,2.5,0
U104706,2024-08-02,Starter,NA,Organic,SMB,2,24,27.0,0,,0
U104707,2025-06-09,Starter,NA,Organic,SMB,2,24,28.0,2,4.2,0
U104708,2024-09-09,Free,LATAM,Organic,SMB,1,0,0.0,0,,0
U104709,2024-05-07,Starter,NA,Referral,Mid-Market,3,36,8.0,1,3.7,0
U104710,2024-06-29,Free,NA,Organic,SMB,1,0,12.0,0,,0
U104711,2024-06-30,Free,NA,Referral,SMB,1,0,8.0,0,,0
U104712,2024-10-03,Free,EMEA,Organic,SMB,1,0,0.0,0,,1
U104713,2025-04-25,Business,APAC,Organic,Enterprise,20,580,23.0,4,2.8,0
U104714,2024-01-17,Business,LATAM,Organic,SMB,16,464,18.0,1,4.0,0
U104715,2024-06-21,Business,EMEA,Paid,SMB,39,1131,26.0,0,,0
U104716,2024-04-23,Free,NA,Organic,SMB,1,0,3.0,0,,0
U104717,2024-09-29,Free,NA,Referral,SMB,1,0,3.0,0,,0
U104718,2025-04-12,Business,EMEA,Organic,SMB,39,1131,31.0,3,4.6,0
U104719,2024-07-31,Business,APAC,Referral,SMB,16,464,18.0,1,3.8,0
U104720,2025-06-11,Starter,LATAM,Organic,SMB,4,48,18.0,1,4.0,0
U104721,2024-03-08,Starter,EMEA,Organic,Mid-Market,4,48,5.0,1,5.0,0
U104722,2024-02-05,Starter,LATAM,Organic,SMB,2,24,7.0,1,3.7,0
U104723,2024-10-14,Starter,APAC,Paid,Mid-Market,6,72,13.0,0,,0
U104724,2025-01-19,Starter,EMEA,Paid,SMB,4,48,10.0,2,4.7,1
U104725,2024-04-26,Free,APAC,Organic,SMB,1,0,0.0,0,,0
U104726,2025-04-15,Free,NA,Organic,SMB,1,0,0.0,0,,1
U104727,2024-06-10,Starter,APAC,Organic,SMB,6,72,29.0,0,,0
U104728,2024-11-01,Starter,EMEA,Paid,SMB,2,24,6.0,3,3.0,0
U104729,2025-05-31,Starter,NA,Organic,Mid-Market,3,36,19.0,1,4.3,0
U104730,2024-11-14,Starter,NA,Organic,SMB,2,24,15.0,0,,0
U104731,2024-12-11,Starter,EMEA,Organic,SMB,4,48,13.0,0,,0
U104732,2025-03-19,Free,EMEA,Partner,Mid-Market,1,0,0.0,0,,0
U104733,2024-10-16,Business,APAC,Organic,SMB,18,522,10.0,4,2.3,0
U104734,2024-03-06,Free,NA,Organic,SMB,1,0,0.0,0,,0
U104735,2025-04-10,Starter,NA,Paid,SMB,7,84,20.0,1,3.3,0
U104736,2025-01-01,Business,NA,Organic,Enterprise,13,377,24.0,4,3.6,0
U104737,2025-04-15,Free,NA,Paid,SMB,1,0,0.0,0,,0
U104738,2024-03-15,Business,NA,Organic,SMB,29,841,26.0,2,3.1,0
U104739,2024-12-15,Free,EMEA,Organic,SMB,1,0,13.0,0,,0
U104740,2024-01-20,Free,NA,Paid,SMB,1,0,0.0,0,,0
U104741,2024-01-02,Free,NA,Referral,Mid-Market,1,0,1.0,0,,1
U104742,2024-05-22,Free,EMEA,Organic,Mid-Market,1,0,4.0,2,3.7,1
U104743,2024-10-12,Free,EMEA,Partner,SMB,1,0,6.0,0,,0
U104744,2025-04-11,Starter,EMEA,Organic,Mid-Market,3,36,6.0,1,4.5,1
U104745,2024-08-30,Starter,LATAM,Organic,SMB,2,24,7.0,0,,0
U104746,2025-04-28,Free,LATAM,Organic,SMB,1,0,8.0,1,4.6,0
U104747,2025-02-21,Starter,APAC,Partner,Mid-Market,6,72,26.0,3,4.7,0
U104748,2024-08-30,Free,NA,Organic,SMB,1,0,12.0,0,,0
U104749,2024-08-18,Starter,NA,Organic,SMB,4,48,16.0,0,,0
U104750,2024-10-14,Free,EMEA,Organic,SMB,1,0,8.0,1,3.1,0
U104751,2024-12-26,Business,NA,Organic,SMB,26,754,,0,,0
U104752,2024-02-06,Free,NA,Organic,SMB,1,0,0.0,0,,0
U104753,2025-02-17,Starter,EMEA,Organic,SMB,5,60,15.0,0,,0
U104754,2024-10-01,Starter,NA,Paid,SMB,3,36,5.0,1,3.6,1
U104755,2025-02-13,Starter,APAC,Paid,SMB,7,84,17.0,2,3.2,0
U104756,2024-01-13,Free,LATAM,Paid,SMB,1,0,0.0,0,,0
U104757,2024-10-08,Free,NA,Organic,SMB,1,0,0.0,0,,0
U104758,2024-04-18,Enterprise,LATAM,Paid,SMB,221,10829,22.0,2,3.6,0
U104759,2024-04-18,Free,EMEA,Organic,Mid-Market,1,0,4.0,1,4.2,1
U104760,2025-02-12,Starter,NA,Referral,SMB,6,72,3.0,1,5.0,0
U104761,2025-02-23,Enterprise,NA,Organic,SMB,276,13524,25.0,2,3.0,0
U104762,2024-06-08,Starter,NA,Paid,SMB,3,36,13.0,2,4.3,0
U104763,2025-01-17,Starter,APAC,Organic,SMB,2,24,22.0,1,5.0,0
U104764,2025-04-01,Enterprise,NA,Paid,SMB,235,11515,17.0,4,3.5,1
U104765,2025-03-06,Starter,EMEA,Organic,SMB,7,84,19.0,0,,0
U104766,2024-01-10,Business,EMEA,Organic,Mid-Market,11,319,19.0,1,4.7,0
U104767,2025-05-11,Free,NA,Paid,SMB,1,0,0.0,0,,0
U104768,2025-01-28,Business,NA,Paid,SMB,14,406,19.0,3,4.3,0
U104769,2025-05-11,Free,APAC,Paid,SMB,1,0,10.0,0,,0
U104770,2025-06-09,Free,NA,Organic,Mid-Market,1,0,11.0,0,,0
U104771,2024-10-23,Enterprise,NA,Referral,SMB,198,9702,27.0,5,1.9,0
U104772,2025-02-20,Free,NA,Partner,SMB,1,0,0.0,1,4.7,0
U104773,2024-09-07,Free,LATAM,Paid,SMB,1,0,0.0,2,3.3,1
U104774,2025-02-19,Free,NA,Organic,SMB,1,0,9.0,0,,0
U104775,2025-06-01,Business,APAC,Organic,SMB,20,580,6.0,5,2.1,1
U104776,2024-07-24,Free,NA,Organic,SMB,1,0,0.0,0,,0
U104777,2024-08-14,Free,NA,Paid,Enterprise,1,0,0.0,0,,0
U104778,2024-07-05,Starter,NA,Organic,SMB,6,72,13.0,0,,0
U104779,2025-05-05,Starter,NA,Partner,SMB,6,72,20.0,1,4.0,0
U104780,2024-05-28,Free,NA,Organic,SMB,1,0,2.0,0,,1
U104781,2025-02-12,Free,NA,Partner,SMB,1,0,0.0,1,3.2,0
U104782,2025-04-01,Free,APAC,Paid,Mid-Market,1,0,8.0,0,,1
U104783,2025-02-02,Business,EMEA,Organic,SMB,11,319,10.0,1,4.7,0
U104784,2024-12-30,Business,EMEA,Organic,Enterprise,37,1073,25.0,1,4.1,1
U104785,2024-08-31,Starter,LATAM,Paid,Mid-Market,7,84,15.0,2,4.8,1
U104786,2024-06-03,Free,APAC,Paid,SMB,1,0,5.0,0,,0
U104787,2025-05-05,Starter,EMEA,Paid,SMB,3,36,10.0,0,,0
U104788,2024-04-24,Free,EMEA,Paid,SMB,1,0,0.0,0,,1
U104789,2024-12-26,Free,LATAM,Paid,Enterprise,1,0,7.0,1,5.0,0
U104790,2025-06-22,Business,LATAM,Paid,Enterprise,33,957,1.0,3,4.4,0
U104791,2024-10-09,Business,EMEA,Paid,SMB,6,174,10.0,1,3.5,0
U104792,2024-06-21,enterprise,APAC,Partner,SMB,160,7840,22.0,3,3.7,0
U104793,2024-10-31,Starter,LATAM,Referral,SMB,7,84,12.0,1,4.4,0
U104794,2025-04-03,Free,APAC,Partner,Mid-Market,1,0,12.0,0,,0
U104795,2024-12-24,Starter,EMEA,Organic,Enterprise,2,24,16.0,1,4.6,0
U104796,2024-08-17,Starter,APAC,Paid,Mid-Market,5,60,11.0,1,4.6,1
U104797,2024-08-02,Free,APAC,Organic,SMB,1,0,0.0,0,,0
U104798,2024-09-04,Free,APAC,Organic,Mid-Market,1,0,8.0,0,,0
U104799,2024-04-18,Starter,NA,Organic,SMB,6,72,8.0,1,4.1,0
U104800,2025-06-07,Free,EMEA,Organic,SMB,1,0,3.0,1,3.6,0
U104801,2025-06-20,Free,EMEA,Partner,Mid-Market,1,0,1.0,0,,0
U104802,2024-02-27,Free,NA,Paid,Enterprise,1,0,0.0,0,,0
U104803,2024-12-18,free,,Organic,SMB,1,0,7.0,0,,0
U104804,2024-03-06,Free,NA,Referral,SMB,1,0,1.0,0,,0
U104805,2024-12-07,Starter,EMEA,Organic,Enterprise,3,36,6.0,2,4.5,0
U104806,2024-10-16,Starter,EMEA,Paid,SMB,6,72,16.0,0,,0
U104807,2024-04-06,Starter,NA,Paid,Enterprise,6,72,9.0,0,,1
U104808,2025-06-07,Starter,NA,Organic,SMB,5,60,5.0,1,3.4,0
U104809,2024-11-04,Free,EMEA,Organic,SMB,1,0,0.0,0,,0
U104810,2024-04-08,Free,APAC,Organic,Mid-Market,1,0,0.0,0,,0
U104811,2024-02-12,Free,NA,Partner,SMB,1,0,9.0,0,,0
U104812,2024-07-30,Starter,EMEA,Paid,SMB,5,60,10.0,2,4.4,0
U104813,2025-04-14,Starter,NA,Paid,SMB,2,24,3.0,1,5.0,0
U104814,2025-04-22,Business,EMEA,Organic,SMB,13,377,21.0,1,3.6,1
U104815,2024-06-03,Starter,NA,Organic,SMB,4,48,13.0,1,3.2,1
U104816,2024-07-15,Business,APAC,Organic,SMB,16,464,6.0,1,5.0,0
U104817,2024-05-22,Free,EMEA,Paid,Enterprise,1,0,14.0,0,,0
U104818,2024-11-29,Free,LATAM,Organic,SMB,1,0,15.0,0,,0
U104819,2024-12-20,Free,LATAM,Organic,SMB,1,0,0.0,0,,0
U104820,2024-05-15,Free,EMEA,Paid,SMB,1,0,2.0,1,3.3,1
U104821,2024-07-27,Enterprise,EMEA,Paid,SMB,77,3773,20.0,4,3.6,1
U104822,2024-07-17,Free,NA,Partner,SMB,1,0,0.0,0,,0
U104823,2024-07-16,Free,EMEA,Referral,SMB,1,0,6.0,1,4.4,0
U104824,2024-05-16,Free,LATAM,Partner,Mid-Market,1,0,22.0,1,3.7,0
U104825,2025-03-03,Starter,EMEA,Paid,SMB,4,48,9.0,1,3.9,0
U104826,2025-06-14,Free,APAC,Organic,Mid-Market,1,0,0.0,0,,0
U104827,2025-01-23,Free,NA,Organic,SMB,1,0,0.0,0,,1
U104828,2024-09-04,Starter,EMEA,Partner,SMB,6,72,14.0,2,4.0,0
U104829,2025-03-07,Free,NA,Organic,SMB,1,0,15.0,0,,1
U104830,2025-02-17,Starter,LATAM,Organic,SMB,7,84,35.0,1,3.1,0
U104831,2025-01-14,Free,NA,Referral,SMB,1,0,18.0,0,,0
U104832,2024-04-28,Business,NA,Referral,Enterprise,22,638,13.0,3,3.1,1
U104833,2024-03-25,Free,LATAM,Organic,SMB,1,0,0.0,0,,0
U104834,2025-02-17,Enterprise,,Organic,SMB,52,2548,25.0,2,2.4,0
U104835,2025-03-09,Starter,EMEA,Referral,SMB,2,24,8.0,0,,0
U104836,2025-06-19,Enterprise,LATAM,Organic,Mid-Market,89,4361,19.0,1,4.0,0
U104837,2025-06-14,Enterprise,APAC,Referral,Enterprise,228,11172,17.0,5,3.7,0
U104838,2024-11-27,Business,NA,Organic,Enterprise,6,174,5.0,0,,0
U104839,2025-01-03,Starter,EMEA,Paid,SMB,6,72,8.0,1,3.9,1
U104840,2025-05-27,Starter,NA,Referral,SMB,6,72,11.0,2,5.0,0
U104841,2025-06-22,Starter,EMEA,Organic,SMB,5,60,5.0,1,4.4,1
U104842,2025-02-06,Free,LATAM,Partner,Mid-Market,1,0,21.0,0,,1
U104843,2024-09-27,Starter,NA,Organic,Mid-Market,4,48,8.0,1,4.8,0
U104844,2024-04-14,Free,EMEA,Paid,Mid-Market,1,0,2.0,1,3.9,0
U104845,2024-08-12,Free,NA,Organic,Mid-Market,1,0,9.0,0,,0
U104846,2025-03-23,Business,EMEA,Organic,SMB,16,464,25.0,3,4.6,0
U104847,2024-11-17,Enterprise,EMEA,Paid,SMB,66,3234,24.0,4,3.4,0
U104848,2024-06-18,Free,EMEA,Organic,SMB,1,0,3.0,0,,1
U104849,2024-05-07,Free,EMEA,Paid,SMB,1,0,3.0,0,,0
U104850,2024-09-21,Free,EMEA,Paid,Mid-Market,1,0,0.0,0,,0
U104851,2024-10-02,Business,NA,Organic,SMB,6,174,13.0,1,3.1,0
U104852,2024-01-09,Free,EMEA,Paid,Mid-Market,1,0,5.0,1,5.0,0
U104853,2024-12-01,Free,NA,Partner,SMB,1,0,6.0,0,,0
U104854,2024-11-30,Free,LATAM,Paid,Mid-Market,1,0,7.0,0,,0
U104855,2024-10-15,Free,LATAM,Organic,SMB,1,0,6.0,1,2.9,1
U104856,2025-04-04,Enterprise,NA,Paid,Mid-Market,90,4410,28.0,4,3.7,1
U104857,2025-01-21,Starter,APAC,Organic,SMB,7,84,18.0,0,,0
U104858,2025-06-20,Free,APAC,Organic,SMB,1,0,7.0,0,,0
U104859,2024-07-14,Starter,NA,Organic,SMB,2,24,3.0,0,,0
U104860,2025-03-16,Free,LATAM,Organic,SMB,1,0,13.0,2,3.8,0
U104861,2024-07-07,Starter,NA,Paid,SMB,7,84,1.0,0,,1
U104862,2025-06-06,Enterprise,NA,Organic,SMB,276,13524,27.0,1,4.3,0
U104863,2025-04-13,Starter,EMEA,Partner,Mid-Market,3,36,8.0,0,,1
U104864,2025-04-09,Free,EMEA,Organic,Mid-Market,1,0,18.0,1,2.9,1
U104865,2024-04-18,Starter,EMEA,Paid,SMB,6,72,24.0,0,,0
U104866,2024-03-15,Business,APAC,Paid,SMB,15,435,22.0,1,5.0,0
U104867,2025-05-08,Starter,EMEA,Paid,SMB,2,24,21.0,0,,0
U104868,2024-01-03,Free,EMEA,Partner,SMB,1,0,4.0,0,,0
U104869,2024-09-23,Starter,NA,Paid,SMB,6,72,7.0,1,3.9,1
U104870,2025-01-29,Free,NA,Paid,SMB,1,0,11.0,0,,0
U104871,2025-04-09,Starter,NA,Paid,Mid-Market,3,36,15.0,0,,1
U104872,2024-02-21,Enterprise,APAC,Referral,SMB,197,9653,32.0,1,3.9,0
U104873,2025-02-21,Free,EMEA,Referral,Mid-Market,1,0,2.0,0,,0
U104874,2024-02-25,Business,EMEA,Referral,Mid-Market,35,1015,13.0,2,4.5,0
U104875,2024-06-06,Free,EMEA,Partner,Enterprise,1,0,0.0,0,,0
U104876,2025-02-21,Free,NA,Organic,SMB,1,0,2.0,0,,0
U104877,2024-04-19,Starter,EMEA,Organic,SMB,3,36,7.0,1,3.5,0
U104878,2024-05-23,Enterprise,EMEA,Paid,Mid-Market,71,3479,17.0,1,4.1,0
U104879,2024-02-26,Starter,NA,Partner,SMB,5,60,7.0,0,,0
U104880,2024-07-17,Starter,NA,Organic,Mid-Market,7,84,7.0,2,2.6,1
U104881,2025-06-10,Starter,APAC,Paid,SMB,5,60,17.0,0,,0
U104882,2024-12-02,Free,APAC,Partner,Mid-Market,1,0,6.0,0,,0
U104883,2024-04-13,Free,NA,Referral,Mid-Market,1,0,23.0,0,,0
U104884,2024-11-21,Starter,NA,Organic,Mid-Market,2,24,14.0,0,,0
U104885,2024-11-20,Business,EMEA,Referral,SMB,26,754,20.0,2,4.9,0
U104886,2024-11-04,Free,EMEA,Organic,SMB,1,0,,1,3.9,0
U104887,2025-03-25,Free,APAC,Organic,Enterprise,1,0,7.0,0,,1
U104888,2024-07-18,Starter,APAC,Paid,Mid-Market,6,72,9.0,2,4.6,0
U104889,2025-02-27,Free,EMEA,Partner,Mid-Market,1,0,17.0,0,,0
U104890,2025-01-10,Free,LATAM,Organic,Mid-Market,1,0,8.0,0,,0
U104891,2024-02-25,Starter,NA,Referral,Enterprise,6,72,13.0,2,3.6,0
U104892,2024-09-23,Starter,NA,Organic,Mid-Market,5,60,11.0,1,4.1,0
U104893,2024-11-06,Starter,EMEA,Organic,SMB,6,72,12.0,1,5.0,0
U104894,2024-04-22,Business,APAC,Organic,Mid-Market,11,319,28.0,3,3.8,0
U104895,2025-04-14,Enterprise,NA,Referral,SMB,278,13622,37.0,1,3.0,0
U104896,2024-10-06,Starter,NA,Organic,SMB,7,84,24.0,0,,0
U104897,2024-07-23,Starter,LATAM,Organic,Mid-Market,2,24,8.0,2,3.5,0
U104898,2024-03-19,Business,NA,Paid,SMB,36,1044,21.0,2,4.6,0
U104899,2025-03-18,Starter,APAC,Organic,SMB,5,60,19.0,1,4.4,1
U104900,2025-05-04,Business,APAC,Paid,SMB,36,1044,21.0,5,1.5,0
U104901,2025-04-04,Business,NA,Organic,Mid-Market,12,348,39.0,2,3.7,0
U104902,2024-06-29,Enterprise,NA,Organic,Mid-Market,86,4214,21.0,2,3.7,0
U104903,2024-07-11,Business,EMEA,Organic,Mid-Market,13,377,26.0,1,3.9,0
U104904,2025-04-20,Business,APAC,Paid,Mid-Market,33,957,23.0,3,1.7,0
U104905,2024-07-22,Free,LATAM,Referral,SMB,1,0,0.0,0,,0
U104906,2025-04-04,Business,APAC,Paid,Mid-Market,29,841,15.0,1,3.3,0
U104907,2024-02-11,Business,LATAM,Organic,Mid-Market,10,290,26.0,1,3.1,0
U104908,2024-04-29,Free,NA,Organic,SMB,1,0,20.0,1,4.1,0
U104909,2024-02-15,Starter,NA,Organic,SMB,7,84,13.0,0,,0
U104910,2025-03-22,Enterprise,NA,Paid,SMB,102,4998,30.0,1,4.7,0
U104911,2024-07-08,Business,EMEA,Organic,SMB,22,638,10.0,1,4.7,0
U104912,2024-07-03,Free,EMEA,Referral,SMB,1,0,2.0,1,4.8,0
U104913,2024-02-05,Business,EMEA,Paid,SMB,25,725,18.0,2,3.2,0
U104914,2025-04-10,Free,LATAM,Paid,SMB,1,0,9.0,0,,0
U104915,2025-05-08,Starter,NA,Organic,SMB,2,24,3.0,0,,1
U104916,2025-02-02,Business,APAC,Paid,Mid-Market,22,638,27.0,1,2.7,0
U104917,2024-12-27,Starter,EMEA,Organic,SMB,3,36,15.0,2,5.0,0
U104918,2024-09-16,Starter,EMEA,Paid,Enterprise,7,84,4.0,2,3.9,0
U104919,2025-05-21,Free,NA,Organic,SMB,1,0,0.0,1,4.0,0
U104920,2025-06-22,Free,NA,Organic,Enterprise,1,0,0.0,0,,1
U104921,2024-01-29,Starter,EMEA,Paid,SMB,4,48,26.0,3,4.1,0
U104922,2025-01-25,Free,NA,Referral,SMB,1,0,14.0,0,,0
U104923,2024-02-18,Business,LATAM,Partner,SMB,37,1073,8.0,2,5.0,0
U104924,2025-02-12,Business,NA,Organic,Mid-Market,37,1073,29.0,2,2.7,0
U104925,2024-05-22,Free,EMEA,Paid,SMB,1,0,9.0,0,,1
U104926,2024-03-23,Free,EMEA,Partner,SMB,1,0,5.0,1,3.0,0
U104927,2025-02-13,Starter,EMEA,Paid,Mid-Market,6,72,11.0,0,,0
U104928,2024-12-21,Starter,LATAM,Partner,SMB,5,60,11.0,0,,0
U104929,2025-01-12,Free,NA,Referral,SMB,1,0,0.0,0,,1
U104930,2024-11-28,Free,EMEA,Organic,SMB,1,0,14.0,0,,0
U104931,2024-05-19,Free,APAC,Referral,SMB,1,0,13.0,0,,0
U104932,2025-01-03,Starter,NA,Organic,Mid-Market,7,84,9.0,0,,0
U104933,2025-05-05,Free,NA,Referral,Mid-Market,1,0,2.0,0,,0
U104934,2024-04-28,Free,NA,Organic,Mid-Market,1,0,5.0,1,3.8,1
U104935,2024-11-23,Enterprise,EMEA,Referral,SMB,271,13279,35.0,1,3.8,0
U104936,2024-11-09,Enterprise,EMEA,Organic,Mid-Market,199,9751,21.0,4,3.6,1
U104937,2024-06-16,Free,LATAM,Organic,Enterprise,1,0,0.0,0,,0
U104938,2025-05-04,Enterprise,LATAM,Organic,SMB,147,7203,42.0,3,4.2,0
U104939,2024-06-21,Starter,EMEA,Organic,SMB,4,48,9.0,0,,0
U104940,2024-11-22,Free,NA,Paid,SMB,1,0,6.0,0,,0
U104941,2024-09-29,Business,APAC,Organic,Mid-Market,18,522,31.0,2,3.8,1
U104942,2025-03-03,Free,NA,Organic,Mid-Market,1,0,13.0,0,,0
U104943,2024-01-03,Starter,EMEA,Organic,SMB,6,72,18.0,2,5.0,1
U104944,2025-02-03,Business,NA,Organic,Mid-Market,23,667,20.0,3,4.6,0
U104945,2025-06-13,Free,APAC,Paid,SMB,1,0,9.0,0,,0
U104946,2024-06-11,Free,NA,Organic,SMB,1,0,0.0,2,4.3,0
U104947,2025-03-19,Business,EMEA,Organic,SMB,12,348,28.0,1,4.3,0
U104948,2025-03-27,Business,APAC,Organic,SMB,28,812,12.0,4,2.3,0
U104949,2025-04-15,Starter,APAC,Partner,SMB,6,72,24.0,0,,0
U104950,2025-02-04,Free,NA,Paid,SMB,1,0,8.0,0,,0
U104951,2024-07-02,Free,NA,Organic,SMB,1,0,5.0,1,5.0,0
U104952,2024-03-04,Free,EMEA,Organic,SMB,1,0,0.0,0,,0
U104953,2024-12-16,Enterprise,APAC,Organic,SMB,254,12446,24.0,1,4.4,0
U104954,2025-05-24,Starter,APAC,Organic,SMB,3,36,7.0,1,3.6,0
U104955,2025-02-14,Business,NA,Organic,Mid-Market,33,957,,0,,1
U104956,2025-06-09,Free,APAC,Organic,SMB,1,0,9.0,0,,0
U104957,2024-01-30,Starter,NA,Paid,SMB,5,60,9.0,1,3.0,0
U104958,2025-06-22,Free,NA,Organic,SMB,1,0,0.0,1,4.1,1
U104959,2024-01-22,Business,APAC,Paid,Enterprise,21,609,10.0,0,,0
U104960,2024-10-19,Business,NA,Organic,SMB,38,1102,24.0,0,,0
U104961,2024-01-15,Business,APAC,Paid,SMB,36,1044,30.0,1,2.9,0
U104962,2024-11-08,Starter,LATAM,Referral,Mid-Market,6,72,18.0,1,4.6,0
U104963,2025-03-16,Free,EMEA,Partner,SMB,1,0,5.0,0,,1
U104964,2025-03-27,Business,APAC,Partner,SMB,7,203,19.0,3,2.6,0
U104965,2024-03-20,Free,NA,Organic,Mid-Market,1,0,12.0,1,4.1,1
U104966,2025-04-27,Free,NA,Referral,SMB,1,0,5.0,1,4.9,0
U104967,2024-01-06,Free,APAC,Organic,SMB,1,0,13.0,1,4.8,0
U104968,2024-02-09,Starter,LATAM,Organic,SMB,5,60,10.0,1,4.6,0
U104969,2024-07-12,Free,NA,Organic,Mid-Market,1,0,18.0,0,,0
U104970,2024-06-22,Starter,APAC,Referral,SMB,4,48,10.0,0,,0
U104971,2025-01-19,Business,NA,Organic,SMB,6,174,17.0,1,4.1,0
U104972,2024-10-11,Enterprise,NA,Paid,SMB,215,10535,24.0,2,3.0,0
U104973,2024-08-30,Free,NA,Referral,Mid-Market,1,0,6.0,0,,0
U104974,2024-10-08,Business,APAC,Organic,SMB,23,667,12.0,5,2.9,0
U104975,2024-06-13,Business,APAC,Paid,SMB,30,870,23.0,0,,0
U104976,2025-02-25,Free,EMEA,Organic,Mid-Market,1,0,8.0,0,,0
U104977,2025-04-20,Starter,EMEA,Referral,SMB,7,84,10.0,0,,0
U104978,2024-04-06,Free,APAC,Paid,SMB,1,0,0.0,1,3.9,1
U104979,2024-05-23,Starter,APAC,Organic,Enterprise,2,24,12.0,1,4.6,0
U104980,2025-02-07,Enterprise,LATAM,Referral,Mid-Market,75,3675,26.0,7,2.8,0
U104981,2024-07-15,Free,NA,Referral,SMB,1,0,6.0,0,,0
U104982,2025-01-17,Enterprise,EMEA,Partner,SMB,195,9555,29.0,3,3.1,0
U104983,2024-01-16,Business,EMEA,Organic,SMB,38,1102,19.0,0,,1
U104984,2025-04-14,Free,NA,Organic,Enterprise,1,0,13.0,0,,0
U104985,2025-02-10,Starter,NA,Organic,Enterprise,6,72,19.0,0,,1
U104986,2024-08-25,Free,APAC,Organic,SMB,1,0,0.0,0,,0
U104987,2024-10-16,Free,NA,Organic,Mid-Market,1,0,0.0,0,,1
U104988,2024-02-07,Starter,NA,Referral,Mid-Market,4,48,9.0,0,,1
U104989,2024-06-19,Starter,EMEA,Organic,SMB,2,24,11.0,0,,0
U104990,2024-04-26,Free,NA,Organic,SMB,1,0,0.0,0,,1
U104991,2024-03-27,Free,NA,Referral,Enterprise,1,0,3.0,0,,1
U104992,2025-06-02,Starter,NA,Referral,SMB,4,48,5.0,0,,0
U104993,2025-05-06,Free,NA,Organic,Mid-Market,1,0,15.0,0,,1
U104994,2024-04-15,Starter,LATAM,Paid,SMB,6,72,16.0,0,,0
U104995,2024-06-12,Starter,EMEA,Organic,SMB,5,60,19.0,3,3.7,0
U104996,2024-04-08,Starter,,Partner,SMB,2,24,16.0,1,4.7,0
U104997,2024-05-27,Free,APAC,Referral,SMB,1,0,5.0,0,,0
U104998,2024-04-27,Free,NA,Paid,Mid-Market,1,0,7.0,0,,0
U104999,2024-02-21,Free,EMEA,Paid,Mid-Market,1,0,10.0,1,4.2,1
U105000,2024-07-12,Free,EMEA,Organic,SMB,1,0,,0,,0
U105001,2024-06-21,Free,APAC,Organic,Mid-Market,1,0,2.0,0,,0
U105002,2024-10-02,Business,NA,Organic,SMB,21,609,16.0,2,5.0,0
U105003,2024-08-13,Starter,APAC,Partner,Mid-Market,2,24,22.0,1,4.0,0
U105004,2024-03-27,Free,APAC,Organic,SMB,1,0,6.0,0,,0
U105005,2025-04-06,Free,EMEA,Paid,Mid-Market,1,0,8.0,1,5.0,0
U105006,2025-03-18,Business,NA,Organic,Enterprise,12,348,16.0,0,,1
U105007,2024-11-08,Free,LATAM,Paid,SMB,1,0,1.0,0,,0
U105008,2025-02-17,Starter,NA,Organic,SMB,4,48,11.0,1,5.0,0
U105009,2025-02-06,Starter,EMEA,Organic,Mid-Market,6,72,23.0,1,4.5,0
U105010,2024-04-03,Free,EMEA,Organic,Enterprise,1,0,4.0,0,,0
U105011,2024-06-13,Free,LATAM,Organic,Mid-Market,1,0,0.0,0,,0
U105012,2025-02-25,Starter,EMEA,Organic,Mid-Market,3,36,8.0,0,,0
U105013,2025-05-06,Free,APAC,Organic,SMB,1,0,10.0,0,,0
U105014,2024-09-16,Free,NA,Organic,SMB,1,0,8.0,0,,0
U105015,2025-05-11,Free,EMEA,Organic,Enterprise,1,0,6.0,0,,0
U105016,2025-05-10,Starter,NA,Organic,Mid-Market,2,24,4.0,0,,0
U105017,2024-12-25,Free,NA,Organic,Mid-Market,1,0,7.0,0,,0
U105018,2024-11-18,Free,EMEA,Organic,SMB,1,0,12.0,0,,1
U105019,2025-03-11,Free,LATAM,Organic,Mid-Market,1,0,2.0,1,2.4,0
U105020,2024-10-18,Free,EMEA,Organic,SMB,1,0,0.0,0,,1
U105021,2024-03-06,Free,NA,Organic,SMB,1,0,22.0,0,,0
U105022,2025-02-25,Starter,EMEA,Paid,SMB,6,72,25.0,1,4.1,0
U105023,2025-02-12,Starter,EMEA,Referral,SMB,5,60,21.0,1,4.1,0
U105024,2024-10-31,Starter,NA,Paid,SMB,4,48,17.0,1,4.3,0
U105025,2025-01-12,Business,LATAM,Partner,SMB,34,986,18.0,0,,0
U105026,2025-01-21,Free,APAC,Referral,SMB,1,0,0.0,1,5.0,0
U105027,2024-10-23,Starter,NA,Organic,SMB,2,24,14.0,0,,0
U105028,2024-04-27,Starter,EMEA,Organic,SMB,4,48,18.0,0,,1
U105029,2024-11-28,Starter,LATAM,Paid,Mid-Market,2,24,24.0,0,,0
U105030,2024-04-09,Enterprise,APAC,Paid,SMB,154,7546,25.0,2,3.2,0
U105031,2025-02-25,Free,NA,Organic,SMB,1,0,13.0,1,4.1,0
U105032,2025-05-03,Enterprise,APAC,Organic,Mid-Market,48,2352,26.0,1,4.4,1
U105033,2025-04-10,Business,EMEA,Partner,Mid-Market,14,406,19.0,5,4.2,1
U105034,2024-01-06,Free,NA,Referral,SMB,1,0,0.0,0,,1
U105035,2024-11-10,Free,LATAM,Organic,Enterprise,1,0,13.0,0,,0
U105036,2024-03-27,Free,NA,Partner,Mid-Market,1,0,9.0,0,,0
U105037,2024-04-05,Free,EMEA,Organic,SMB,1,0,4.0,0,,0
U105038,2024-10-24,Business,NA,Referral,SMB,33,957,21.0,1,5.0,0
U105039,2025-06-23,Business,EMEA,Paid,SMB,19,551,15.0,1,3.4,1
U105040,2025-04-14,Starter,NA,Referral,SMB,6,72,21.0,4,3.4,0
U105041,2025-03-17,Free,EMEA,Organic,SMB,1,0,2.0,0,,0
U105042,2024-07-18,Business,NA,Organic,Enterprise,38,1102,16.0,1,4.4,1
U105043,2024-02-22,Starter,NA,Partner,Mid-Market,6,72,12.0,0,,0
U105044,2024-03-07,Free,APAC,Paid,Mid-Market,1,0,8.0,0,,0
U105045,2024-05-30,Free,NA,Referral,Mid-Market,1,0,2.0,1,4.2,1
U105046,2024-05-09,Business,NA,Partner,SMB,16,464,35.0,1,5.0,0
U105047,2024-07-26,Starter,EMEA,Organic,Mid-Market,6,72,,1,5.0,0
U105048,2024-04-13,Business,APAC,Paid,SMB,33,957,9.0,1,4.9,0
U105049,2025-04-06,Starter,,Organic,Mid-Market,2,24,9.0,1,3.7,0
U105050,2024-10-04,Free,NA,Paid,SMB,1,0,6.0,0,,0
U105051,2024-01-15,Free,LATAM,Organic,SMB,1,0,10.0,0,,0
U105052,2024-11-04,Starter,NA,Paid,SMB,4,48,17.0,1,4.3,0
U105053,2024-12-24,Free,EMEA,Organic,Mid-Market,1,0,4.0,0,,0
U105054,2024-11-30,Starter,NA,Organic,SMB,7,84,11.0,1,2.3,0
U105055,2024-07-19,Starter,EMEA,Organic,Mid-Market,5,60,15.0,0,,0
U105056,2024-05-26,Free,APAC,Organic,Mid-Market,1,0,0.0,1,4.5,0
U105057,2024-01-13,Enterprise,APAC,Organic,Enterprise,93,4557,11.0,4,3.6,0
U105058,2024-10-11,Starter,APAC,Organic,Mid-Market,5,60,17.0,1,3.9,0
U105059,2024-04-24,Starter,APAC,Organic,SMB,6,72,18.0,1,3.3,0
U105060,2024-02-11,Starter,EMEA,Organic,SMB,5,60,24.0,2,4.5,0
U105061,2025-03-22,Business,EMEA,Partner,SMB,33,957,21.0,2,4.1,0
U105062,2024-10-27,Free,APAC,Organic,SMB,1,0,8.0,0,,0
U105063,2025-06-06,Free,NA,Organic,Mid-Market,1,0,5.0,1,4.4,1
U105064,2025-06-18,Business,NA,Paid,Mid-Market,8,232,28.0,1,2.7,0
U105065,2025-04-24,Free,APAC,Organic,SMB,1,0,13.0,1,4.4,0
U105066,2024-12-16,Enterprise,NA,Referral,Mid-Market,159,7791,26.0,4,4.5,1
U105067,2024-05-13,Starter,EMEA,Organic,SMB,2,24,13.0,0,,0
U105068,2025-03-17,Starter,EMEA,Organic,Mid-Market,7,84,15.0,0,,0
U105069,2024-03-04,Starter,NA,Organic,SMB,2,24,4.0,0,,0
U105070,2024-08-31,Business,NA,Organic,Mid-Market,24,696,25.0,3,4.1,0
U105071,2025-05-31,Free,APAC,Referral,Mid-Market,1,0,9.0,0,,0
U105072,2025-03-22,Starter,NA,Referral,Mid-Market,6,72,8.0,1,4.9,1
U105073,2024-03-29,Business,,Paid,Mid-Market,25,725,24.0,2,3.7,0
U105074,2024-05-25,Free,NA,Paid,Mid-Market,1,0,2.0,0,,0
U105075,2024-12-04,Free,EMEA,Paid,SMB,1,0,15.0,0,,1
U105076,2025-02-22,Enterprise,APAC,Organic,SMB,209,10241,25.0,3,2.7,0
U105077,2025-02-04,Free,NA,Referral,Mid-Market,1,0,14.0,0,,0
U105078,2024-07-20,Enterprise,NA,Paid,SMB,78,3822,37.0,3,4.2,0
U105079,2024-03-01,Starter,NA,Organic,Enterprise,3,36,11.0,0,,0
U105080,2024-08-06,Starter,NA,Organic,SMB,7,84,16.0,0,,0
U105081,2024-05-21,Free,EMEA,Organic,SMB,1,0,14.0,0,,0
U105082,2024-08-28,Starter,EMEA,Organic,Mid-Market,4,48,11.0,1,4.4,1
U105083,2024-12-18,Starter,EMEA,Paid,Enterprise,2,24,15.0,0,,0
U105084,2025-02-10,Starter,EMEA,Organic,SMB,6,72,9.0,1,3.1,0
U105085,2024-01-18,Business,EMEA,Organic,SMB,18,522,26.0,1,4.7,0
U105086,2024-04-03,Starter,APAC,Organic,SMB,5,60,8.0,1,3.4,0
U105087,2024-04-23,Business,NA,Organic,SMB,12,348,,2,4.4,0
U105088,2024-04-01,Free,APAC,Referral,Mid-Market,1,0,13.0,0,,0
U105089,2024-11-14,Free,NA,Organic,Mid-Market,1,0,5.0,1,3.2,0
U105090,2025-03-18,Starter,NA,Organic,Mid-Market,2,24,7.0,0,,0
U105091,2025-05-20,Starter,APAC,Paid,SMB,5,60,13.0,0,,0
U105092,2024-02-19,Free,APAC,Paid,SMB,1,0,0.0,0,,1
U105093,2024-07-02,Starter,NA,Organic,SMB,3,36,10.0,0,,0
U105094,2024-05-02,Starter,APAC,Partner,SMB,4,48,6.0,0,,0
U105095,2025-06-12,Starter,NA,Partner,SMB,4,48,11.0,0,,0
U105096,2024-03-07,Business,NA,Organic,SMB,25,725,7.0,2,4.4,0
U105097,2025-04-29,Starter,APAC,Organic,SMB,4,48,22.0,1,4.4,0
U105098,2024-11-08,Free,APAC,Organic,Mid-Market,1,0,0.0,0,,0
U105099,2025-03-06,Starter,EMEA,Partner,SMB,4,48,9.0,1,4.0,0
U105100,2024-09-16,free,NA,Organic,SMB,1,0,16.0,0,,0
U105101,2025-01-29,Starter,APAC,Organic,Mid-Market,2,24,16.0,0,,0
U105102,2024-09-30,Starter,EMEA,Organic,Mid-Market,2,24,6.0,0,,0
U105103,2024-05-06,Enterprise,LATAM,Paid,SMB,40,1960,25.0,2,4.0,1
U105104,2024-01-26,Free,LATAM,Referral,SMB,1,0,5.0,0,,0
U105105,2024-02-01,Starter,APAC,Organic,Mid-Market,2,24,14.0,0,,0
U105106,2024-12-04,Starter,EMEA,Organic,SMB,4,48,14.0,1,4.1,1
U105107,2024-11-17,Free,LATAM,Paid,SMB,1,0,5.0,0,,1
U105108,2025-05-18,Starter,APAC,Partner,SMB,6,72,12.0,0,,1
U105109,2024-04-28,Free,EMEA,Organic,SMB,1,0,4.0,0,,0
U105110,2025-04-17,Business,LATAM,Organic,SMB,18,522,17.0,1,4.4,1
U105111,2024-09-18,Free,APAC,Paid,SMB,1,0,11.0,1,4.0,0
U105112,2025-01-19,Business,EMEA,Paid,SMB,25,725,23.0,3,5.0,0
U105113,2024-12-16,Free,NA,Partner,SMB,1,0,5.0,0,,0
U105114,2024-07-30,Free,APAC,Partner,SMB,1,0,10.0,0,,0
U105115,2024-06-28,Free,NA,Paid,Mid-Market,1,0,0.0,1,3.9,0
U105116,2024-02-03,Free,EMEA,Organic,SMB,1,0,0.0,0,,0
U105117,2025-02-22,Starter,EMEA,Partner,SMB,3,36,12.0,1,5.0,0
U105118,2024-02-11,Starter,,Referral,SMB,7,84,14.0,0,,0
U105119,2024-03-02,Business,NA,Referral,SMB,15,435,13.0,0,,0
U105120,2024-07-01,Business,EMEA,Organic,SMB,29,841,20.0,2,3.8,0
U105121,2024-09-24,Free,NA,Organic,Mid-Market,1,0,2.0,1,4.1,0
U105122,2024-04-15,Starter,APAC,Paid,Mid-Market,5,60,16.0,0,,0
U105123,2024-08-02,Business,NA,Organic,SMB,25,725,20.0,3,3.0,0
U105124,2024-10-11,Business,EMEA,Organic,SMB,26,754,15.0,0,,0
U105125,2024-03-29,Free,EMEA,Paid,Mid-Market,1,0,1.0,0,,0
U105126,2024-07-30,Business,APAC,Referral,Mid-Market,10,290,31.0,3,4.5,1
U105127,2024-08-21,Starter,NA,Organic,Enterprise,4,48,15.0,1,4.3,0
U105128,2024-05-03,Free,NA,Organic,SMB,1,0,2.0,1,4.4,0
U105129,2024-01-07,Starter,NA,Organic,SMB,4,48,14.0,1,4.0,0
U105130,2025-02-28,Starter,NA,Organic,SMB,6,72,14.0,4,3.1,0
U105131,2025-04-28,Free,APAC,Partner,Enterprise,1,0,0.0,0,,0
U105132,2024-09-03,Starter,NA,Paid,Mid-Market,6,72,15.0,0,,0
U105133,2024-04-07,Business,EMEA,Organic,Mid-Market,5,145,14.0,3,3.1,0
U105134,2025-06-12,Enterprise,APAC,Organic,Enterprise,153,7497,22.0,2,3.3,0
U105135,2024-03-23,Business,NA,Paid,SMB,12,348,27.0,3,4.4,0
U105136,2024-03-14,Business,NA,Referral,Mid-Market,5,145,28.0,1,4.5,0
U105137,2024-02-07,Starter,NA,Paid,Mid-Market,4,48,13.0,0,,0
U105138,2024-11-30,Free,NA,Organic,SMB,1,0,13.0,0,,0
U105139,2024-10-02,Business,LATAM,Partner,SMB,23,667,8.0,1,4.4,0
U105140,2024-11-01,Starter,NA,Paid,SMB,5,60,20.0,0,,0
U105141,2024-12-16,Free,NA,Organic,Mid-Market,1,0,6.0,0,,1
U105142,2025-06-11,Business,NA,Paid,SMB,14,406,14.0,3,4.7,0
U105143,2024-07-28,Starter,EMEA,Organic,SMB,5,60,12.0,1,3.0,1
U105144,2024-07-06,Free,APAC,Referral,SMB,1,0,19.0,0,,0
U105145,2024-10-19,Free,LATAM,Organic,Mid-Market,1,0,6.0,0,,0
U105146,2024-12-01,Starter,LATAM,Paid,SMB,2,24,11.0,1,5.0,0
U105147,2024-10-01,Free,EMEA,Organic,SMB,1,0,0.0,0,,0
U105148,2024-05-07,Free,APAC,Organic,Enterprise,1,0,0.0,1,3.8,0
U105149,2024-03-31,Free,,Referral,SMB,1,0,20.0,0,,0
U105150,2024-01-18,Starter,NA,Organic,Mid-Market,6,72,11.0,0,,1
U105151,2024-12-18,Starter,NA,Paid,SMB,4,48,11.0,1,5.0,0
U105152,2024-10-15,Starter,NA,Organic,SMB,5,60,1.0,0,,0
U105153,2025-06-18,Free,NA,Paid,SMB,1,0,0.0,0,,0
U105154,2024-12-12,Free,NA,Organic,Mid-Market,1,0,0.0,0,,0
U105155,2025-02-06,Business,LATAM,Organic,SMB,16,464,23.0,2,3.1,0
U105156,2024-04-09,Enterprise,LATAM,Organic,Mid-Market,217,10633,24.0,4,3.5,0
U105157,2025-04-21,Free,NA,Organic,SMB,1,0,2.0,0,,0
U105158,2025-01-20,Starter,EMEA,Referral,SMB,5,60,21.0,1,4.0,0
U105159,2025-02-17,Free,EMEA,Partner,Mid-Market,1,0,0.0,0,,0
U105160,2025-01-02,Starter,EMEA,Referral,Mid-Market,6,72,4.0,0,,0
U105161,2025-02-03,Free,APAC,Referral,SMB,1,0,2.0,0,,0
U105162,2024-10-02,Free,NA,Paid,Mid-Market,1,0,0.0,0,,1
U105163,2024-09-23,Business,EMEA,Referral,SMB,29,841,25.0,0,,0
U105164,2024-07-11,Free,APAC,Partner,Mid-Market,1,0,0.0,0,,0
U105165,2024-08-14,Starter,EMEA,Organic,Mid-Market,6,72,26.0,0,,0
U105166,2024-10-11,Free,EMEA,Paid,Mid-Market,1,0,0.0,0,,1
U105167,2024-03-22,Starter,EMEA,Organic,Enterprise,5,60,24.0,0,,0
U105168,2025-04-24,Business,NA,Organic,Mid-Market,16,464,21.0,2,4.3,1
U105169,2024-11-28,Free,APAC,Organic,Mid-Market,1,0,16.0,0,,0
U105170,2025-01-26,Free,LATAM,Organic,SMB,1,0,6.0,0,,0
U105171,2025-02-24,Free,EMEA,Organic,Enterprise,1,0,0.0,0,,0
U105172,2024-08-20,Business,LATAM,Organic,SMB,35,1015,27.0,2,3.2,0
U105173,2024-10-21,Free,EMEA,Organic,SMB,1,0,4.0,0,,0
U105174,2025-05-18,Free,EMEA,Partner,SMB,1,0,0.0,1,4.8,1
U105175,2025-05-08,Free,NA,Organic,Enterprise,1,0,5.0,0,,0
U105176,2025-06-23,Starter,NA,Paid,SMB,2,24,17.0,0,,0
U105177,2024-04-14,Starter,APAC,Paid,SMB,4,48,19.0,0,,0
U105178,2024-03-28,Starter,APAC,Paid,SMB,6,72,34.0,1,4.7,0
U105179,2024-06-23,Starter,NA,Organic,SMB,7,84,16.0,0,,0
U105180,2024-03-28,Free,LATAM,Paid,SMB,1,0,6.0,0,,0
U105181,2025-02-10,Starter,EMEA,Organic,SMB,4,48,15.0,0,,1
U105182,2024-09-25,Starter,APAC,Referral,Mid-Market,4,48,11.0,0,,0
U105183,2024-12-21,Starter,NA,Organic,SMB,2,24,5.0,1,4.6,1
U105184,2024-04-02,Business,EMEA,Organic,Mid-Market,38,1102,33.0,2,4.7,0
U105185,2024-05-18,Free,,Referral,Mid-Market,1,0,0.0,0,,0
U105186,2024-10-27,Free,NA,Referral,Mid-Market,1,0,,0,,0
U105187,2025-05-04,Free,APAC,Organic,Mid-Market,1,0,0.0,1,3.5,1
U105188,2025-04-09,Free,EMEA,Organic,Mid-Market,1,0,20.0,2,3.6,0
U105189,2025-04-08,Business,EMEA,Organic,SMB,13,377,15.0,1,4.5,0
U105190,2024-10-19,Free,APAC,Referral,Mid-Market,1,0,3.0,0,,1
U105191,2024-03-08,Business,EMEA,Organic,SMB,33,957,22.0,0,,0
U105192,2024-10-07,Starter,EMEA,Organic,SMB,7,84,17.0,0,,0
U105193,2025-04-15,Free,,Organic,SMB,1,0,12.0,0,,0
U105194,2024-04-23,Business,NA,Paid,SMB,22,638,32.0,3,3.5,0
U105195,2025-04-26,Business,NA,Organic,Enterprise,30,870,0.0,2,4.7,0
U105196,2024-07-14,Free,EMEA,Organic,SMB,1,0,0.0,0,,0
U105197,2024-02-28,Free,NA,Partner,SMB,1,0,8.0,0,,0
U105198,2024-07-26,Starter,EMEA,Paid,SMB,4,48,18.0,0,,0
U105199,2024-02-22,Free,NA,Paid,Mid-Market,1,0,15.0,0,,0
U105200,2024-04-29,Business,LATAM,Paid,SMB,8,232,29.0,5,3.5,0
U105201,2024-02-21,Starter,NA,Organic,Enterprise,3,36,19.0,2,4.6,0
U105202,2024-10-21,Free,NA,Organic,SMB,1,0,0.0,1,4.5,0
U105203,2025-04-03,Starter,APAC,Referral,SMB,3,36,16.0,3,3.5,0
U105204,2025-04-27,Business,LATAM,Referral,SMB,35,1015,26.0,2,3.5,1
U105205,2025-02-06,Free,EMEA,Referral,SMB,1,0,8.0,0,,0
U105206,2025-05-28,Starter,APAC,Partner,Enterprise,6,72,8.0,0,,1
U105207,2024-06-08,Free,NA,Organic,SMB,1,0,0.0,1,4.3,0
U105208,2025-03-11,Free,EMEA,Organic,Mid-Market,1,0,17.0,1,4.0,0
U105209,2024-08-01,Starter,APAC,Paid,SMB,3,36,12.0,0,,0
U105210,2025-01-23,Enterprise,NA,Paid,SMB,167,8183,37.0,1,4.3,0
U105211,2024-06-04,Free,EMEA,Organic,SMB,1,0,20.0,0,,0
U105212,2024-10-19,Business,NA,Organic,Mid-Market,34,986,22.0,2,3.9,0
U105213,2024-05-21,Business,APAC,Referral,Mid-Market,20,580,14.0,0,,0
U105214,2025-01-04,Business,APAC,Organic,SMB,11,319,8.0,3,2.4,1
U105215,2024-06-21,Business,NA,Partner,Enterprise,7,203,14.0,1,3.9,0
U105216,2025-04-20,Free,EMEA,Partner,SMB,1,0,14.0,0,,0
U105217,2024-10-21,Free,APAC,Referral,SMB,1,0,0.0,0,,0
U105218,2024-12-08,Free,NA,Partner,SMB,1,0,2.0,1,3.9,0
U105219,2024-01-07,Free,NA,Paid,Mid-Market,1,0,0.0,0,,0
U105220,2024-11-26,Free,NA,Organic,SMB,1,0,6.0,0,,0
U105221,2025-02-19,Business,EMEA,Organic,SMB,24,696,8.0,3,4.3,0
U105222,2024-06-10,Business,EMEA,Referral,SMB,7,203,15.0,0,,0
U105223,2024-09-23,Free,NA,Paid,SMB,1,0,17.0,0,,0
U105224,2024-12-31,Business,EMEA,Paid,Mid-Market,32,928,25.0,0,,0
U105225,2024-10-29,Starter,NA,Referral,SMB,6,72,3.0,0,,0
U105226,2025-03-05,Starter,EMEA,Organic,Enterprise,6,72,22.0,2,3.0,0
U105227,2024-02-15,Free,EMEA,Organic,SMB,1,0,8.0,0,,0
U105228,2024-03-11,Free,APAC,Organic,Mid-Market,1,0,8.0,0,,0
U105229,2025-03-14,Free,NA,Referral,SMB,1,0,9.0,1,4.4,0
U105230,2024-02-08,Free,EMEA,Organic,SMB,1,0,15.0,0,,0
U105231,2024-01-30,Free,EMEA,Paid,SMB,1,0,2.0,1,3.8,0
U105232,2024-01-15,Starter,APAC,Organic,SMB,6,72,22.0,0,,0
U105233,2024-11-27,Starter,NA,Organic,SMB,6,72,21.0,0,,0
U105234,2024-02-29,Free,LATAM,Organic,SMB,1,0,4.0,1,3.6,0
U105235,2024-11-09,Starter,NA,Paid,SMB,5,60,17.0,0,,0
U105236,2025-02-21,Free,NA,Paid,SMB,1,0,3.0,0,,0
U105237,2024-06-04,Free,NA,Organic,Enterprise,1,0,19.0,0,,1
U105238,2024-01-15,Starter,EMEA,Organic,SMB,2,24,20.0,1,2.9,0
U105239,2024-08-26,Free,APAC,Organic,Mid-Market,1,0,5.0,0,,0
U105240,2024-04-09,Business,APAC,Referral,SMB,8,232,26.0,2,2.5,0
U105241,2024-08-29,Free,NA,Paid,Mid-Market,1,0,9.0,0,,0
U105242,2025-06-21,Starter,EMEA,Paid,Mid-Market,7,84,12.0,2,4.2,0
U105243,2024-12-20,Free,APAC,Organic,SMB,1,0,0.0,0,,1
U105244,2025-04-01,Free,NA,Referral,SMB,1,0,10.0,0,,1
U105245,2025-06-20,Business,NA,Organic,Mid-Market,14,406,22.0,0,,1
U105246,2024-03-05,Free,,Organic,SMB,1,0,7.0,0,,0
U105247,2024-06-12,Free,NA,Referral,SMB,1,0,6.0,0,,0
U105248,2024-11-11,Starter,APAC,Organic,Enterprise,7,84,15.0,0,,0
U105249,2024-10-23,Free,NA,Paid,Enterprise,1,0,10.0,1,4.3,1
U105250,2024-08-07,Free,APAC,Paid,SMB,1,0,0.0,0,,1
U105251,2024-05-18,Free,LATAM,Organic,SMB,1,0,2.0,0,,1
U105252,2024-04-14,Starter,NA,Organic,SMB,5,60,9.0,0,,1
U105253,2024-02-27,Business,APAC,Partner,SMB,33,957,12.0,0,,0
U105254,2024-11-01,Starter,EMEA,Referral,Enterprise,6,72,8.0,0,,0
U105255,2025-05-03,Starter,APAC,Organic,SMB,6,72,25.0,0,,0
U105256,2024-03-24,Free,LATAM,Referral,SMB,1,0,18.0,0,,0
U105257,2025-03-26,Starter,APAC,Organic,Mid-Market,3,36,12.0,0,,0
U105258,2024-02-25,Business,NA,Organic,SMB,15,435,6.0,1,5.0,0
U105259,2024-04-21,Business,EMEA,Paid,SMB,22,638,9.0,1,2.7,0
U105260,2024-11-13,Business,NA,Organic,SMB,26,754,13.0,1,4.2,0
U105261,2025-01-19,Free,NA,Paid,SMB,1,0,7.0,1,4.1,0
U105262,2024-06-27,Free,APAC,Organic,Mid-Market,1,0,0.0,0,,0
U105263,2025-04-07,Business,NA,Referral,Mid-Market,21,609,24.0,2,4.3,0
U105264,2024-02-15,Free,EMEA,Paid,SMB,1,0,0.0,1,4.0,0
U105265,2024-09-07,Free,EMEA,Paid,SMB,1,0,15.0,0,,0
U105266,2024-10-12,Starter,LATAM,Organic,SMB,5,60,14.0,0,,0
U105267,2025-03-07,Business,APAC,Paid,Mid-Market,24,696,12.0,5,2.0,1
U105268,2024-01-02,Free,LATAM,Organic,Mid-Market,1,0,10.0,0,,0
U105269,2024-12-23,Free,NA,Organic,SMB,1,0,7.0,0,,0
U105270,2025-01-26,Free,EMEA,Paid,SMB,1,0,0.0,0,,0
U105271,2024-09-28,Free,APAC,Partner,SMB,1,0,17.0,0,,0
U105272,2024-06-06,Starter,APAC,Paid,SMB,3,36,21.0,0,,0
U105273,2024-12-31,Starter,,Organic,SMB,4,48,9.0,0,,0
U105274,2024-04-01,Starter,NA,Paid,SMB,2,24,18.0,1,3.9,0
U105275,2024-03-25,Free,NA,Paid,SMB,1,0,9.0,0,,0
U105276,2024-12-12,Business,APAC,Organic,SMB,8,232,24.0,2,2.0,0
U105277,2024-11-26,Business,EMEA,Organic,SMB,9,261,11.0,3,4.4,1
U105278,2024-06-30,Free,NA,Organic,Mid-Market,1,0,6.0,0,,0
U105279,2024-12-18,Business,EMEA,Organic,SMB,36,1044,20.0,2,4.9,0
U105280,2024-11-19,Free,APAC,Organic,SMB,1,0,0.0,0,,0
U105281,2024-09-09,Free,NA,Paid,SMB,1,0,0.0,0,,0
U105282,2024-03-24,Business,NA,Partner,SMB,7,203,29.0,3,5.0,0
U105283,2024-10-22,Free,APAC,Referral,SMB,1,0,0.0,0,,0
U105284,2025-04-10,Free,APAC,Referral,SMB,1,0,21.0,2,4.1,0
U105285,2024-09-26,Free,NA,Organic,Mid-Market,1,0,5.0,0,,0
U105286,2024-12-19,Free,EMEA,Organic,Enterprise,1,0,0.0,0,,0
U105287,2025-04-23,Starter,APAC,Organic,SMB,3,36,4.0,1,4.0,0
U105288,2024-02-25,Business,APAC,Paid,SMB,9,261,18.0,2,4.1,0
U105289,2024-03-12,Starter,,Paid,Mid-Market,5,60,19.0,0,,0
U105290,2024-09-14,Enterprise,NA,Organic,SMB,101,4949,22.0,4,4.0,1
U105291,2024-07-09,Starter,APAC,Partner,Enterprise,6,72,13.0,1,4.1,1
U105292,2024-10-01,Starter,EMEA,Organic,Enterprise,6,72,19.0,1,4.8,0
U105293,2025-04-20,Business,NA,Referral,SMB,33,957,27.0,3,3.4,1
U105294,2024-11-15,Free,EMEA,Organic,Mid-Market,1,0,0.0,0,,0
U105295,2024-12-30,Starter,EMEA,Organic,SMB,3,36,14.0,0,,1
U105296,2024-01-19,Free,LATAM,Partner,SMB,1,0,6.0,0,,0
U105297,2025-04-08,Starter,NA,Organic,Enterprise,3,36,9.0,0,,0
U105298,2024-04-04,Starter,LATAM,Partner,Mid-Market,3,36,6.0,1,3.9,0
U105299,2024-11-01,Free,EMEA,Organic,SMB,1,0,1.0,0,,0
U105300,2024-02-25,Starter,NA,Organic,SMB,4,48,3.0,1,4.8,0
U105301,2024-09-13,Business,NA,Organic,SMB,10,290,19.0,1,3.9,0
U105302,2024-07-31,Business,EMEA,Paid,SMB,10,290,19.0,1,3.6,1
U105303,2025-01-16,Free,APAC,Organic,SMB,1,0,18.0,0,,0
U105304,2025-02-20,Enterprise,NA,Organic,SMB,85,4165,23.0,3,3.0,0
U105305,2024-08-28,Starter,NA,Organic,Enterprise,7,84,5.0,0,,0
U105306,2024-07-16,Free,EMEA,Organic,SMB,1,0,10.0,1,3.3,0
U105307,2024-10-06,Starter,,Referral,SMB,5,60,18.0,0,,0
U105308,2024-06-26,Starter,LATAM,Organic,Enterprise,7,84,14.0,2,4.6,0
U105309,2024-05-17,Starter,EMEA,Organic,Mid-Market,7,84,11.0,1,4.5,0
U105310,2024-06-28,Starter,EMEA,Organic,Enterprise,4,48,17.0,0,,1
U105311,2024-05-05,Business,EMEA,Paid,Enterprise,35,1015,28.0,3,2.8,0
U105312,2024-12-06,Starter,LATAM,Partner,SMB,4,48,1.0,1,3.5,0
U105313,2024-03-14,Starter,NA,Paid,SMB,6,72,7.0,2,5.0,1
U105314,2024-08-18,Starter,APAC,Organic,SMB,2,24,27.0,1,2.6,0
U105315,2025-06-04,Starter,NA,Organic,SMB,2,24,13.0,1,4.9,1
U105316,2024-04-03,Free,EMEA,Organic,Mid-Market,1,0,2.0,1,4.2,1
U105317,2024-05-16,Starter,EMEA,Referral,SMB,5,60,12.0,0,,0
U105318,2024-09-08,Free,EMEA,Partner,Mid-Market,1,0,0.0,0,,0
U105319,2025-06-05,Starter,EMEA,Organic,SMB,5,60,16.0,0,,0
U105320,2024-03-04,Starter,EMEA,Organic,Mid-Market,3,36,11.0,2,5.0,0
U105321,2024-04-08,Starter,NA,Referral,SMB,2,24,12.0,0,,0
U105322,2024-11-02,Free,NA,Referral,SMB,1,0,7.0,0,,0
U105323,2025-02-17,Starter,APAC,Paid,Enterprise,7,84,22.0,0,,0
U105324,2024-04-02,Business,NA,Partner,SMB,10,290,26.0,2,4.0,0
U105325,2025-04-04,Free,APAC,Organic,SMB,1,0,12.0,0,,1
U105326,2024-12-14,Free,EMEA,Paid,Mid-Market,1,0,5.0,0,,1
U105327,2025-05-23,Free,NA,Paid,SMB,1,0,9.0,0,,1
U105328,2024-09-30,Starter,EMEA,Referral,SMB,5,60,20.0,0,,0
U105329,2024-07-10,Starter,EMEA,Referral,Enterprise,2,24,13.0,0,,0
U105330,2024-07-31,Free,EMEA,Paid,Enterprise,1,0,7.0,1,4.2,0
U105331,2025-04-12,Business,APAC,Organic,SMB,28,812,18.0,2,3.1,1
U105332,2024-05-21,Enterprise,APAC,Referral,SMB,251,12299,25.0,1,4.2,0
U105333,2024-07-12,Starter,APAC,Organic,SMB,4,48,18.0,0,,0
U105334,2024-09-20,Starter,EMEA,Paid,SMB,3,36,6.0,0,,1
U105335,2025-04-13,Starter,EMEA,Partner,SMB,4,48,12.0,3,4.9,0
U105336,2024-04-07,Business,NA,Paid,Mid-Market,30,870,20.0,2,4.1,0
U105337,2024-03-02,Starter,LATAM,Organic,SMB,6,72,8.0,0,,0
U105338,2025-01-05,Business,EMEA,Referral,Mid-Market,39,1131,10.0,2,3.9,0
U105339,2024-06-24,Free,NA,Organic,SMB,1,0,0.0,2,4.9,1
U105340,2025-06-20,Free,NA,Paid,SMB,1,0,9.0,1,4.8,0
U105341,2024-09-07,Free,NA,Organic,SMB,1,0,12.0,0,,0
U105342,2025-03-18,Free,LATAM,Referral,SMB,1,0,8.0,0,,0
U105343,2024-11-20,Starter,APAC,Referral,Mid-Market,7,84,5.0,0,,0
U105344,2025-06-03,Free,EMEA,Organic,Mid-Market,1,0,0.0,0,,0
U105345,2025-03-12,Free,LATAM,Organic,SMB,1,0,10.0,0,,0
U105346,2024-10-18,Starter,LATAM,Referral,Mid-Market,7,84,7.0,0,,0
U105347,2024-01-09,Business,APAC,Organic,SMB,22,638,35.0,3,3.6,0
U105348,2024-05-09,Free,LATAM,Organic,Mid-Market,1,0,0.0,1,2.3,0
U105349,2024-11-07,Free,NA,Referral,SMB,1,0,14.0,0,,0
U105350,2024-12-14,Starter,NA,Referral,SMB,3,36,15.0,1,5.0,0
U105351,2024-06-09,Business,EMEA,Organic,Enterprise,30,870,0.0,0,,0
U105352,2024-06-19,Starter,NA,Paid,Enterprise,5,60,9.0,2,5.0,0
U105353,2025-05-23,Free,NA,Organic,SMB,1,0,0.0,0,,0
U105354,2024-10-24,Free,APAC,Partner,SMB,1,0,2.0,0,,0
U105355,2024-06-28,Free,EMEA,Organic,Enterprise,1,0,5.0,1,5.0,0
U105356,2024-12-01,Starter,NA,Organic,SMB,6,72,24.0,0,,0
U105357,2024-08-03,Free,EMEA,Organic,Enterprise,1,0,2.0,2,5.0,0
U105358,2024-03-11,Free,LATAM,Partner,SMB,1,0,12.0,1,4.7,0
U105359,2024-06-24,starter,EMEA,Paid,SMB,5,60,12.0,0,,0
U105360,2025-01-09,Free,NA,Partner,SMB,1,0,7.0,1,4.2,1
U105361,2024-04-29,Free,NA,Organic,Mid-Market,1,0,3.0,0,,0
U105362,2024-06-07,Starter,EMEA,Referral,Enterprise,7,84,19.0,0,,0
U105363,2025-05-10,Starter,LATAM,Organic,SMB,6,72,13.0,0,,0
U105364,2024-09-20,Starter,EMEA,Paid,SMB,4,48,9.0,0,,0
U105365,2024-06-06,Starter,LATAM,Partner,Mid-Market,6,72,30.0,0,,1
U105366,2024-07-09,Free,APAC,Referral,Enterprise,1,0,1.0,0,,0
U105367,2024-07-16,Free,EMEA,Paid,SMB,1,0,5.0,0,,0
U105368,2024-03-15,Starter,APAC,Paid,SMB,6,72,26.0,1,5.0,0
U105369,2025-05-23,Business,NA,Paid,Enterprise,27,783,13.0,2,4.0,0
U105370,2024-09-04,Business,EMEA,Paid,SMB,11,319,24.0,1,5.0,1
U105371,2024-11-02,Starter,NA,Organic,SMB,7,84,29.0,0,,0
U105372,2024-07-22,Business,NA,Organic,Enterprise,28,812,15.0,0,,1
U105373,2025-04-01,Enterprise,NA,Organic,SMB,228,11172,25.0,2,4.3,0
U105374,2024-10-14,Starter,EMEA,Organic,SMB,7,84,13.0,1,2.6,1
U105375,2025-04-12,Business,LATAM,Referral,Mid-Market,11,319,13.0,3,4.4,0
U105376,2025-02-15,Starter,NA,Organic,Enterprise,3,36,20.0,2,4.1,0
U105377,2024-10-26,Business,NA,Paid,Mid-Market,30,870,17.0,0,,0
U105378,2024-02-23,Business,EMEA,Organic,SMB,32,928,12.0,0,,0
U105379,2025-02-20,Starter,NA,Organic,SMB,6,72,9.0,1,4.9,0
U105380,2024-06-28,Starter,NA,Organic,SMB,5,60,3.0,0,,0
U105381,2024-01-17,Free,NA,Paid,SMB,1,0,13.0,2,5.0,0
U105382,2024-11-03,Free,NA,Referral,SMB,1,0,,0,,0
U105383,2024-12-10,Free,NA,Organic,Enterprise,1,0,7.0,0,,0
U105384,2025-06-20,Business,EMEA,Paid,Mid-Market,35,1015,14.0,0,,0
U105385,2024-02-20,Enterprise,,Organic,Mid-Market,108,5292,31.0,1,3.4,0
U105386,2024-09-18,Business,NA,Referral,SMB,13,377,25.0,1,2.8,0
U105387,2024-06-07,Starter,NA,Organic,Mid-Market,4,48,24.0,1,4.9,0
U105388,2025-04-28,Business,EMEA,Organic,SMB,9,261,21.0,2,4.0,0
U105389,2024-08-30,Business,NA,Referral,SMB,16,464,25.0,1,4.2,0
U105390,2025-02-18,Free,EMEA,Organic,SMB,1,0,12.0,0,,1
U105391,2024-07-06,Business,EMEA,Paid,SMB,28,812,16.0,2,4.7,1
U105392,2024-02-26,Business,EMEA,Paid,Mid-Market,38,1102,25.0,2,3.9,0
U105393,2024-10-25,Free,,Organic,SMB,1,0,0.0,0,,0
U105394,2024-07-15,starter,NA,Paid,Mid-Market,5,60,19.0,1,5.0,0
U105395,2024-03-10,Enterprise,APAC,Organic,SMB,237,11613,8.0,3,3.6,0
U105396,2024-04-07,Business,NA,Organic,SMB,23,667,9.0,0,,1
U105397,2024-12-26,Free,EMEA,Organic,Enterprise,1,0,0.0,0,,0
U105398,2024-08-29,Starter,EMEA,Referral,Mid-Market,2,24,12.0,3,4.4,1
U105399,2024-04-05,Starter,NA,Paid,Mid-Market,5,60,20.0,0,,0
U105400,2024-02-15,Free,NA,Referral,Mid-Market,1,0,0.0,0,,0
U105401,2024-01-08,Starter,APAC,Partner,SMB,6,72,3.0,1,3.3,1
U105402,2024-10-17,Free,NA,Organic,SMB,1,0,11.0,2,3.0,0
U105403,2025-06-20,Starter,NA,Organic,Mid-Market,3,36,16.0,0,,0
U105404,2025-05-19,Free,NA,Partner,SMB,1,0,0.0,1,3.6,0
U105405,2024-09-01,Free,LATAM,Paid,SMB,1,0,1.0,0,,0
U105406,2024-10-16,Business,NA,Paid,SMB,27,783,23.0,1,3.7,0
U105407,2025-01-01,Starter,EMEA,Referral,SMB,7,84,15.0,0,,0
U105408,2025-03-18,Free,NA,Partner,SMB,1,0,0.0,0,,0
U105409,2025-01-19,Free,EMEA,Paid,Mid-Market,1,0,8.0,1,4.4,0
U105410,2025-06-07,Business,EMEA,Paid,Enterprise,12,348,25.0,0,,0
U105411,2024-02-15,Free,EMEA,Paid,SMB,1,0,13.0,0,,1
U105412,2024-08-07,Free,NA,Organic,SMB,1,0,9.0,1,4.8,1
U105413,2025-04-22,Free,NA,Referral,SMB,1,0,0.0,0,,0
U105414,2024-06-04,Business,NA,Organic,SMB,7,203,7.0,1,4.2,0
U105415,2024-04-23,Free,NA,Referral,SMB,1,0,4.0,0,,0
U105416,2025-06-09,Starter,NA,Organic,SMB,5,60,18.0,1,4.0,0
U105417,2025-03-03,Free,NA,Partner,Mid-Market,1,0,7.0,0,,0
U105418,2024-12-08,Free,EMEA,Paid,Enterprise,1,0,0.0,0,,0
U105419,2024-12-10,Free,NA,Paid,SMB,1,0,0.0,0,,0
U105420,2025-03-08,Business,EMEA,Partner,SMB,6,174,,0,,0
U105421,2024-07-10,Business,NA,Organic,Enterprise,20,580,27.0,2,4.6,0
U105422,2025-06-01,Enterprise,EMEA,Referral,SMB,255,12495,26.0,0,,0
U105423,2025-03-20,Starter,APAC,Paid,Mid-Market,5,60,21.0,2,3.2,0
U105424,2024-02-08,Starter,NA,Organic,Mid-Market,4,48,12.0,0,,0
U105425,2024-04-15,Free,NA,Paid,SMB,1,0,2.0,0,,0
U105426,2024-08-12,Starter,EMEA,Paid,Mid-Market,7,84,21.0,0,,0
U105427,2024-12-04,Free,NA,Paid,SMB,1,0,13.0,0,,0
U105428,2025-06-08,Free,EMEA,Organic,SMB,1,0,21.0,1,4.8,0
U105429,2024-11-18,Enterprise,APAC,Organic,SMB,105,5145,25.0,0,,0
U105430,2024-04-28,Enterprise,APAC,Paid,SMB,31,1519,19.0,5,3.4,1
U105431,2024-09-11,Free,EMEA,Paid,Mid-Market,1,0,14.0,0,,0
U105432,2024-03-24,Business,EMEA,Organic,Mid-Market,6,174,18.0,2,4.6,0
U105433,2024-02-25,Business,EMEA,Partner,Mid-Market,21,609,19.0,1,4.7,0
U105434,2024-10-23,Starter,EMEA,Organic,SMB,6,72,27.0,1,4.0,0
U105435,2025-04-11,Starter,NA,Organic,SMB,5,60,24.0,2,4.2,0
U105436,2024-01-10,Free,APAC,Paid,Enterprise,1,0,0.0,0,,0
U105437,2024-08-14,Starter,NA,Referral,Mid-Market,4,48,11.0,3,4.6,0
U105438,2025-01-25,Free,NA,Paid,SMB,1,0,0.0,0,,0
U105439,2025-05-01,Free,EMEA,Partner,SMB,1,0,,0,,0
U105440,2024-12-13,Free,NA,Paid,SMB,1,0,14.0,1,4.2,0
U105441,2024-09-15,Business,LATAM,Organic,SMB,34,986,24.0,1,3.0,0
U105442,2025-02-02,Business,EMEA,Partner,SMB,9,261,17.0,0,,0
U105443,2024-09-18,Business,APAC,Organic,Enterprise,5,145,28.0,1,2.8,0
U105444,2024-05-28,Starter,EMEA,Paid,Mid-Market,5,60,14.0,0,,0
U105445,2024-03-22,Free,EMEA,Paid,SMB,1,0,6.0,0,,0
U105446,2024-11-02,Starter,LATAM,Paid,SMB,5,60,15.0,0,,0
U105447,2024-07-14,Free,APAC,Referral,SMB,1,0,12.0,0,,0
U105448,2024-10-29,Free,NA,Organic,Enterprise,1,0,4.0,1,4.3,0
U105449,2025-01-07,Business,NA,Referral,SMB,13,377,16.0,0,,0
U105450,2024-03-12,Starter,APAC,Organic,SMB,4,48,6.0,0,,0
U105451,2025-04-10,Free,EMEA,Paid,SMB,1,0,3.0,1,2.9,0
U105452,2024-09-19,Free,EMEA,Organic,SMB,1,0,10.0,0,,0
U105453,2025-03-24,Free,EMEA,Paid,SMB,1,0,0.0,0,,1
U105454,2024-02-29,Enterprise,NA,Paid,SMB,226,11074,23.0,3,4.3,0
U105455,2024-12-28,Free,APAC,Paid,Mid-Market,1,0,2.0,0,,0
U105456,2024-03-08,Business,EMEA,Paid,SMB,29,841,31.0,2,4.3,0
U105457,2025-03-25,Starter,APAC,Referral,Mid-Market,4,48,15.0,0,,1
U105458,2024-02-09,Free,LATAM,Organic,Mid-Market,1,0,0.0,0,,1
U105459,2024-03-13,Free,,Organic,Mid-Market,1,0,5.0,0,,0
U105460,2024-04-16,Free,NA,Organic,SMB,1,0,,0,,0
U105461,2025-05-18,Starter,EMEA,Referral,Mid-Market,7,84,18.0,1,4.2,0
U105462,2024-01-29,Starter,NA,Referral,SMB,2,24,15.0,2,4.5,0
U105463,2025-04-24,Starter,LATAM,Paid,SMB,3,36,19.0,1,4.0,0
U105464,2024-03-26,Business,APAC,Referral,Mid-Market,36,1044,13.0,0,,0
U105465,2024-10-26,Starter,NA,Referral,Mid-Market,3,36,22.0,1,4.1,0
U105466,2024-06-13,Free,EMEA,Organic,SMB,1,0,5.0,0,,0
U105467,2024-07-01,Free,LATAM,Organic,Mid-Market,1,0,3.0,1,3.4,0
U105468,2024-08-17,Starter,NA,Referral,SMB,6,72,23.0,1,3.7,0
U105469,2024-02-09,Free,APAC,Referral,SMB,1,0,11.0,1,4.5,1
U105470,2024-10-15,Free,APAC,Paid,SMB,1,0,15.0,0,,0
U105471,2024-12-10,Starter,EMEA,Referral,SMB,5,60,15.0,0,,0
U105472,2024-09-21,Starter,EMEA,Organic,Mid-Market,2,24,19.0,0,,0
U105473,2024-07-28,Business,,Organic,SMB,19,551,10.0,1,3.3,0
U105474,2024-04-22,Starter,NA,Paid,SMB,4,48,0.0,0,,0
U105475,2024-11-15,Starter,,Organic,Enterprise,7,84,10.0,1,3.4,0
U105476,2025-06-11,Starter,LATAM,Paid,SMB,5,60,17.0,2,4.2,0
U105477,2024-06-05,Free,NA,Partner,Mid-Market,1,0,9.0,1,3.9,0
U105478,2025-05-14,Business,EMEA,Paid,SMB,20,580,21.0,0,,0
U105479,2025-06-16,Starter,APAC,Referral,Enterprise,7,84,23.0,2,2.9,0
U105480,2025-01-28,Starter,EMEA,Referral,Mid-Market,3,36,11.0,1,4.3,1
U105481,2025-03-05,Free,NA,Paid,SMB,1,0,0.0,0,,0
U105482,2025-05-25,Free,LATAM,Organic,Mid-Market,1,0,9.0,0,,0
U105483,2024-10-23,Starter,EMEA,Organic,Mid-Market,4,48,8.0,2,2.7,0
U105484,2024-05-06,Enterprise,EMEA,Paid,SMB,207,10143,33.0,3,5.0,0
U105485,2024-12-18,Free,NA,Organic,Mid-Market,1,0,6.0,3,3.4,1
U105486,2024-08-10,Business,NA,Paid,Mid-Market,25,725,3.0,1,3.9,0
U105487,2025-04-21,Business,NA,Organic,SMB,16,464,26.0,0,,0
U105488,2025-01-30,Free,,Organic,SMB,1,0,0.0,0,,0
U105489,2025-06-02,Starter,LATAM,Organic,SMB,4,48,14.0,0,,1
U105490,2024-04-03,Free,EMEA,Paid,Mid-Market,1,0,8.0,0,,0
U105491,2024-03-10,free,EMEA,Paid,Mid-Market,1,0,9.0,0,,0
U105492,2024-08-17,Free,NA,Paid,SMB,1,0,4.0,0,,0
U105493,2025-05-26,Business,NA,Organic,SMB,13,377,24.0,4,3.4,0
U105494,2024-01-20,Free,EMEA,Organic,SMB,1,0,0.0,0,,1
U105495,2024-01-20,Free,NA,Organic,SMB,1,0,1.0,1,4.7,0
U105496,2024-04-12,enterprise,APAC,Organic,SMB,108,5292,22.0,1,3.4,0
U105497,2024-05-05,Starter,NA,Organic,SMB,4,48,24.0,2,4.3,0
U105498,2025-02-03,Enterprise,NA,Organic,SMB,274,13426,24.0,1,5.0,0
U105499,2024-06-02,Starter,NA,Paid,Mid-Market,2,24,8.0,0,,0
U105500,2024-09-11,Business,EMEA,Paid,SMB,17,493,8.0,3,2.7,0
U105501,2024-08-11,Free,APAC,Organic,SMB,1,0,15.0,0,,0
U105502,2024-06-25,Starter,NA,Organic,SMB,2,24,5.0,0,,0
U105503,2024-04-12,Free,NA,Paid,Enterprise,1,0,1.0,1,4.5,0
U105504,2024-12-12,Starter,EMEA,Organic,Mid-Market,4,48,17.0,0,,0
U105505,2025-06-05,Business,NA,Referral,SMB,8,232,16.0,0,,1
U105506,2025-06-17,Business,APAC,Organic,SMB,30,870,15.0,2,2.3,0
U105507,2024-06-14,Business,NA,Paid,SMB,31,899,31.0,3,3.4,0
U105508,2024-08-21,Free,EMEA,Organic,Mid-Market,1,0,0.0,1,5.0,0
U105509,2024-06-30,Free,APAC,Organic,SMB,1,0,14.0,0,,0
U105510,2024-03-12,Free,NA,Paid,SMB,1,0,3.0,1,4.8,0
U105511,2024-01-27,Starter,APAC,Organic,SMB,4,48,16.0,0,,1
U105512,2024-10-27,Free,NA,Paid,SMB,1,0,13.0,0,,0
U105513,2024-09-04,Free,APAC,Organic,SMB,1,0,8.0,0,,0
U105514,2024-08-22,Starter,APAC,Organic,Mid-Market,3,36,22.0,1,4.9,0
U105515,2024-03-03,Free,EMEA,Paid,Enterprise,1,0,5.0,0,,0
U105516,2025-01-26,Free,EMEA,Referral,SMB,1,0,0.0,0,,1
U105517,2025-06-17,Starter,APAC,Organic,SMB,7,84,14.0,0,,0
U105518,2024-02-08,Starter,APAC,Paid,SMB,7,84,17.0,2,3.4,0
U105519,2024-05-26,Starter,NA,Paid,SMB,2,24,12.0,1,4.4,1
U105520,2025-03-24,Free,APAC,Organic,SMB,1,0,5.0,0,,0
U105521,2024-05-22,Starter,NA,Paid,SMB,7,84,12.0,1,3.3,0
U105522,2024-10-23,Starter,NA,Paid,SMB,3,36,15.0,2,3.6,0
U105523,2024-10-19,Business,NA,Organic,SMB,23,667,18.0,3,3.4,0
U105524,2024-10-18,Starter,APAC,Partner,SMB,5,60,16.0,1,3.8,0
U105525,2024-05-10,Starter,APAC,Paid,SMB,7,84,11.0,3,4.5,1
U105526,2025-01-10,Free,NA,Organic,Mid-Market,1,0,7.0,0,,0
U105527,2025-02-14,Free,APAC,Organic,SMB,1,0,5.0,0,,0
U105528,2024-06-14,starter,NA,Organic,Mid-Market,5,60,9.0,0,,0
U105529,2024-09-08,Starter,NA,Referral,SMB,4,48,25.0,2,3.6,0
U105530,2024-01-06,Free,NA,Referral,Mid-Market,1,0,0.0,1,4.3,1
U105531,2024-03-08,Starter,NA,Paid,Mid-Market,7,84,1.0,2,3.8,1
U105532,2024-11-15,Free,NA,Organic,SMB,1,0,4.0,0,,0
U105533,2024-03-12,Free,NA,Organic,SMB,1,0,16.0,0,,0
U105534,2024-11-09,Free,NA,Paid,Mid-Market,1,0,14.0,0,,0
U105535,2025-06-03,Starter,LATAM,Organic,SMB,2,24,2.0,2,3.9,1
U105536,2024-07-02,Free,EMEA,Referral,Mid-Market,1,0,,0,,0
U105537,2024-04-30,business,NA,Organic,Mid-Market,28,812,,0,,0
U105538,2024-01-11,Free,NA,Paid,SMB,1,0,11.0,1,3.4,0
U105539,2025-03-17,Starter,NA,Partner,Enterprise,3,36,21.0,1,4.5,0
U105540,2024-05-23,Starter,APAC,Referral,Enterprise,5,60,22.0,0,,0
U105541,2024-07-19,Free,EMEA,Referral,Enterprise,1,0,12.0,0,,1
U105542,2025-02-07,Free,EMEA,Paid,Mid-Market,1,0,13.0,1,3.0,0
U105543,2025-05-29,Business,APAC,Organic,SMB,9,261,22.0,1,1.8,0
U105544,2024-12-08,Free,NA,Paid,Mid-Market,1,0,9.0,0,,0
U105545,2025-05-20,Starter,EMEA,Paid,SMB,7,84,19.0,1,4.0,0
U105546,2024-02-13,Starter,EMEA,Partner,Mid-Market,5,60,11.0,1,5.0,0
U105547,2025-03-15,Starter,NA,Organic,Mid-Market,6,72,12.0,0,,0
U105548,2024-11-09,Starter,LATAM,Partner,SMB,7,84,0.0,0,,0
U105549,2025-03-26,Free,NA,Paid,SMB,1,0,0.0,0,,0
U105550,2025-02-14,Free,LATAM,Partner,SMB,1,0,18.0,0,,0
U105551,2024-07-18,Free,NA,Partner,Enterprise,1,0,6.0,1,3.0,0
U105552,2024-08-03,Free,APAC,Paid,Mid-Market,1,0,7.0,0,,0
U105553,2025-04-23,Starter,EMEA,Organic,SMB,3,36,11.0,1,4.0,0
U105554,2024-04-17,Starter,NA,Organic,Enterprise,4,48,29.0,0,,0
U105555,2024-05-08,Starter,APAC,Organic,SMB,4,48,13.0,0,,0
U105556,2024-07-20,Free,EMEA,Paid,Mid-Market,1,0,9.0,0,,0
U105557,2024-08-29,Starter,NA,Organic,SMB,7,84,14.0,1,4.4,0
U105558,2024-04-23,Free,NA,Referral,Enterprise,1,0,18.0,1,3.4,1
U105559,2024-07-06,Free,LATAM,Paid,Mid-Market,1,0,0.0,0,,1
U105560,2024-07-30,Free,NA,Organic,SMB,1,0,18.0,0,,0
U105561,2024-05-11,Business,LATAM,Organic,SMB,33,957,20.0,2,3.4,1
U105562,2025-04-06,business,APAC,Organic,SMB,10,290,31.0,0,,1
U105563,2024-10-01,Free,NA,Organic,SMB,1,0,11.0,0,,0
U105564,2024-01-17,Business,EMEA,Organic,Mid-Market,31,899,9.0,3,3.7,0
U105565,2024-08-25,Free,EMEA,Referral,Mid-Market,1,0,16.0,0,,0
U105566,2024-10-28,Free,EMEA,Organic,Mid-Market,1,0,2.0,0,,0
U105567,2025-01-12,Starter,LATAM,Partner,Mid-Market,3,36,20.0,1,4.0,0
U105568,2025-05-24,Starter,APAC,Organic,SMB,6,72,15.0,1,3.9,0
U105569,2025-04-20,Starter,EMEA,Organic,SMB,5,60,18.0,0,,0
U105570,2024-11-25,Enterprise,NA,Organic,SMB,82,4018,42.0,4,3.4,0
U105571,2024-07-30,Starter,NA,Paid,SMB,5,60,13.0,0,,0
U105572,2024-01-27,Starter,EMEA,Organic,SMB,3,36,20.0,2,3.6,0
U105573,2025-05-17,Free,LATAM,Organic,Mid-Market,1,0,13.0,0,,1
U105574,2024-10-20,Business,NA,Organic,SMB,37,1073,11.0,0,,0
U105575,2024-04-23,Free,APAC,Organic,SMB,1,0,4.0,0,,1
U105576,2025-04-04,free,NA,Paid,SMB,1,0,2.0,1,5.0,0
U105577,2024-09-04,Business,EMEA,Partner,SMB,27,783,16.0,2,4.6,0
U105578,2024-03-30,Free,EMEA,Organic,SMB,1,0,0.0,0,,1
U105579,2025-01-01,Starter,EMEA,Organic,Mid-Market,2,24,9.0,0,,0
U105580,2025-04-06,Business,EMEA,Referral,SMB,30,870,24.0,1,4.2,0
U105581,2024-10-11,Business,APAC,Organic,Enterprise,6,174,24.0,2,3.2,0
U105582,2024-12-03,Business,LATAM,Paid,Mid-Market,10,290,21.0,0,,0
U105583,2024-02-25,Starter,EMEA,Organic,SMB,3,36,23.0,1,4.6,1
U105584,2024-06-14,Free,NA,Partner,Enterprise,1,0,3.0,0,,0
U105585,2024-06-03,Free,LATAM,Organic,SMB,1,0,0.0,0,,0
U105586,2024-08-07,Starter,NA,Referral,Mid-Market,5,60,10.0,0,,0
U105587,2024-09-22,Free,NA,Organic,Mid-Market,1,0,4.0,1,4.7,0
U105588,2024-04-19,Business,EMEA,Paid,Mid-Market,38,1102,35.0,1,3.6,0
U105589,2025-03-25,Starter,EMEA,Organic,SMB,4,48,5.0,0,,0
U105590,2024-06-03,Starter,LATAM,Organic,SMB,7,84,21.0,4,2.9,0
U105591,2024-08-25,Starter,EMEA,Organic,SMB,4,48,,0,,0
U105592,2024-09-25,Free,LATAM,Paid,SMB,1,0,0.0,2,4.1,1
U105593,2025-04-06,starter,APAC,Paid,SMB,2,24,19.0,0,,0
U105594,2024-02-16,Starter,EMEA,Paid,SMB,4,48,7.0,1,4.7,0
U105595,2024-12-26,Free,APAC,Organic,SMB,1,0,20.0,0,,0
U105596,2025-01-15,Free,LATAM,Organic,SMB,1,0,9.0,1,4.6,0
U105597,2024-04-28,Free,NA,Organic,SMB,1,0,11.0,0,,0
U105598,2024-02-25,Business,EMEA,Organic,Enterprise,12,348,8.0,3,4.0,0
U105599,2024-07-05,Free,LATAM,Organic,Mid-Market,1,0,2.0,0,,0
U105600,2024-11-01,Free,NA,Organic,Mid-Market,1,0,19.0,0,,0
U105601,2024-05-09,Starter,EMEA,Organic,SMB,3,36,6.0,0,,0
U105602,2024-11-27,Business,NA,Organic,SMB,27,783,17.0,1,3.9,0
U105603,2024-02-15,Business,NA,Referral,Mid-Market,19,551,31.0,2,3.9,0
U105604,2025-01-30,Business,APAC,Organic,Mid-Market,5,145,26.0,2,2.2,0
U105605,2024-11-17,Starter,EMEA,Partner,SMB,5,60,8.0,2,2.9,0
U105606,2025-05-12,Business,APAC,Paid,Mid-Market,35,1015,12.0,2,3.6,1
U105607,2025-01-28,Business,NA,Organic,Mid-Market,25,725,15.0,2,3.5,0
U105608,2024-12-04,Free,NA,Organic,SMB,1,0,6.0,0,,0
U105609,2024-09-30,Starter,LATAM,Organic,SMB,5,60,19.0,1,5.0,0
U105610,2024-04-06,Starter,NA,Referral,SMB,4,48,6.0,2,3.3,0
U105611,2024-04-23,Free,NA,Partner,SMB,1,0,2.0,0,,1
U105612,2024-12-21,Business,NA,Paid,SMB,11,319,36.0,0,,0
U105613,2025-05-18,Free,APAC,Paid,SMB,1,0,4.0,0,,0
U105614,2025-03-14,Starter,LATAM,Paid,SMB,4,48,15.0,0,,0
U105615,2024-02-14,Free,APAC,Partner,SMB,1,0,9.0,0,,0
U105616,2024-03-24,Free,LATAM,Organic,SMB,1,0,15.0,1,5.0,0
U105617,2025-01-03,Starter,NA,Paid,SMB,6,72,23.0,0,,0
U105618,2025-04-17,Enterprise,EMEA,Partner,SMB,264,12936,29.0,1,4.7,1
U105619,2024-05-16,Starter,LATAM,Organic,SMB,7,84,17.0,0,,0
U105620,2025-02-19,Starter,EMEA,Paid,SMB,6,72,11.0,0,,1
U105621,2024-07-31,Free,EMEA,Partner,Mid-Market,1,0,10.0,0,,1
U105622,2025-05-05,Free,NA,Organic,Mid-Market,1,0,0.0,0,,0
U105623,2024-05-09,Business,,Paid,Mid-Market,22,638,12.0,2,5.0,0
U105624,2025-05-10,Free,EMEA,Paid,Mid-Market,1,0,0.0,0,,0
U105625,2024-08-23,Free,APAC,Organic,SMB,1,0,15.0,1,4.0,0
U105626,2025-05-31,Free,EMEA,Paid,SMB,1,0,8.0,0,,0
U105627,2024-05-12,Free,NA,Paid,SMB,1,0,2.0,1,3.9,1
U105628,2024-12-24,Starter,NA,Referral,SMB,7,84,23.0,0,,0
U105629,2024-11-12,Enterprise,EMEA,Organic,Mid-Market,37,1813,20.0,2,3.4,0
U105630,2024-12-09,Free,LATAM,Organic,Enterprise,1,0,0.0,1,2.2,1
U105631,2024-11-12,Starter,APAC,Partner,SMB,6,72,14.0,0,,0
U105632,2024-04-01,Enterprise,EMEA,Paid,Enterprise,42,2058,17.0,1,3.9,0
U105633,2025-04-19,Starter,EMEA,Organic,SMB,7,84,19.0,1,3.1,0
U105634,2024-11-07,Starter,EMEA,Organic,Mid-Market,3,36,14.0,1,3.4,0
U105635,2025-05-06,Starter,EMEA,Partner,SMB,7,84,7.0,0,,0
U105636,2024-04-14,Starter,NA,Referral,SMB,3,36,12.0,1,3.8,0
U105637,2025-04-10,Free,EMEA,Organic,SMB,1,0,11.0,1,4.8,0
U105638,2024-12-22,Enterprise,NA,Organic,Mid-Market,116,5684,20.0,6,3.1,1
U105639,2024-11-13,Free,NA,Organic,SMB,1,0,6.0,0,,0
U105640,2024-10-05,Starter,EMEA,Organic,SMB,2,24,0.0,0,,1
U105641,2024-01-13,Free,NA,Organic,SMB,1,0,3.0,0,,0
U105642,2024-06-30,Business,APAC,Paid,Enterprise,6,174,10.0,3,4.8,1
U105643,2025-02-17,Free,EMEA,Organic,Mid-Market,1,0,11.0,0,,1
U105644,2025-03-25,free,EMEA,Organic,Mid-Market,1,0,0.0,0,,1
U105645,2025-03-02,Starter,NA,Organic,SMB,5,60,8.0,0,,0
U105646,2024-11-07,Starter,NA,Paid,SMB,4,48,10.0,0,,0
U105647,2024-08-04,Business,APAC,Referral,SMB,30,870,11.0,4,3.5,1
U105648,2024-07-20,Business,LATAM,Organic,SMB,20,580,24.0,1,4.6,0
U105649,2024-12-13,Business,APAC,Organic,SMB,33,957,16.0,5,1.0,1
U105650,2024-05-22,Free,NA,Referral,SMB,1,0,9.0,1,4.4,0
U105651,2024-08-24,Free,APAC,Referral,SMB,1,0,4.0,1,4.2,1
U105652,2024-08-29,Starter,EMEA,Referral,Mid-Market,6,72,18.0,1,4.0,0
U105653,2025-02-11,Free,LATAM,Partner,SMB,1,0,3.0,0,,0
U105654,2024-01-20,Enterprise,LATAM,Paid,SMB,229,11221,13.0,3,3.8,0
U105655,2024-06-18,Business,EMEA,Paid,Mid-Market,7,203,20.0,1,4.7,0
U105656,2024-05-12,Starter,NA,Paid,SMB,4,48,15.0,0,,0
U105657,2024-10-13,Free,EMEA,Organic,Enterprise,1,0,0.0,1,3.6,1
U105658,2025-02-09,Starter,APAC,Organic,Mid-Market,3,36,9.0,2,4.5,0
U105659,2024-05-26,Free,APAC,Organic,SMB,1,0,0.0,1,5.0,0
U105660,2025-05-15,Free,APAC,Organic,Enterprise,1,0,1.0,1,4.8,1
U105661,2025-06-20,Free,NA,Referral,SMB,1,0,9.0,0,,0
U105662,2024-12-25,Starter,EMEA,Paid,Mid-Market,6,72,21.0,1,3.6,0
U105663,2024-06-06,Free,EMEA,Referral,SMB,1,0,0.0,1,4.6,0
U105664,2024-08-08,Enterprise,,Paid,Mid-Market,152,7448,13.0,4,4.0,1
U105665,2024-06-16,Free,EMEA,Referral,Mid-Market,1,0,1.0,0,,1
U105666,2025-06-07,Free,EMEA,Organic,SMB,1,0,7.0,0,,1
U105667,2025-02-03,Free,EMEA,Paid,SMB,1,0,4.0,0,,0
U105668,2024-12-09,Free,EMEA,Referral,SMB,1,0,0.0,0,,1
U105669,2024-03-13,Starter,EMEA,Organic,SMB,3,36,16.0,1,5.0,0
U105670,2024-06-22,Free,APAC,Paid,SMB,1,0,1.0,0,,0
U105671,2025-03-22,Enterprise,EMEA,Paid,SMB,224,10976,27.0,2,5.0,0
U105672,2024-12-23,Free,NA,Partner,Mid-Market,1,0,7.0,0,,0
U105673,2024-08-22,Free,NA,Referral,Enterprise,1,0,0.0,0,,1
U105674,2024-06-11,Starter,LATAM,Paid,SMB,4,48,13.0,0,,0
U105675,2024-05-21,Free,NA,Paid,SMB,1,0,0.0,0,,0
U105676,2024-04-18,Free,NA,Organic,SMB,1,0,1.0,0,,1
U105677,2024-11-19,Starter,LATAM,Organic,Mid-Market,2,24,17.0,2,3.9,0
U105678,2024-10-06,Starter,,Organic,SMB,3,36,8.0,1,4.5,0
U105679,2024-12-04,Starter,NA,Paid,Mid-Market,7,84,6.0,1,5.0,0
U105680,2024-05-20,Starter,NA,Paid,SMB,3,36,4.0,0,,0
U105681,2024-06-25,Starter,NA,Referral,Mid-Market,6,72,9.0,0,,0
U105682,2024-12-11,Enterprise,NA,Organic,SMB,104,5096,19.0,0,,0
U105683,2024-01-05,Starter,NA,Referral,Mid-Market,6,72,6.0,0,,0
U105684,2024-04-09,Starter,NA,Organic,SMB,7,84,10.0,0,,0
U105685,2024-06-02,Starter,NA,Organic,Mid-Market,7,84,20.0,1,4.3,0
U105686,2025-04-30,Starter,LATAM,Organic,Mid-Market,6,72,16.0,0,,0
U105687,2024-01-13,Starter,APAC,Referral,Mid-Market,5,60,0.0,0,,0
U105688,2024-10-06,Starter,EMEA,Paid,SMB,7,84,15.0,2,4.3,0
U105689,2024-09-09,Business,EMEA,Paid,Mid-Market,7,203,22.0,4,2.5,0
U105690,2024-01-27,Free,NA,Paid,SMB,1,0,0.0,1,3.3,1
U105691,2024-12-13,Free,NA,Organic,SMB,1,0,10.0,0,,0
U105692,2024-10-14,Enterprise,NA,Organic,Mid-Market,144,7056,25.0,4,3.6,0
U105693,2025-01-24,Free,EMEA,Partner,Mid-Market,1,0,0.0,0,,0
U105694,2024-10-16,Starter,APAC,Organic,SMB,7,84,15.0,0,,1
U105695,2024-10-09,Business,NA,Partner,SMB,15,435,18.0,0,,0
U105696,2024-08-15,Free,NA,Organic,SMB,1,0,13.0,0,,0
U105697,2024-02-26,Starter,NA,Paid,SMB,3,36,23.0,0,,0
U105698,2024-07-11,Enterprise,NA,Paid,SMB,139,6811,,3,5.0,0
U105699,2024-03-22,Business,APAC,Paid,Mid-Market,37,1073,9.0,2,4.4,0
U105700,2024-08-14,Starter,EMEA,Referral,SMB,6,72,10.0,0,,0
U105701,2025-02-09,Free,NA,Organic,SMB,1,0,8.0,2,2.9,0
U105702,2024-09-01,Free,EMEA,Organic,SMB,1,0,8.0,0,,0
U105703,2025-06-17,Starter,APAC,Paid,SMB,6,72,10.0,1,3.9,0
U105704,2024-07-18,Business,NA,Organic,SMB,26,754,28.0,0,,0
U105705,2024-07-23,Starter,APAC,Paid,SMB,2,24,11.0,2,3.0,0
U105706,2025-03-09,Free,NA,Organic,SMB,1,0,0.0,0,,0
U105707,2025-03-18,Enterprise,APAC,Paid,SMB,71,3479,30.0,2,3.9,0
U105708,2024-09-07,Starter,EMEA,Partner,SMB,4,48,0.0,0,,0
U105709,2025-01-31,Free,NA,Paid,SMB,1,0,4.0,0,,1
U105710,2024-11-08,Business,EMEA,Organic,Enterprise,21,609,17.0,1,4.3,0
U105711,2024-01-14,Business,NA,Organic,SMB,30,870,19.0,4,3.3,0
U105712,2024-09-01,Free,NA,Referral,SMB,1,0,9.0,0,,0
U105713,2024-04-19,Free,EMEA,Partner,SMB,1,0,6.0,0,,0
U105714,2024-05-04,Business,NA,Organic,SMB,22,638,17.0,2,3.8,0
U105715,2025-04-27,Free,EMEA,Referral,SMB,1,0,0.0,1,4.2,0
U105716,2025-01-10,Free,NA,Referral,SMB,1,0,6.0,0,,1
U105717,2025-05-24,Free,LATAM,Organic,Mid-Market,1,0,,0,,0
U105718,2024-12-01,Free,NA,Referral,SMB,1,0,0.0,0,,0
U105719,2025-04-03,Starter,EMEA,Paid,SMB,6,72,11.0,0,,0
U105720,2025-03-31,Free,EMEA,Paid,SMB,1,0,19.0,0,,0
U105721,2025-03-10,Free,EMEA,Organic,SMB,1,0,6.0,1,4.4,0
U105722,2024-12-22,Free,EMEA,Organic,SMB,1,0,6.0,1,3.4,0
U105723,2024-07-20,Free,NA,Organic,Enterprise,1,0,0.0,1,4.5,0
U105724,2024-12-12,Starter,NA,Organic,SMB,5,60,7.0,0,,0
U105725,2025-03-21,Business,EMEA,Organic,Mid-Market,34,986,25.0,2,3.4,0
U105726,2024-09-19,Business,NA,Partner,Mid-Market,17,493,12.0,1,3.4,0
U105727,2024-01-23,Free,NA,Referral,Mid-Market,1,0,11.0,1,3.5,0
U105728,2024-11-21,Free,EMEA,Paid,Mid-Market,1,0,0.0,0,,0
U105729,2024-05-15,Free,APAC,Organic,Mid-Market,1,0,5.0,0,,0
U105730,2024-03-09,Business,,Partner,Mid-Market,21,609,24.0,1,4.3,0
U105731,2025-01-26,Free,LATAM,Organic,SMB,1,0,12.0,0,,0
U105732,2024-06-07,Business,APAC,Organic,SMB,27,783,20.0,0,,0
U105733,2024-06-15,Free,EMEA,Organic,Enterprise,1,0,18.0,0,,0
U105734,2025-03-10,Starter,APAC,Partner,Enterprise,4,48,6.0,0,,0
U105735,2024-08-20,Free,EMEA,Paid,SMB,1,0,17.0,1,3.2,0
U105736,2024-04-29,Enterprise,NA,Organic,Enterprise,129,6321,20.0,4,3.6,0
U105737,2024-11-14,Business,NA,Paid,SMB,32,928,24.0,3,4.3,0
U105738,2025-02-19,Free,LATAM,Referral,SMB,1,0,8.0,1,4.5,0
U105739,2024-07-07,Free,APAC,Organic,SMB,1,0,8.0,0,,0
U105740,2024-06-30,Starter,NA,Paid,SMB,5,60,15.0,0,,0
U105741,2025-06-07,Free,NA,Referral,SMB,1,0,6.0,0,,0
U105742,2024-02-29,Business,NA,Organic,Enterprise,33,957,25.0,6,3.3,0
U105743,2024-06-16,Free,APAC,Partner,SMB,1,0,3.0,0,,0
U105744,2024-04-17,Business,EMEA,Partner,SMB,15,435,12.0,1,4.1,0
U105745,2024-06-18,Business,APAC,Organic,SMB,9,261,27.0,3,3.7,0
U105746,2024-10-02,Free,EMEA,Organic,SMB,1,0,3.0,0,,0
U105747,2025-03-10,Business,APAC,Partner,Enterprise,30,870,16.0,3,3.2,1
U105748,2025-02-02,Business,EMEA,Paid,Mid-Market,5,145,40.0,0,,0
U105749,2024-04-24,Free,NA,Paid,SMB,1,0,9.0,1,2.6,0
U105750,2025-05-01,Free,APAC,Partner,Mid-Market,1,0,5.0,0,,0
U105751,2024-02-04,Free,NA,Paid,SMB,1,0,1.0,0,,0
U105752,2024-09-11,Starter,NA,Organic,Mid-Market,2,24,11.0,1,3.3,0
U105753,2024-03-14,Starter,EMEA,Organic,SMB,5,60,18.0,0,,0
U105754,2025-06-07,Starter,APAC,Organic,Enterprise,3,36,4.0,0,,0
U105755,2025-05-23,Free,EMEA,Referral,SMB,1,0,0.0,1,4.9,0
U105756,2024-02-28,Business,EMEA,Paid,SMB,15,435,23.0,2,3.5,0
U105757,2024-09-16,Free,NA,Partner,SMB,1,0,15.0,0,,0
U105758,2024-12-13,Business,APAC,Paid,SMB,33,957,8.0,3,1.3,1
U105759,2025-05-28,Free,EMEA,Organic,Mid-Market,1,0,6.0,0,,0
U105760,2025-06-15,Starter,APAC,Organic,SMB,2,24,22.0,0,,0
U105761,2024-09-24,Free,NA,Referral,Mid-Market,1,0,6.0,1,3.8,0
U105762,2024-10-13,Starter,APAC,Paid,SMB,4,48,10.0,0,,0
U105763,2024-08-05,Starter,LATAM,Referral,Mid-Market,6,72,11.0,1,3.4,0
U105764,2024-08-14,Business,NA,Organic,SMB,13,377,26.0,1,4.9,0
U105765,2024-08-07,Free,EMEA,Partner,SMB,1,0,7.0,1,4.4,0
U105766,2025-01-25,Starter,APAC,Organic,SMB,3,36,14.0,0,,0
U105767,2024-06-29,Starter,APAC,Paid,Mid-Market,4,48,22.0,0,,0
U105768,2024-07-15,Free,EMEA,Referral,SMB,1,0,3.0,0,,0
U105769,2025-04-07,Free,LATAM,Organic,SMB,1,0,0.0,2,4.5,1
U105770,2024-04-09,Starter,APAC,Organic,Mid-Market,7,84,19.0,1,5.0,0
U105771,2024-01-04,Free,APAC,Organic,Enterprise,1,0,17.0,0,,0
U105772,2025-04-30,Business,NA,Referral,SMB,8,232,28.0,2,4.2,0
U105773,2024-04-11,Starter,APAC,Organic,SMB,3,36,11.0,1,4.4,0
U105774,2025-04-22,Starter,NA,Organic,Mid-Market,6,72,23.0,1,3.1,0
U105775,2025-03-07,Free,EMEA,Paid,SMB,1,0,3.0,0,,1
U105776,2025-04-13,Starter,NA,Partner,SMB,2,24,30.0,0,,0
U105777,2024-05-17,Starter,APAC,Organic,Mid-Market,7,84,18.0,0,,0
U105778,2024-09-19,Starter,NA,Referral,SMB,3,36,3.0,0,,0
U105779,2024-09-29,Starter,,Organic,SMB,5,60,5.0,1,2.7,1
U105780,2024-05-12,Free,NA,Organic,SMB,1,0,0.0,0,,0
U105781,2024-10-22,Starter,NA,Paid,SMB,2,24,18.0,2,3.9,0
U105782,2024-09-17,Starter,NA,Organic,Mid-Market,6,72,15.0,1,4.1,0
U105783,2024-01-16,Free,NA,Organic,SMB,1,0,,1,4.2,0
U105784,2024-08-02,Free,NA,Organic,SMB,1,0,2.0,0,,0
U105785,2024-09-25,Free,EMEA,Organic,SMB,1,0,14.0,0,,0
U105786,2024-01-14,Starter,EMEA,Paid,SMB,2,24,25.0,1,3.1,0
U105787,2025-02-01,Business,NA,Organic,Mid-Market,32,928,15.0,1,5.0,0
U105788,2024-03-22,Starter,APAC,Paid,Mid-Market,2,24,13.0,4,3.7,1
U105789,2025-01-13,Free,LATAM,Organic,SMB,1,0,0.0,0,,1
U105790,2024-02-25,Starter,APAC,Partner,SMB,2,24,18.0,1,4.4,0
U105791,2024-12-03,Business,NA,Paid,Enterprise,11,319,6.0,2,3.8,1
U105792,2024-05-21,Starter,NA,Referral,SMB,4,48,16.0,2,4.8,0
U105793,2024-09-05,Free,,Organic,SMB,1,0,6.0,0,,0
U105794,2024-09-02,Business,LATAM,Organic,Enterprise,31,899,27.0,0,,0
U105795,2024-05-21,Starter,NA,Paid,SMB,6,72,18.0,3,3.0,0
U105796,2024-09-09,Business,NA,Paid,SMB,11,319,22.0,1,3.1,0
U105797,2025-01-31,Business,LATAM,Organic,SMB,6,174,18.0,0,,0
U105798,2025-05-29,Starter,EMEA,Organic,SMB,2,24,11.0,1,3.5,0
U105799,2024-10-19,Free,NA,Partner,SMB,1,0,3.0,0,,0
U105800,2024-12-21,Starter,,Organic,SMB,6,72,11.0,0,,0
U105801,2024-08-10,Starter,EMEA,Referral,SMB,3,36,16.0,0,,1
U105802,2025-04-14,Free,APAC,Paid,SMB,1,0,8.0,0,,0
U105803,2025-02-11,Starter,APAC,Organic,Mid-Market,3,36,14.0,2,4.4,0
U105804,2025-05-25,Free,APAC,Referral,SMB,1,0,7.0,0,,0
U105805,2024-06-21,Starter,NA,Referral,Mid-Market,4,48,13.0,0,,0
U105806,2024-09-11,Business,APAC,Organic,Mid-Market,6,174,12.0,2,2.9,1
U105807,2025-05-27,Starter,EMEA,Organic,SMB,4,48,18.0,1,4.8,1
U105808,2025-05-03,Free,EMEA,Organic,Mid-Market,1,0,9.0,0,,0
U105809,2024-11-15,Free,NA,Organic,Mid-Market,1,0,0.0,0,,1
U105810,2025-02-12,Free,EMEA,Referral,Enterprise,1,0,2.0,0,,1
U105811,2025-04-27,Free,NA,Referral,SMB,1,0,3.0,1,4.1,1
U105812,2024-06-19,Enterprise,APAC,Organic,SMB,33,1617,38.0,3,4.2,0
U105813,2024-08-13,Enterprise,NA,Paid,SMB,125,6125,33.0,3,3.8,0
U105814,2025-06-21,Enterprise,EMEA,Referral,SMB,167,8183,29.0,3,4.0,0
U105815,2025-05-19,Business,EMEA,Organic,SMB,14,406,29.0,2,2.7,0
U105816,2024-12-08,Starter,NA,Paid,SMB,6,72,17.0,2,3.1,1
U105817,2024-04-13,Free,NA,Organic,Mid-Market,1,0,15.0,2,4.6,0
U105818,2025-05-15,Business,APAC,Paid,SMB,9,261,17.0,2,2.9,0
U105819,2024-12-31,Free,NA,Paid,Mid-Market,1,0,5.0,1,3.9,0
U105820,2024-01-04,Free,NA,Organic,SMB,1,0,12.0,1,4.0,0
U105821,2025-05-08,Business,EMEA,Organic,Mid-Market,14,406,31.0,3,2.7,0
U105822,2024-08-05,Starter,NA,Referral,SMB,5,60,27.0,3,4.7,0
U105823,2024-08-16,Free,EMEA,Organic,SMB,1,0,0.0,1,3.7,0
U105824,2024-05-29,Free,NA,Referral,SMB,1,0,16.0,0,,0
U105825,2024-05-19,Business,LATAM,Referral,SMB,14,406,16.0,0,,0
U105826,2024-03-31,Business,NA,Referral,SMB,20,580,13.0,1,2.5,0
U105827,2024-12-02,Free,EMEA,Referral,SMB,1,0,0.0,1,3.9,1
U105828,2024-05-10,Enterprise,EMEA,Organic,SMB,140,6860,29.0,2,4.8,0
U105829,2024-05-13,Starter,EMEA,Organic,SMB,3,36,28.0,2,3.7,0
U105830,2024-03-27,Free,APAC,Referral,SMB,1,0,1.0,0,,0
U105831,2024-10-05,Starter,NA,Partner,SMB,7,84,21.0,1,4.1,0
U105832,2025-05-05,Free,,Partner,SMB,1,0,18.0,0,,0
U105833,2025-03-04,Free,EMEA,Paid,SMB,1,0,13.0,0,,0
U105834,2025-01-24,Enterprise,EMEA,Organic,SMB,55,2695,28.0,4,3.7,0
U105835,2024-11-14,Starter,LATAM,Paid,Mid-Market,2,24,22.0,1,4.7,0
U105836,2024-08-03,Free,EMEA,Organic,Enterprise,1,0,2.0,0,,0
U105837,2024-05-20,Free,NA,Organic,SMB,1,0,11.0,0,,0
U105838,2024-02-24,Starter,NA,Organic,SMB,3,36,7.0,0,,1
U105839,2025-01-11,Free,APAC,Organic,SMB,1,0,25.0,0,,1
U105840,2025-01-15,Business,NA,Organic,SMB,20,580,27.0,2,3.9,0
U105841,2024-01-12,Free,APAC,Partner,Enterprise,1,0,0.0,0,,0
U105842,2024-12-05,Business,NA,Partner,SMB,6,174,31.0,0,,0
U105843,2025-04-09,Business,APAC,Organic,SMB,28,812,22.0,2,1.6,0
U105844,2024-07-30,Starter,NA,Organic,SMB,6,72,4.0,0,,0
U105845,2024-05-01,Starter,,Organic,Mid-Market,5,60,12.0,1,3.6,0
U105846,2025-02-22,Free,NA,Organic,SMB,1,0,0.0,1,4.9,0
U105847,2025-03-04,Free,EMEA,Organic,SMB,1,0,12.0,1,4.1,0
U105848,2024-06-16,Free,EMEA,Organic,Mid-Market,1,0,14.0,0,,0
U105849,2025-05-21,Free,APAC,Organic,SMB,1,0,0.0,0,,0
U105850,2024-03-21,Free,EMEA,Organic,Mid-Market,1,0,20.0,1,3.2,0
U105851,2024-04-07,Free,EMEA,Organic,SMB,1,0,0.0,0,,0
U105852,2025-01-07,Free,EMEA,Referral,Mid-Market,1,0,2.0,0,,0
U105853,2024-06-23,Starter,APAC,Organic,Enterprise,2,24,10.0,1,4.4,0
U105854,2024-07-22,Business,EMEA,Organic,Enterprise,18,522,22.0,1,3.6,0
U105855,2024-03-21,Free,NA,Referral,Enterprise,1,0,10.0,1,4.7,1
U105856,2024-10-04,Free,EMEA,Organic,SMB,1,0,9.0,0,,0
U105857,2024-03-03,Business,APAC,Organic,SMB,16,464,16.0,2,4.7,0
U105858,2025-05-24,Free,APAC,Referral,SMB,1,0,0.0,0,,0
U105859,2024-11-21,Free,LATAM,Partner,SMB,1,0,7.0,1,5.0,0
U105860,2024-09-15,Starter,APAC,Paid,SMB,4,48,11.0,1,5.0,0
U105861,2025-03-25,Business,LATAM,Organic,SMB,21,609,,0,,0
U105862,2025-05-13,Free,LATAM,Organic,SMB,1,0,4.0,0,,0
U105863,2025-04-23,Starter,EMEA,Organic,Mid-Market,2,24,0.0,2,2.8,1
U105864,2024-01-18,Starter,NA,Organic,SMB,3,36,13.0,1,5.0,0
U105865,2024-09-29,Free,LATAM,Partner,SMB,1,0,20.0,0,,0
U105866,2024-09-30,Free,NA,Paid,SMB,1,0,11.0,0,,0
U105867,2024-11-07,Starter,EMEA,Organic,SMB,3,36,11.0,1,3.6,0
U105868,2024-03-26,Starter,EMEA,Paid,SMB,3,36,22.0,1,3.6,0
U105869,2024-04-18,Free,LATAM,Organic,Mid-Market,1,0,2.0,0,,1
U105870,2024-07-04,Starter,NA,Partner,SMB,7,84,15.0,1,5.0,1
U105871,2025-05-09,Starter,APAC,Organic,SMB,4,48,20.0,1,3.8,0
U105872,2024-09-27,Free,EMEA,Organic,SMB,1,0,2.0,0,,1
U105873,2024-10-23,Business,LATAM,Organic,SMB,13,377,12.0,1,3.3,1
U105874,2024-06-11,Free,EMEA,Partner,Mid-Market,1,0,3.0,1,5.0,0
U105875,2024-04-14,Starter,EMEA,Referral,Enterprise,2,24,0.0,2,4.1,1
U105876,2025-06-12,Free,EMEA,Paid,SMB,1,0,17.0,0,,1
U105877,2025-05-28,Starter,APAC,Organic,SMB,7,84,2.0,1,4.2,1
U105878,2025-05-17,Free,APAC,Referral,SMB,1,0,,0,,0
U105879,2024-08-24,Free,LATAM,Paid,Mid-Market,1,0,3.0,0,,0
U105880,2025-05-09,Free,NA,Referral,Mid-Market,1,0,6.0,0,,0
U105881,2024-08-20,Starter,LATAM,Partner,SMB,2,24,12.0,2,3.2,0
U105882,2024-10-29,Free,NA,Organic,SMB,1,0,9.0,1,4.7,0
U105883,2024-09-15,Business,NA,Partner,SMB,35,1015,18.0,1,2.8,0
U105884,2024-09-30,Business,NA,Organic,SMB,39,1131,24.0,2,4.2,0
U105885,2024-08-13,Business,LATAM,Organic,Mid-Market,9,261,5.0,2,3.7,0
U105886,2024-06-10,Starter,NA,Organic,SMB,3,36,20.0,0,,0
U105887,2025-06-14,Free,NA,Organic,SMB,1,0,12.0,0,,0
U105888,2024-02-28,Free,EMEA,Organic,SMB,1,0,0.0,0,,0
U105889,2025-06-15,Free,LATAM,Organic,SMB,1,0,7.0,0,,0
U105890,2024-02-04,Business,APAC,Partner,Enterprise,35,1015,32.0,1,5.0,0
U105891,2024-08-03,Starter,NA,Paid,Mid-Market,5,60,23.0,0,,0
U105892,2024-08-15,Starter,NA,Organic,Mid-Market,6,72,17.0,2,4.2,0
U105893,2024-11-20,Free,NA,Organic,SMB,1,0,0.0,0,,0
U105894,2024-06-23,Free,NA,Paid,SMB,1,0,11.0,0,,1
U105895,2025-01-26,Enterprise,EMEA,Paid,SMB,252,12348,32.0,3,4.4,0
U105896,2024-01-18,Starter,LATAM,Partner,SMB,2,24,19.0,1,3.7,0
U105897,2025-03-08,Starter,NA,Paid,Mid-Market,2,24,16.0,1,5.0,0
U105898,2024-10-25,Free,EMEA,Paid,Mid-Market,1,0,0.0,0,,0
U105899,2024-02-27,Business,EMEA,Referral,Enterprise,28,812,23.0,0,,0
U105900,2024-02-28,Starter,EMEA,Organic,Mid-Market,6,72,14.0,0,,0
U105901,2024-10-12,Free,EMEA,Referral,Enterprise,1,0,0.0,0,,0
U105902,2024-01-25,Enterprise,NA,Organic,Enterprise,161,7889,17.0,3,5.0,1
U105903,2024-02-07,Starter,EMEA,Paid,Enterprise,6,72,20.0,1,4.5,0
U105904,2024-10-25,Free,NA,Organic,Enterprise,1,0,6.0,0,,0
U105905,2025-04-10,Free,NA,Organic,SMB,1,0,8.0,0,,0
U105906,2025-01-26,Free,EMEA,Organic,SMB,1,0,5.0,1,4.0,0
U105907,2024-02-25,Starter,APAC,Referral,SMB,7,84,9.0,2,3.6,1
U105908,2024-08-03,Free,NA,Organic,Enterprise,1,0,16.0,0,,0
U105909,2024-09-27,Free,NA,Partner,Mid-Market,1,0,10.0,0,,0
U105910,2025-04-03,Free,EMEA,Paid,Mid-Market,1,0,11.0,0,,0
U105911,2025-03-29,Business,EMEA,Organic,SMB,6,174,14.0,0,,0
U105912,2025-02-08,Free,LATAM,Organic,SMB,1,0,0.0,0,,0
U105913,2024-04-18,Free,EMEA,Organic,SMB,1,0,14.0,1,5.0,0
U105914,2025-04-03,Starter,APAC,Organic,SMB,6,72,13.0,0,,0
U105915,2025-05-23,Starter,EMEA,Paid,Mid-Market,4,48,20.0,1,2.4,0
U105916,2024-05-16,Starter,NA,Organic,SMB,6,72,23.0,0,,0
U105917,2025-01-01,Free,LATAM,Referral,SMB,1,0,0.0,0,,0
U105918,2024-05-17,Starter,EMEA,Organic,SMB,6,72,14.0,1,4.9,1
U105919,2024-04-16,Free,,Paid,SMB,1,0,9.0,0,,0
U105920,2024-08-16,Starter,NA,Referral,Enterprise,2,24,19.0,1,4.1,0
U105921,2024-11-22,starter,EMEA,Partner,SMB,7,84,9.0,0,,0
U105922,2024-04-08,Starter,EMEA,Organic,Mid-Market,2,24,14.0,1,3.3,0
U105923,2024-11-23,Starter,EMEA,Referral,SMB,2,24,0.0,1,3.4,0
U105924,2025-03-18,Free,EMEA,Paid,Enterprise,1,0,18.0,0,,0
U105925,2025-05-05,Free,NA,Partner,SMB,1,0,6.0,0,,0
U105926,2025-04-13,Free,NA,Paid,SMB,1,0,6.0,0,,0
U105927,2025-04-08,Free,NA,Organic,SMB,1,0,4.0,1,5.0,0
U105928,2024-07-28,Free,NA,Organic,Enterprise,1,0,0.0,0,,0
U105929,2024-09-28,Business,NA,Organic,SMB,7,203,32.0,2,3.7,0
U105930,2025-06-22,Starter,APAC,Paid,SMB,5,60,20.0,1,4.3,0
U105931,2025-03-06,Starter,NA,Organic,SMB,5,60,12.0,0,,0
U105932,2025-01-18,Free,NA,Paid,Enterprise,1,0,0.0,2,2.5,0
U105933,2025-06-23,Free,,Organic,SMB,1,0,5.0,0,,0
U105934,2024-12-28,Free,NA,Paid,Enterprise,1,0,9.0,0,,0
U105935,2024-10-17,Free,APAC,Organic,Mid-Market,1,0,4.0,0,,0
U105936,2025-01-26,Free,NA,Organic,SMB,1,0,4.0,0,,0
U105937,2024-10-15,Starter,EMEA,Organic,SMB,2,24,22.0,1,3.8,0
U105938,2025-02-23,Starter,LATAM,Organic,Mid-Market,7,84,15.0,0,,0
U105939,2024-02-08,Enterprise,NA,Referral,SMB,259,12691,24.0,2,2.9,0
U105940,2024-10-04,Starter,NA,Organic,SMB,4,48,14.0,1,5.0,1
U105941,2025-03-30,Free,EMEA,Organic,Mid-Market,1,0,11.0,0,,1
U105942,2024-03-16,Starter,LATAM,Paid,Mid-Market,5,60,5.0,0,,0
U105943,2025-06-12,Free,NA,Paid,Mid-Market,1,0,17.0,1,4.1,0
U105944,2025-06-06,Business,NA,Organic,SMB,24,696,24.0,0,,0
U105945,2025-03-03,Starter,APAC,Paid,SMB,7,84,,2,3.7,0
U105946,2024-10-30,Starter,LATAM,Organic,SMB,5,60,6.0,1,4.3,0
U105947,2024-03-25,Enterprise,,Referral,SMB,215,10535,33.0,1,4.0,0
U105948,2024-01-13,Free,APAC,Referral,SMB,1,0,3.0,0,,1
U105949,2025-04-01,Free,EMEA,Paid,Mid-Market,1,0,0.0,1,3.2,0
U105950,2024-09-23,Starter,,Paid,SMB,6,72,,1,4.6,0
U105951,2025-04-13,Free,NA,Referral,SMB,1,0,0.0,0,,0
U105952,2024-09-26,Free,NA,Organic,SMB,1,0,3.0,0,,0
U105953,2024-02-19,Free,NA,Partner,SMB,1,0,14.0,0,,0
U105954,2025-04-09,Free,NA,Referral,SMB,1,0,0.0,0,,1
U105955,2024-08-05,business,EMEA,Organic,SMB,19,551,28.0,1,4.8,1
U105956,2025-05-23,free,NA,Organic,SMB,1,0,2.0,1,3.4,0
U105957,2024-05-16,Free,EMEA,Organic,SMB,1,0,8.0,1,4.0,0
U105958,2024-08-07,Business,NA,Organic,SMB,10,290,20.0,2,2.9,1
U105959,2025-05-07,Starter,,Organic,SMB,5,60,22.0,1,4.7,0
U105960,2025-02-27,Free,EMEA,Paid,SMB,1,0,7.0,0,,0
U105961,2024-10-26,Enterprise,EMEA,Organic,Mid-Market,257,12593,27.0,0,,0
U105962,2025-01-06,Free,APAC,Organic,SMB,1,0,16.0,1,4.4,0
U105963,2024-09-17,Business,EMEA,Paid,SMB,8,232,27.0,3,2.5,0
U105964,2024-08-12,Enterprise,APAC,Paid,SMB,36,1764,22.0,6,4.4,0
U105965,2025-04-01,Starter,APAC,Partner,Mid-Market,3,36,12.0,0,,0
U105966,2024-05-04,Free,NA,Paid,SMB,1,0,4.0,0,,0
U105967,2025-03-07,Free,EMEA,Organic,Mid-Market,1,0,6.0,0,,0
U105968,2024-07-25,Free,APAC,Organic,SMB,1,0,14.0,1,5.0,1
U105969,2025-05-04,Business,,Organic,SMB,28,812,18.0,2,4.6,0
U105970,2025-01-12,Starter,LATAM,Referral,Mid-Market,2,24,18.0,1,4.8,0
U105971,2025-02-16,Free,NA,Organic,SMB,1,0,7.0,0,,0
U105972,2024-02-22,Business,APAC,Paid,SMB,32,928,29.0,3,2.1,0
U105973,2024-06-10,Business,EMEA,Organic,SMB,31,899,25.0,1,4.7,0
U105974,2024-04-01,Free,EMEA,Organic,SMB,1,0,6.0,0,,0
U105975,2024-07-06,Free,LATAM,Partner,SMB,1,0,1.0,0,,1
U105976,2025-01-09,starter,NA,Referral,Mid-Market,3,36,9.0,0,,0
U105977,2025-01-23,Free,NA,Organic,Enterprise,1,0,15.0,0,,0
U105978,2025-01-07,Starter,NA,Paid,Mid-Market,2,24,20.0,0,,0
U105979,2024-10-02,Business,EMEA,Organic,Enterprise,6,174,12.0,0,,0
U105980,2024-12-25,Free,NA,Paid,Mid-Market,1,0,0.0,0,,0
U105981,2024-07-06,Free,EMEA,Organic,SMB,1,0,16.0,1,3.7,0
U105982,2024-10-29,Starter,APAC,Organic,SMB,6,72,12.0,0,,0
U105983,2024-03-15,Starter,NA,Organic,SMB,6,72,13.0,0,,1
U105984,2024-05-22,Free,EMEA,Referral,SMB,1,0,1.0,1,5.0,1
U105985,2024-12-07,Enterprise,NA,Organic,SMB,172,8428,42.0,3,4.2,0
U105986,2024-01-19,Starter,APAC,Referral,SMB,4,48,12.0,0,,0
U105987,2025-06-19,Business,NA,Organic,SMB,30,870,,2,3.2,0
U105988,2025-04-10,Starter,,Organic,Enterprise,2,24,16.0,1,3.9,0
U105989,2025-05-27,Free,NA,Organic,Mid-Market,1,0,17.0,0,,0
U105990,2024-02-05,Free,NA,Organic,Enterprise,1,0,3.0,1,4.7,1
U105991,2024-12-08,Starter,EMEA,Organic,SMB,4,48,11.0,2,5.0,0
U105992,2024-03-09,Starter,APAC,Paid,SMB,3,36,12.0,3,4.5,1
U105993,2024-06-19,Free,EMEA,Organic,Mid-Market,1,0,0.0,1,4.3,0
U105994,2025-02-07,Free,EMEA,Organic,SMB,1,0,3.0,1,3.3,0
U105995,2025-06-06,Business,APAC,Organic,SMB,32,928,15.0,1,3.2,0
U105996,2024-07-16,Business,EMEA,Paid,SMB,7,203,19.0,1,4.1,0
U105997,2024-04-01,Starter,EMEA,Organic,SMB,2,24,14.0,1,4.2,0
U105998,2024-12-08,Free,,Partner,SMB,1,0,1.0,1,4.2,0
U105999,2024-09-25,Enterprise,NA,Paid,SMB,175,8575,22.0,0,,0
U106000,2024-04-18,Free,EMEA,Organic,SMB,1,0,0.0,0,,0
U106001,2024-06-09,Free,EMEA,Organic,Mid-Market,1,0,10.0,0,,0
U106002,2024-09-27,Starter,EMEA,Organic,SMB,7,84,23.0,2,4.2,0
U106003,2024-09-03,Free,,Partner,Mid-Market,1,0,,1,4.1,1
U106004,2024-05-13,Starter,APAC,Organic,SMB,4,48,5.0,1,4.8,0
U106005,2024-09-03,Business,EMEA,Organic,Mid-Market,7,203,20.0,3,2.4,0
U106006,2024-04-15,Starter,EMEA,Organic,SMB,6,72,20.0,1,3.3,0
U106007,2024-04-04,Free,LATAM,Referral,Enterprise,1,0,9.0,0,,0
U106008,2024-02-21,Starter,EMEA,Organic,Mid-Market,5,60,8.0,1,5.0,0
U106009,2025-04-06,Business,NA,Organic,SMB,38,1102,20.0,5,2.4,0
U106010,2024-11-29,Free,EMEA,Referral,SMB,1,0,12.0,0,,0
U106011,2024-01-22,Enterprise,APAC,Organic,SMB,54,2646,30.0,4,2.8,0
U106012,2025-04-04,Free,NA,Paid,SMB,1,0,17.0,0,,0
U106013,2024-01-28,Free,NA,Referral,Mid-Market,1,0,11.0,0,,0
U106014,2024-10-03,Starter,LATAM,Paid,Enterprise,6,72,8.0,1,4.2,1
U106015,2024-10-07,Starter,EMEA,Paid,Mid-Market,6,72,8.0,1,4.1,0
U106016,2025-01-24,Business,NA,Paid,SMB,33,957,15.0,1,3.5,0
U106017,2024-07-19,Starter,LATAM,Organic,SMB,2,24,2.0,0,,0
U106018,2024-08-08,Free,APAC,Paid,SMB,1,0,4.0,1,3.5,1
U106019,2024-11-01,Free,NA,Referral,Mid-Market,1,0,1.0,0,,1
U106020,2024-03-22,Starter,,Organic,Mid-Market,6,72,15.0,1,3.8,1
U106021,2024-07-31,Starter,NA,Referral,SMB,5,60,23.0,0,,0
U106022,2024-08-07,Free,LATAM,Organic,Enterprise,1,0,0.0,0,,1
U106023,2024-11-06,Business,NA,Paid,SMB,12,348,19.0,0,,0
U106024,2024-05-22,Starter,,Partner,SMB,2,24,12.0,3,2.8,0
U106025,2025-02-16,Free,NA,Referral,SMB,1,0,7.0,0,,1
U106026,2025-01-19,Starter,NA,Organic,SMB,4,48,12.0,0,,0
U106027,2024-09-13,Free,EMEA,Paid,SMB,1,0,12.0,2,3.5,0
U106028,2024-05-02,Free,NA,Organic,Mid-Market,1,0,9.0,0,,1
U106029,2025-04-24,Free,NA,Organic,SMB,1,0,0.0,0,,0
U106030,2024-12-24,Free,APAC,Referral,Enterprise,1,0,8.0,0,,0
U106031,2025-03-25,Business,NA,Organic,Mid-Market,24,696,20.0,3,4.4,0
U106032,2024-10-26,Starter,EMEA,Organic,Mid-Market,4,48,15.0,2,3.1,0
U106033,2024-03-21,Free,NA,Paid,SMB,1,0,1.0,0,,0
U106034,2025-01-24,Starter,LATAM,Paid,SMB,2,24,26.0,0,,0
U106035,2025-03-12,Free,NA,Referral,SMB,1,0,8.0,0,,0
U106036,2025-04-06,Starter,APAC,Organic,Mid-Market,7,84,18.0,0,,0
U106037,2025-03-11,Free,APAC,Organic,SMB,1,0,4.0,0,,0
U106038,2024-08-21,Business,NA,Paid,SMB,8,232,27.0,0,,0
U106039,2024-08-26,Free,LATAM,Organic,Mid-Market,1,0,0.0,1,4.9,0
U106040,2024-04-14,Free,LATAM,Organic,SMB,1,0,5.0,0,,1
U106041,2024-04-25,Free,NA,Organic,SMB,1,0,7.0,0,,0
U106042,2024-09-15,Starter,NA,Organic,SMB,3,36,8.0,0,,0
U106043,2024-11-29,Free,LATAM,Organic,SMB,1,0,3.0,1,4.3,0
U106044,2024-05-06,Business,EMEA,Organic,SMB,29,841,21.0,0,,0
U106045,2025-03-30,Free,EMEA,Referral,Mid-Market,1,0,0.0,0,,1
U106046,2024-09-09,Starter,EMEA,Paid,Mid-Market,5,60,12.0,0,,0
U106047,2024-12-15,Free,APAC,Paid,SMB,1,0,2.0,0,,0
U106048,2024-10-20,Free,APAC,Organic,SMB,1,0,14.0,0,,0
U106049,2025-05-08,Business,EMEA,Organic,SMB,15,435,22.0,2,2.8,0
U106050,2024-03-04,Enterprise,NA,Partner,Enterprise,111,5439,22.0,3,2.7,0
U106051,2024-04-06,Starter,NA,Organic,Mid-Market,6,72,1.0,0,,1
U106052,2025-01-02,Free,LATAM,Organic,SMB,1,0,13.0,0,,0
U106053,2025-02-01,Free,LATAM,Organic,Mid-Market,1,0,1.0,0,,0
U106054,2024-06-18,Enterprise,EMEA,Referral,SMB,49,2401,,4,4.3,0
U106055,2024-03-27,Starter,NA,Organic,SMB,3,36,15.0,2,4.7,0
U106056,2024-10-30,Starter,EMEA,Organic,Mid-Market,4,48,5.0,0,,0
U106057,2024-07-29,Starter,EMEA,Organic,SMB,4,48,4.0,1,4.4,1
U106058,2024-03-29,Free,NA,Organic,Mid-Market,1,0,8.0,0,,1
U106059,2024-03-28,Free,EMEA,Organic,SMB,1,0,8.0,0,,0
U106060,2025-01-04,starter,NA,Partner,SMB,2,24,17.0,0,,0
U106061,2024-12-27,Free,EMEA,Organic,SMB,1,0,7.0,0,,0
U106062,2024-10-31,Business,LATAM,Partner,SMB,32,928,19.0,1,4.8,1
U106063,2025-01-09,Starter,EMEA,Organic,Mid-Market,7,84,17.0,3,3.0,0
U106064,2024-11-02,Starter,APAC,Organic,Enterprise,7,84,22.0,2,3.8,0
U106065,2024-09-07,Starter,LATAM,Organic,SMB,3,36,20.0,1,4.2,0
U106066,2025-04-02,Starter,LATAM,Partner,SMB,7,84,18.0,4,4.2,0
U106067,2025-02-26,Business,APAC,Referral,SMB,11,319,19.0,5,3.2,1
U106068,2024-05-22,Free,EMEA,Referral,SMB,1,0,19.0,0,,0
U106069,2024-05-11,Free,LATAM,Organic,Mid-Market,1,0,6.0,0,,0
U106070,2025-04-10,Business,APAC,Referral,Mid-Market,14,406,,2,2.0,1
U106071,2025-01-17,Business,NA,Referral,SMB,19,551,10.0,3,2.9,0
U106072,2025-03-31,starter,NA,Paid,SMB,3,36,14.0,0,,0
U106073,2025-05-01,Free,NA,Partner,Mid-Market,1,0,0.0,0,,1
U106074,2024-02-03,Starter,EMEA,Organic,Enterprise,3,36,9.0,1,3.5,1
U106075,2025-05-16,Starter,NA,Organic,SMB,5,60,6.0,2,3.8,1
U106076,2024-08-06,Enterprise,NA,Referral,SMB,225,11025,19.0,1,3.1,0
U106077,2025-06-12,Starter,LATAM,Organic,SMB,5,60,21.0,1,4.2,0
U106078,2024-06-14,Starter,LATAM,Organic,SMB,7,84,13.0,0,,1
U106079,2025-06-04,Starter,APAC,Paid,SMB,3,36,7.0,1,4.7,0
U106080,2024-08-10,Starter,NA,Organic,SMB,6,72,,1,3.9,1
U106081,2024-11-01,Free,LATAM,Organic,SMB,1,0,0.0,0,,0
U106082,2024-04-18,Starter,NA,Referral,Mid-Market,4,48,7.0,0,,0
U106083,2025-01-27,Free,EMEA,Paid,Mid-Market,1,0,5.0,0,,1
U106084,2025-06-01,Enterprise,EMEA,Organic,SMB,197,9653,29.0,5,3.2,0
U106085,2025-06-06,Business,EMEA,Partner,Mid-Market,30,870,22.0,2,3.4,0
U106086,2025-02-22,starter,EMEA,Organic,Enterprise,4,48,12.0,0,,0
U106087,2024-02-17,Free,EMEA,Organic,SMB,1,0,7.0,1,3.3,0
U106088,2025-02-27,Free,NA,Organic,Enterprise,1,0,0.0,0,,1
U106089,2024-10-13,Free,EMEA,Organic,SMB,1,0,0.0,0,,1
U106090,2024-07-03,Business,EMEA,Organic,Mid-Market,10,290,37.0,1,3.8,0
U106091,2025-04-10,Business,NA,Paid,SMB,10,290,18.0,2,3.2,0
U106092,2025-04-14,Free,NA,Referral,SMB,1,0,0.0,1,4.6,0
U106093,2024-04-27,Business,,Organic,SMB,11,319,37.0,1,4.5,0
U106094,2025-04-15,Free,LATAM,Organic,Mid-Market,1,0,12.0,0,,0
U106095,2025-03-04,Business,APAC,Partner,Mid-Market,25,725,25.0,4,3.7,0
U106096,2024-03-11,Starter,APAC,Paid,SMB,5,60,17.0,1,4.3,0
U106097,2024-07-21,Starter,NA,Organic,SMB,3,36,10.0,0,,0
U106098,2024-04-20,Free,LATAM,Paid,SMB,1,0,0.0,0,,0
U106099,2024-06-05,Free,NA,Paid,Mid-Market,1,0,2.0,0,,1
U106100,2024-08-31,Free,NA,Referral,Mid-Market,1,0,11.0,0,,0
U106101,2024-06-16,Enterprise,NA,Organic,SMB,241,11809,33.0,4,2.6,1
U106102,2024-05-08,Starter,EMEA,Paid,SMB,4,48,13.0,0,,0
U106103,2024-06-18,Starter,NA,Paid,SMB,4,48,21.0,0,,0
U106104,2024-01-07,Starter,EMEA,Referral,Mid-Market,6,72,20.0,0,,0
U106105,2025-02-09,Enterprise,APAC,Paid,SMB,38,1862,35.0,2,4.1,0
U106106,2024-07-14,Free,EMEA,Paid,SMB,1,0,0.0,1,3.9,0
U106107,2024-10-18,Starter,EMEA,Paid,Mid-Market,7,84,13.0,1,4.0,0
U106108,2024-11-27,Business,NA,Referral,Mid-Market,16,464,23.0,0,,0
U106109,2025-06-14,Free,NA,Organic,Enterprise,1,0,4.0,0,,0
U106110,2024-04-27,Free,NA,Referral,SMB,1,0,11.0,0,,0
U106111,2025-06-23,Free,NA,Referral,Enterprise,1,0,5.0,0,,1
U106112,2024-11-30,Starter,APAC,Organic,SMB,4,48,22.0,0,,0
U106113,2024-08-25,Starter,NA,Organic,SMB,7,84,9.0,0,,0
U106114,2025-02-09,Free,EMEA,Organic,Mid-Market,1,0,10.0,0,,0
U106115,2024-06-29,Business,NA,Organic,SMB,36,1044,16.0,1,3.9,0
U106116,2024-10-18,Free,NA,Organic,SMB,1,0,1.0,0,,0
U106117,2024-08-18,Business,APAC,Organic,Mid-Market,28,812,27.0,0,,0
U106118,2024-04-12,Free,NA,Referral,SMB,1,0,14.0,0,,1
U106119,2024-02-08,Free,EMEA,Organic,SMB,1,0,0.0,1,4.8,0
U106120,2024-11-28,Starter,APAC,Organic,SMB,2,24,15.0,3,2.7,1
U106121,2024-07-06,Starter,NA,Organic,Mid-Market,3,36,22.0,1,5.0,0
U106122,2024-09-24,Free,APAC,Organic,SMB,1,0,2.0,1,4.8,0
U106123,2024-08-25,Free,EMEA,Referral,SMB,1,0,4.0,0,,0
U106124,2025-01-19,Starter,EMEA,Organic,Mid-Market,2,24,19.0,0,,0
U106125,2025-01-07,Starter,NA,Paid,SMB,6,72,11.0,1,3.6,0
U106126,2024-05-08,Free,NA,Referral,SMB,1,0,11.0,0,,0
U106127,2024-08-11,Free,APAC,Organic,SMB,1,0,7.0,0,,1
U106128,2024-04-14,Business,APAC,Referral,SMB,10,290,11.0,1,4.2,0
U106129,2024-12-16,Enterprise,APAC,Paid,Enterprise,163,7987,21.0,3,3.3,0
U106130,2025-01-19,Starter,NA,Referral,SMB,2,24,10.0,0,,0
U106131,2024-11-02,Starter,LATAM,Referral,SMB,6,72,23.0,1,3.2,0
U106132,2024-08-17,Business,NA,Paid,Mid-Market,35,1015,11.0,4,4.0,0
U106133,2024-01-06,Starter,APAC,Paid,SMB,6,72,0.0,0,,0
U106134,2024-11-23,Free,NA,Organic,Mid-Market,1,0,7.0,1,5.0,0
U106135,2024-11-17,Starter,NA,Paid,SMB,3,36,0.0,0,,0
U106136,2025-06-04,Free,LATAM,Paid,SMB,1,0,14.0,0,,1
U106137,2024-12-13,Free,NA,Organic,Mid-Market,1,0,0.0,0,,1
U106138,2025-04-20,Starter,NA,Organic,SMB,6,72,12.0,2,2.7,0
U106139,2025-06-04,Starter,NA,Organic,SMB,5,60,13.0,0,,0
U106140,2024-05-11,Free,LATAM,Organic,SMB,1,0,13.0,0,,1
U106141,2025-04-21,Starter,NA,Referral,SMB,4,48,20.0,3,3.6,0
U106142,2024-12-14,Business,EMEA,Paid,SMB,31,899,24.0,0,,0
U106143,2025-05-29,Business,EMEA,Partner,SMB,38,1102,22.0,0,,0
U106144,2025-02-08,Business,NA,Organic,Mid-Market,26,754,36.0,0,,0
U106145,2024-09-30,Free,NA,Partner,SMB,1,0,0.0,0,,0
U106146,2024-12-10,Business,EMEA,Organic,Mid-Market,27,783,20.0,1,5.0,0
U106147,2025-03-19,Free,APAC,Organic,Mid-Market,1,0,20.0,0,,0
U106148,2025-01-27,Business,NA,Organic,Enterprise,25,725,27.0,3,4.7,1
U106149,2025-06-19,Free,NA,Organic,Mid-Market,1,0,6.0,0,,0
U106150,2024-08-23,Starter,LATAM,Organic,Mid-Market,2,24,11.0,1,3.7,1
U106151,2024-06-10,Business,APAC,Referral,SMB,6,174,13.0,1,5.0,0
U106152,2025-01-29,Starter,NA,Partner,SMB,7,84,19.0,0,,0
U106153,2024-06-20,Business,NA,Paid,SMB,10,290,19.0,0,,0
U106154,2024-04-25,Enterprise,EMEA,Organic,SMB,171,8379,24.0,3,3.5,0
U106155,2025-01-27,Free,LATAM,Paid,SMB,1,0,5.0,0,,0
U106156,2024-01-31,Starter,NA,Paid,SMB,3,36,12.0,1,3.9,0
U106157,2024-05-23,Starter,NA,Paid,Mid-Market,5,60,4.0,2,5.0,0
U106158,2024-01-21,Enterprise,APAC,Referral,SMB,267,13083,24.0,3,3.8,0
U106159,2025-05-26,Starter,APAC,Partner,SMB,4,48,11.0,3,2.7,0
U106160,2024-03-22,Starter,,Paid,Enterprise,5,60,20.0,1,2.6,0
U106161,2025-05-20,Business,NA,Organic,SMB,14,406,10.0,1,4.2,0
U106162,2025-03-17,Free,APAC,Paid,SMB,1,0,16.0,1,4.5,0
U106163,2024-10-10,Free,APAC,Partner,SMB,1,0,8.0,0,,0
U106164,2024-09-04,Enterprise,NA,Organic,SMB,251,12299,32.0,4,2.9,0
U106165,2024-10-20,Business,NA,Organic,SMB,39,1131,11.0,3,3.7,1
U106166,2024-01-29,Starter,EMEA,Organic,SMB,2,24,29.0,0,,0
U106167,2024-11-24,Free,NA,Organic,SMB,1,0,23.0,0,,0
U106168,2024-05-04,Starter,EMEA,Organic,Mid-Market,5,60,11.0,1,5.0,0
U106169,2024-01-30,Free,EMEA,Partner,Mid-Market,1,0,0.0,0,,0
U106170,2024-08-19,Starter,,Organic,SMB,2,24,12.0,0,,0
U106171,2024-06-08,Free,EMEA,Referral,SMB,1,0,8.0,0,,0
U106172,2025-01-23,Starter,APAC,Organic,SMB,3,36,19.0,2,1.8,0
U106173,2024-08-10,Business,NA,Referral,Enterprise,39,1131,15.0,1,4.6,0
U106174,2024-10-31,Free,NA,Partner,Mid-Market,1,0,17.0,0,,0
U106175,2025-01-22,Business,NA,Paid,Enterprise,26,754,32.0,3,3.1,0
U106176,2024-07-26,Starter,EMEA,Organic,Mid-Market,2,24,22.0,0,,0
U106177,2025-01-10,Free,NA,Organic,SMB,1,0,0.0,0,,1
U106178,2024-02-16,Free,NA,Organic,Mid-Market,1,0,7.0,2,3.2,0
U106179,2024-03-20,Free,EMEA,Paid,SMB,1,0,0.0,0,,0
U106180,2024-12-07,Starter,EMEA,Referral,SMB,6,72,10.0,0,,0
U106181,2025-05-25,Free,LATAM,Organic,Mid-Market,1,0,3.0,1,3.6,0
U106182,2024-10-30,Free,NA,Paid,Mid-Market,1,0,27.0,1,5.0,0
U106183,2024-04-02,Free,EMEA,Organic,SMB,1,0,0.0,0,,1
U106184,2025-03-20,Free,APAC,Paid,SMB,1,0,11.0,0,,1
U106185,2024-04-11,Starter,APAC,Paid,SMB,4,48,8.0,0,,0
U106186,2024-07-06,Enterprise,NA,Referral,Mid-Market,167,8183,31.0,1,5.0,0
U106187,2024-09-10,Enterprise,APAC,Referral,SMB,250,12250,31.0,4,2.9,0
U106188,2025-02-08,Business,EMEA,Referral,SMB,37,1073,19.0,3,3.4,1
U106189,2024-02-01,Business,APAC,Referral,SMB,19,551,16.0,1,5.0,0
U106190,2025-06-09,Business,APAC,Organic,SMB,12,348,20.0,6,2.3,0
U106191,2025-05-06,Free,EMEA,Paid,Enterprise,1,0,3.0,0,,0
U106192,2024-08-05,Starter,,Organic,SMB,3,36,13.0,1,4.9,0
U106193,2024-09-16,Starter,EMEA,Paid,Mid-Market,4,48,,1,4.2,1
U106194,2025-01-27,Free,NA,Organic,Mid-Market,1,0,11.0,0,,1
U106195,2024-10-30,Free,APAC,Organic,SMB,1,0,0.0,0,,0
U106196,2024-03-15,Free,NA,Organic,Enterprise,1,0,12.0,0,,0
U106197,2024-05-15,Free,NA,Paid,Enterprise,1,0,17.0,1,3.7,0
U106198,2025-05-19,Free,APAC,Organic,Enterprise,1,0,6.0,0,,0
U106199,2025-02-15,Free,NA,Paid,SMB,1,0,8.0,0,,0
U106200,2024-11-01,Business,NA,Paid,Mid-Market,24,696,17.0,0,,0
U106201,2024-05-24,Business,NA,Organic,Enterprise,30,870,23.0,0,,0
U106202,2024-09-01,free,NA,Referral,Mid-Market,1,0,18.0,0,,0
U106203,2024-05-13,Free,EMEA,Referral,Enterprise,1,0,7.0,0,,1
U106204,2025-03-21,Free,LATAM,Organic,SMB,1,0,9.0,0,,0
U106205,2024-12-10,Starter,NA,Organic,SMB,4,48,9.0,3,4.2,0
U106206,2024-09-02,Starter,EMEA,Paid,Mid-Market,6,72,16.0,3,4.0,1
U106207,2024-02-14,Free,APAC,Organic,SMB,1,0,12.0,0,,0
U106208,2024-03-03,Free,EMEA,Organic,SMB,1,0,0.0,0,,0
U106209,2024-06-17,Business,NA,Partner,Mid-Market,21,609,31.0,2,4.6,0
U106210,2025-06-12,Starter,EMEA,Referral,SMB,4,48,12.0,1,3.8,0
U106211,2024-05-23,Starter,EMEA,Paid,SMB,3,36,6.0,2,4.7,0
U106212,2024-06-06,Starter,EMEA,Paid,SMB,2,24,17.0,0,,0
U106213,2024-11-25,Starter,APAC,Paid,Mid-Market,3,36,28.0,2,3.8,0
U106214,2024-04-12,Free,LATAM,Organic,SMB,1,0,13.0,2,2.8,0
U106215,2024-09-12,Free,EMEA,Partner,SMB,1,0,0.0,0,,1
U106216,2025-04-16,Starter,EMEA,Referral,Enterprise,4,48,8.0,0,,0
U106217,2025-01-16,Business,NA,Organic,SMB,10,290,19.0,3,3.1,1
U106218,2024-02-10,Free,NA,Organic,Mid-Market,1,0,12.0,2,2.6,0
U106219,2024-08-05,Free,NA,Partner,Mid-Market,1,0,13.0,0,,0
U106220,2024-02-03,Starter,NA,Organic,SMB,3,36,7.0,2,4.2,0
U106221,2024-04-09,Free,EMEA,Organic,SMB,1,0,1.0,1,4.1,1
U106222,2024-05-01,Enterprise,EMEA,Organic,SMB,232,11368,37.0,1,4.2,0
U106223,2024-10-03,Free,NA,Organic,Mid-Market,1,0,10.0,1,3.7,0
U106224,2025-04-02,Free,NA,Organic,Mid-Market,1,0,9.0,1,4.8,0
U106225,2024-03-12,Business,EMEA,Paid,Mid-Market,20,580,11.0,4,3.1,1
U106226,2024-10-12,Business,NA,Referral,SMB,31,899,23.0,3,3.5,0
U106227,2024-11-13,Enterprise,NA,Partner,SMB,290,14210,25.0,1,3.8,0
U106228,2025-04-30,Free,EMEA,Paid,SMB,1,0,3.0,0,,0
U106229,2024-07-28,Free,APAC,Organic,Mid-Market,1,0,4.0,0,,0
U106230,2024-05-23,Starter,NA,Organic,Mid-Market,5,60,5.0,0,,0
U106231,2025-05-22,Starter,NA,Partner,SMB,5,60,13.0,0,,0
U106232,2025-02-20,Business,NA,Organic,SMB,38,1102,11.0,1,2.8,0
U106233,2024-03-24,Free,APAC,Referral,Mid-Market,1,0,0.0,0,,0
U106234,2024-07-08,Starter,EMEA,Referral,Mid-Market,4,48,6.0,1,3.2,1
U106235,2024-02-24,Free,LATAM,Organic,SMB,1,0,0.0,1,4.3,0
U106236,2025-03-10,Free,APAC,Organic,SMB,1,0,0.0,0,,1
U106237,2025-05-28,Free,NA,Organic,SMB,1,0,13.0,0,,0
U106238,2025-04-06,Enterprise,NA,Organic,SMB,53,2597,18.0,1,4.6,0
U106239,2024-08-08,Business,EMEA,Referral,SMB,10,290,22.0,0,,1
U106240,2025-05-16,Starter,LATAM,Organic,SMB,6,72,14.0,1,5.0,0
U106241,2024-04-10,Starter,APAC,Organic,SMB,4,48,15.0,1,4.7,0
U106242,2025-02-18,Free,NA,Paid,SMB,1,0,0.0,0,,1
U106243,2024-05-22,Free,NA,Organic,Mid-Market,1,0,9.0,0,,0
U106244,2024-03-01,Free,EMEA,Organic,SMB,1,0,0.0,1,4.0,0
U106245,2024-07-12,Free,EMEA,Organic,Mid-Market,1,0,0.0,0,,0
U106246,2024-08-18,Free,EMEA,Organic,Mid-Market,1,0,3.0,0,,0
U106247,2025-01-26,Enterprise,NA,Organic,Enterprise,181,8869,25.0,1,4.3,0
U106248,2025-04-09,Free,EMEA,Referral,SMB,1,0,6.0,1,4.6,1
U106249,2024-10-20,Free,APAC,Organic,Mid-Market,1,0,8.0,0,,0
U106250,2025-01-17,Starter,LATAM,Referral,SMB,2,24,12.0,1,4.1,0
U106251,2024-10-21,Starter,EMEA,Organic,SMB,7,84,14.0,1,4.7,0
U106252,2024-04-26,Starter,NA,Organic,Mid-Market,4,48,5.0,1,4.6,0
U106253,2024-03-15,Business,EMEA,Organic,SMB,7,203,5.0,0,,0
U106254,2025-03-08,Enterprise,APAC,Partner,SMB,96,4704,19.0,1,4.7,1
U106255,2024-03-20,Free,NA,Referral,SMB,1,0,9.0,1,3.6,0
U106256,2025-02-28,Free,APAC,Referral,SMB,1,0,0.0,0,,1
U106257,2024-06-15,Free,EMEA,Paid,SMB,1,0,0.0,0,,0
U106258,2024-10-10,Enterprise,EMEA,Organic,Mid-Market,148,7252,38.0,2,2.8,1
U106259,2025-04-20,Free,NA,Organic,Enterprise,1,0,3.0,0,,0
U106260,2024-09-11,Business,NA,Partner,Mid-Market,5,145,26.0,0,,0
U106261,2024-02-19,Enterprise,APAC,Referral,SMB,275,13475,18.0,2,5.0,0
U106262,2024-07-15,Free,NA,Referral,SMB,1,0,0.0,2,4.3,1
U106263,2024-12-03,Starter,EMEA,Organic,SMB,5,60,10.0,1,2.8,0
U106264,2025-06-12,Free,EMEA,Referral,Mid-Market,1,0,0.0,0,,0
U106265,2025-03-13,Free,LATAM,Paid,SMB,1,0,11.0,0,,0
U106266,2025-04-18,Enterprise,NA,Referral,SMB,177,8673,27.0,1,3.5,0
U106267,2025-06-19,Starter,NA,Referral,SMB,4,48,19.0,1,5.0,1
U106268,2025-04-16,Free,EMEA,Organic,SMB,1,0,,0,,1
U106269,2025-03-10,Free,NA,Organic,SMB,1,0,8.0,0,,0
U106270,2024-06-12,Free,EMEA,Referral,Enterprise,1,0,5.0,0,,0
U106271,2025-03-14,Starter,NA,Paid,Mid-Market,3,36,18.0,1,4.5,1
U106272,2024-06-26,Business,NA,Organic,SMB,15,435,5.0,2,3.7,0
U106273,2024-12-03,Business,NA,Organic,Mid-Market,24,696,30.0,4,5.0,0
U106274,2024-05-27,Free,APAC,Organic,SMB,1,0,5.0,2,3.0,0
U106275,2024-03-11,Enterprise,APAC,Organic,Enterprise,107,5243,15.0,2,4.0,0
U106276,2025-05-16,Business,APAC,Paid,SMB,8,232,11.0,2,1.8,0
U106277,2024-08-09,Starter,EMEA,Paid,SMB,2,24,19.0,0,,0
U106278,2024-12-11,Starter,EMEA,Organic,SMB,2,24,17.0,4,4.2,1
U106279,2025-06-20,Free,NA,Organic,Mid-Market,1,0,6.0,0,,0
U106280,2024-12-20,Free,NA,Organic,Mid-Market,1,0,16.0,0,,1
U106281,2024-11-29,Free,APAC,Referral,SMB,1,0,11.0,0,,1
U106282,2024-11-20,Starter,APAC,Organic,Enterprise,3,36,18.0,0,,0
U106283,2024-01-04,Starter,,Organic,Enterprise,6,72,16.0,1,4.4,0
U106284,2024-07-31,Starter,EMEA,Referral,SMB,3,36,6.0,1,4.7,0
U106285,2024-05-04,Business,EMEA,Paid,Enterprise,17,493,24.0,0,,0
U106286,2024-04-13,Enterprise,EMEA,Paid,SMB,183,8967,22.0,0,,0
U106287,2024-09-13,Free,EMEA,Organic,Mid-Market,1,0,17.0,0,,0
U106288,2024-10-25,Starter,APAC,Organic,Enterprise,6,72,14.0,1,4.3,0
U106289,2024-06-11,starter,NA,Partner,SMB,2,24,10.0,1,5.0,1
U106290,2024-11-13,Free,NA,Paid,SMB,1,0,23.0,0,,0
U106291,2024-02-05,Starter,EMEA,Organic,Mid-Market,3,36,29.0,0,,0
U106292,2024-06-26,Free,NA,Organic,Enterprise,1,0,15.0,0,,0
U106293,2024-04-18,Free,NA,Organic,Mid-Market,1,0,12.0,0,,0
U106294,2024-06-23,Free,APAC,Paid,SMB,1,0,3.0,0,,0
U106295,2025-02-23,Business,APAC,Organic,SMB,13,377,13.0,2,2.3,1
U106296,2024-05-01,Free,APAC,Organic,SMB,1,0,13.0,0,,0
U106297,2024-09-02,starter,EMEA,Organic,SMB,3,36,9.0,0,,1
U106298,2024-09-30,Free,NA,Partner,Enterprise,1,0,0.0,0,,0
U106299,2025-02-09,Starter,NA,Paid,SMB,2,24,18.0,0,,0
U106300,2024-07-06,Business,EMEA,Organic,SMB,38,1102,21.0,1,4.6,1
U106301,2024-10-04,Free,APAC,Referral,Mid-Market,1,0,7.0,0,,0
U106302,2024-03-05,Free,NA,Referral,SMB,1,0,10.0,0,,0
U106303,2024-09-18,Free,LATAM,Organic,Enterprise,1,0,2.0,0,,0
U106304,2024-08-01,Enterprise,EMEA,Referral,SMB,207,10143,18.0,2,4.5,0
U106305,2025-01-31,Business,NA,Referral,SMB,9,261,14.0,1,2.9,0
U106306,2024-01-31,Starter,NA,Partner,SMB,5,60,9.0,1,4.3,0
U106307,2024-12-06,Free,NA,Paid,SMB,1,0,9.0,1,4.6,0
U106308,2024-03-09,Business,EMEA,Organic,Mid-Market,11,319,15.0,5,4.8,0
U106309,2024-06-06,Free,EMEA,Organic,SMB,1,0,21.0,0,,1
U106310,2024-09-22,Free,NA,Paid,Mid-Market,1,0,3.0,0,,0
U106311,2024-04-24,Business,APAC,Paid,SMB,11,319,17.0,2,4.1,0
U106312,2024-07-17,Business,NA,Organic,SMB,36,1044,26.0,2,3.2,0
U106313,2024-01-13,Starter,APAC,Paid,SMB,3,36,2.0,2,3.7,1
U106314,2025-06-17,Business,EMEA,Paid,SMB,23,667,24.0,3,4.0,0
U106315,2025-03-28,Starter,NA,Organic,Mid-Market,6,72,9.0,1,4.1,0
U106316,2024-08-05,Enterprise,APAC,Partner,Mid-Market,251,12299,35.0,2,3.7,0
U106317,2024-02-09,Enterprise,APAC,Organic,SMB,222,10878,21.0,2,3.1,0
U106318,2024-09-17,Starter,EMEA,Organic,SMB,4,48,17.0,0,,0
U106319,2024-04-16,Free,NA,Organic,Enterprise,1,0,0.0,0,,0
U106320,2024-04-17,Starter,APAC,Organic,SMB,7,84,9.0,1,4.5,0
U106321,2024-01-04,Free,APAC,Referral,SMB,1,0,0.0,0,,0
U106322,2025-03-20,Starter,LATAM,Partner,SMB,5,60,9.0,1,4.3,0
U106323,2024-06-06,Starter,LATAM,Organic,Mid-Market,2,24,,1,4.7,0
U106324,2025-01-30,Free,LATAM,Referral,Mid-Market,1,0,19.0,0,,0
U106325,2025-02-28,Starter,EMEA,Paid,Mid-Market,7,84,24.0,0,,0
U106326,2024-02-18,Starter,EMEA,Referral,SMB,2,24,13.0,0,,0
U106327,2024-10-14,Free,LATAM,Referral,SMB,1,0,11.0,1,4.5,0
U106328,2024-02-15,Free,EMEA,Paid,SMB,1,0,6.0,1,4.1,0
U106329,2025-05-30,Free,EMEA,Organic,SMB,1,0,1.0,0,,1
U106330,2024-04-21,Free,LATAM,Paid,SMB,1,0,0.0,1,3.1,0
U106331,2024-06-18,Free,NA,Partner,Enterprise,1,0,2.0,0,,0
U106332,2025-05-25,Free,NA,Organic,SMB,1,0,5.0,0,,1
U106333,2024-06-08,Starter,APAC,Organic,Enterprise,4,48,18.0,1,4.2,0
U106334,2024-05-01,Free,APAC,Paid,SMB,1,0,0.0,0,,0
U106335,2025-03-21,Starter,NA,Paid,Mid-Market,2,24,26.0,1,4.4,0
U106336,2025-06-16,Enterprise,EMEA,Referral,Mid-Market,236,11564,22.0,3,2.5,1
U106337,2024-05-18,Enterprise,NA,Organic,SMB,77,3773,26.0,4,4.8,0
U106338,2024-03-16,free,EMEA,Paid,SMB,1,0,15.0,0,,0
U106339,2025-05-10,Free,NA,Organic,SMB,1,0,13.0,0,,0
U106340,2025-03-17,Free,EMEA,Organic,Mid-Market,1,0,16.0,0,,1
U106341,2025-06-21,Free,APAC,Referral,SMB,1,0,9.0,0,,0
U106342,2024-03-20,Starter,NA,Referral,SMB,4,48,12.0,0,,0
U106343,2025-01-01,Starter,EMEA,Referral,Mid-Market,7,84,15.0,0,,0
U106344,2025-05-15,Free,NA,Partner,SMB,1,0,4.0,0,,0
U106345,2025-02-15,Free,APAC,Organic,SMB,1,0,7.0,0,,0
U106346,2025-02-27,Free,EMEA,Referral,SMB,1,0,11.0,0,,0
U106347,2024-06-05,Free,NA,Referral,SMB,1,0,8.0,0,,0
U106348,2025-05-21,Free,NA,Paid,SMB,1,0,6.0,0,,0
U106349,2024-04-22,Business,EMEA,Partner,Mid-Market,37,1073,37.0,0,,0
U106350,2024-06-06,Free,APAC,Organic,SMB,1,0,0.0,1,4.2,1
U106351,2024-09-09,Enterprise,NA,Referral,Mid-Market,262,12838,19.0,1,3.1,0
U106352,2024-10-24,Starter,EMEA,Paid,SMB,3,36,17.0,0,,1
U106353,2024-04-21,Starter,EMEA,Organic,Mid-Market,4,48,6.0,2,3.1,1
U106354,2025-05-19,Starter,EMEA,Paid,SMB,6,72,17.0,2,3.1,0
U106355,2024-12-02,Starter,APAC,Paid,Mid-Market,5,60,22.0,0,,0
U106356,2024-04-19,Starter,NA,Organic,SMB,7,84,5.0,1,4.4,0
U106357,2025-03-06,Starter,EMEA,Partner,Enterprise,5,60,17.0,0,,0
U106358,2024-03-16,Free,APAC,Organic,SMB,1,0,15.0,0,,1
U106359,2025-01-04,Starter,NA,Organic,SMB,3,36,19.0,0,,1
U106360,2024-03-08,Free,EMEA,Organic,Mid-Market,1,0,4.0,0,,0
U106361,2024-07-06,Starter,APAC,Organic,SMB,7,84,20.0,1,5.0,0
U106362,2025-06-08,Enterprise,NA,Partner,SMB,204,9996,24.0,4,3.3,0
U106363,2025-05-11,Free,APAC,Organic,SMB,1,0,19.0,0,,0
U106364,2025-01-25,Free,LATAM,Organic,SMB,1,0,0.0,0,,0
U106365,2024-08-17,Free,LATAM,Organic,Mid-Market,1,0,1.0,0,,0
U106366,2024-02-24,Free,LATAM,Organic,SMB,1,0,0.0,1,3.5,1
U106367,2024-07-05,Enterprise,LATAM,Partner,Enterprise,291,14259,32.0,4,4.4,0
U106368,2024-10-06,Business,EMEA,Referral,SMB,6,174,11.0,0,,0
U106369,2024-07-30,Enterprise,APAC,Organic,Mid-Market,209,10241,18.0,1,5.0,0
U106370,2024-08-30,Free,NA,Paid,SMB,1,0,4.0,0,,0
U106371,2025-03-10,Free,NA,Organic,SMB,1,0,3.0,1,5.0,1
U106372,2024-12-25,Free,APAC,Referral,SMB,1,0,0.0,1,3.5,1
U106373,2024-04-30,Free,EMEA,Paid,SMB,1,0,3.0,1,3.7,1
U106374,2024-03-29,Business,NA,Organic,Mid-Market,20,580,32.0,2,3.5,0
U106375,2025-01-04,Business,EMEA,Organic,SMB,36,1044,24.0,0,,1
U106376,2024-06-05,Starter,APAC,Organic,Enterprise,5,60,5.0,1,3.7,0
U106377,2024-07-02,Free,APAC,Organic,Enterprise,1,0,12.0,1,4.0,0
U106378,2024-10-02,Business,EMEA,Paid,Enterprise,23,667,23.0,1,4.3,0
U106379,2024-09-20,Business,LATAM,Organic,Mid-Market,26,754,24.0,1,4.9,0
U106380,2024-12-28,Free,NA,Organic,Mid-Market,1,0,,0,,0
U106381,2024-12-05,Starter,NA,Referral,Mid-Market,7,84,22.0,1,4.6,0
U106382,2024-10-06,Free,NA,Referral,SMB,1,0,1.0,1,4.8,1
U106383,2025-02-18,business,NA,Paid,SMB,39,1131,26.0,2,3.7,0
U106384,2024-11-23,Free,NA,Organic,SMB,1,0,6.0,0,,0
U106385,2024-07-16,Starter,EMEA,Partner,SMB,4,48,21.0,2,3.6,1
U106386,2024-08-19,Enterprise,EMEA,Organic,SMB,238,11662,23.0,3,3.8,1
U106387,2024-01-30,Free,NA,Organic,SMB,1,0,4.0,0,,0
U106388,2024-01-04,free,LATAM,Referral,SMB,1,0,0.0,0,,0
U106389,2024-07-01,Free,EMEA,Paid,Mid-Market,1,0,7.0,0,,0
U106390,2024-02-18,Free,NA,Partner,SMB,1,0,3.0,1,3.5,1
U106391,2025-03-21,Free,EMEA,Organic,Mid-Market,1,0,15.0,1,4.4,0
U106392,2024-05-08,Free,NA,Organic,Enterprise,1,0,0.0,0,,0
U106393,2024-11-01,Starter,NA,Organic,SMB,6,72,15.0,0,,0
U106394,2024-01-14,Enterprise,NA,Paid,Enterprise,172,8428,35.0,3,3.0,0
U106395,2025-05-29,Starter,APAC,Referral,SMB,6,72,17.0,0,,0
U106396,2024-01-16,Starter,EMEA,Organic,SMB,3,36,15.0,0,,1
U106397,2024-05-11,Starter,APAC,Partner,Mid-Market,5,60,24.0,0,,0
U106398,2025-06-12,Starter,EMEA,Referral,Mid-Market,3,36,11.0,0,,0
U106399,2025-02-02,Enterprise,APAC,Organic,Mid-Market,198,9702,18.0,0,,0
U106400,2024-07-30,Free,APAC,Paid,SMB,1,0,0.0,0,,0
U106401,2025-06-18,Starter,LATAM,Paid,SMB,6,72,14.0,2,2.9,0
U106402,2024-12-07,Starter,EMEA,Paid,Enterprise,5,60,18.0,1,4.1,0
U106403,2024-05-30,Business,APAC,Organic,Mid-Market,29,841,14.0,1,4.5,1
U106404,2024-05-02,Starter,LATAM,Organic,Enterprise,4,48,15.0,1,4.0,0
U106405,2024-03-08,Business,NA,Paid,SMB,26,754,19.0,1,4.8,0
U106406,2025-06-06,Free,EMEA,Referral,Mid-Market,1,0,5.0,0,,0
U106407,2024-05-28,Free,APAC,Paid,Enterprise,1,0,1.0,0,,1
U106408,2024-07-20,Business,NA,Organic,Enterprise,24,696,26.0,3,4.2,0
U106409,2024-06-03,Free,NA,Paid,SMB,1,0,,0,,0
U106410,2025-01-30,Business,EMEA,Referral,Enterprise,9,261,21.0,0,,0
U106411,2025-05-30,Starter,LATAM,Referral,Mid-Market,5,60,17.0,0,,0
U106412,2024-03-29,Free,LATAM,Paid,SMB,1,0,2.0,0,,0
U106413,2025-03-10,Free,APAC,Paid,SMB,1,0,2.0,0,,0
U106414,2024-01-18,Business,APAC,Partner,SMB,9,261,22.0,1,5.0,0
U106415,2024-05-08,Free,EMEA,Paid,Mid-Market,1,0,1.0,0,,0
U106416,2024-09-09,Free,EMEA,Partner,SMB,1,0,3.0,0,,0
U106417,2024-10-25,Starter,EMEA,Partner,SMB,6,72,12.0,4,2.2,0
U106418,2024-01-15,Starter,NA,Organic,SMB,3,36,11.0,3,4.5,1
U106419,2024-08-04,Free,NA,Organic,SMB,1,0,0.0,0,,1
U106420,2024-08-30,Free,APAC,Referral,SMB,1,0,8.0,0,,0
U106421,2025-04-27,Starter,EMEA,Paid,SMB,6,72,23.0,0,,0
U106422,2024-05-08,Free,LATAM,Paid,SMB,1,0,3.0,0,,0
U106423,2025-02-19,Free,EMEA,Organic,SMB,1,0,2.0,1,3.7,0
U106424,2025-06-15,Business,LATAM,Partner,SMB,16,464,25.0,2,3.8,0
U106425,2024-10-18,Business,APAC,Paid,SMB,21,609,14.0,0,,0
U106426,2024-11-02,Starter,NA,Paid,SMB,2,24,12.0,0,,0
U106427,2024-09-20,Starter,NA,Organic,Mid-Market,7,84,9.0,0,,0
U106428,2025-01-07,Free,NA,Partner,SMB,1,0,0.0,1,4.7,0
U106429,2025-01-14,Business,APAC,Organic,Mid-Market,29,841,25.0,3,1.7,0
U106430,2024-10-31,Free,NA,Organic,SMB,1,0,,0,,0
U106431,2024-08-08,Free,LATAM,Referral,Mid-Market,1,0,1.0,0,,0
U106432,2024-03-19,Free,NA,Referral,SMB,1,0,4.0,0,,0
U106433,2024-06-27,Starter,EMEA,Organic,SMB,2,24,23.0,1,5.0,0
U106434,2025-02-04,Starter,,Organic,SMB,7,84,17.0,0,,0
U106435,2024-10-25,Starter,APAC,Organic,SMB,5,60,12.0,0,,0
U106436,2024-09-05,Starter,EMEA,Partner,SMB,2,24,29.0,0,,0
U106437,2025-01-16,Starter,EMEA,Paid,Enterprise,2,24,9.0,2,3.3,0
U106438,2024-12-25,Free,APAC,Organic,SMB,1,0,0.0,0,,0
U106439,2024-05-11,Business,NA,Organic,SMB,35,1015,14.0,1,3.7,0
U106440,2024-08-09,Free,EMEA,Organic,SMB,1,0,8.0,0,,1
U106441,2024-03-09,Starter,NA,Referral,Mid-Market,7,84,17.0,0,,0
U106442,2024-11-28,Free,APAC,Referral,SMB,1,0,10.0,0,,0
U106443,2024-06-06,Free,,Organic,Mid-Market,1,0,0.0,0,,0
U106444,2024-12-25,Starter,NA,Paid,SMB,3,36,17.0,0,,0
U106445,2024-05-19,Business,EMEA,Paid,Mid-Market,27,783,22.0,2,4.5,0
U106446,2025-05-05,Free,NA,Partner,Mid-Market,1,0,2.0,0,,0
U106447,2024-02-12,Business,APAC,Organic,SMB,24,696,18.0,0,,0
U106448,2025-03-05,Starter,LATAM,Partner,SMB,7,84,4.0,0,,1
U106449,2025-03-19,Enterprise,APAC,Referral,SMB,99,4851,,2,5.0,0
U106450,2024-11-10,Free,,Referral,Enterprise,1,0,8.0,1,4.8,1
U106451,2025-05-21,Starter,NA,Organic,SMB,5,60,21.0,1,4.3,0
U106452,2025-03-22,Business,EMEA,Organic,SMB,12,348,5.0,2,3.9,0
U106453,2024-02-23,Enterprise,NA,Organic,Enterprise,225,11025,34.0,4,3.7,0
U106454,2024-04-13,Free,,Organic,SMB,1,0,9.0,0,,1
U106455,2024-03-15,Starter,EMEA,Paid,SMB,7,84,19.0,1,5.0,0
U106456,2024-04-15,Starter,EMEA,Paid,Mid-Market,2,24,25.0,1,4.5,0
U106457,2025-05-10,Business,NA,Paid,SMB,26,754,29.0,1,3.9,0
U106458,2025-03-29,Free,NA,Organic,Enterprise,1,0,7.0,0,,0
U106459,2024-09-14,Free,NA,Organic,SMB,1,0,0.0,0,,0
U106460,2024-08-17,Business,EMEA,Organic,Enterprise,16,464,23.0,4,2.8,0
U106461,2024-10-20,Starter,APAC,Paid,Enterprise,2,24,10.0,0,,0
U106462,2024-07-03,Business,NA,Referral,SMB,10,290,24.0,1,3.8,1
U106463,2024-09-02,Business,EMEA,Organic,SMB,35,1015,19.0,0,,0
U106464,2024-09-20,Free,LATAM,Paid,SMB,1,0,6.0,0,,0
U106465,2024-06-25,Starter,APAC,Paid,SMB,4,48,31.0,0,,0
U106466,2025-01-19,Business,EMEA,Organic,SMB,32,928,20.0,2,2.9,0
U106467,2025-04-11,Starter,APAC,Partner,SMB,3,36,20.0,1,2.4,0
U106468,2024-03-23,Starter,EMEA,Organic,Mid-Market,6,72,12.0,1,4.2,0
U106469,2025-02-16,Free,NA,Organic,Mid-Market,1,0,1.0,1,4.5,1
U106470,2024-12-08,Free,EMEA,Referral,SMB,1,0,13.0,0,,0
U106471,2024-07-18,Starter,EMEA,Paid,SMB,4,48,13.0,0,,0
U106472,2024-06-28,Free,EMEA,Paid,SMB,1,0,1.0,0,,0
U106473,2024-09-30,Business,APAC,Partner,SMB,39,1131,8.0,1,1.8,0
U106474,2024-04-10,Free,NA,Organic,Mid-Market,1,0,8.0,1,3.3,0
U106475,2024-12-10,Business,NA,Paid,Enterprise,24,696,19.0,4,2.3,0
U106476,2024-01-31,Starter,,Organic,SMB,7,84,14.0,2,5.0,0
U106477,2024-04-27,Free,EMEA,Organic,Mid-Market,1,0,3.0,0,,0
U106478,2024-10-13,Business,APAC,Organic,SMB,17,493,16.0,1,3.6,0
U106479,2024-12-15,Free,NA,Organic,Enterprise,1,0,14.0,0,,0
U106480,2024-12-10,Starter,EMEA,Organic,SMB,6,72,6.0,4,2.6,0
U106481,2024-04-30,Enterprise,EMEA,Paid,SMB,234,11466,41.0,2,3.0,0
U106482,2024-10-11,Free,,Partner,SMB,1,0,0.0,1,4.9,0
U106483,2024-11-30,Business,NA,Organic,SMB,16,464,16.0,1,4.8,0
U106484,2024-08-31,Free,NA,Paid,SMB,1,0,0.0,0,,0
U106485,2024-01-26,Business,EMEA,Paid,SMB,29,841,12.0,2,4.0,0
U106486,2025-03-24,Free,EMEA,Paid,SMB,1,0,6.0,0,,0
U106487,2025-06-23,Free,EMEA,Referral,Mid-Market,1,0,10.0,0,,1
U106488,2024-01-24,Free,APAC,Referral,SMB,1,0,0.0,0,,0
U106489,2024-11-18,Starter,LATAM,Referral,SMB,2,24,26.0,2,4.6,0
U106490,2024-03-03,Free,,Paid,SMB,1,0,0.0,0,,1
U106491,2024-07-03,Business,NA,Partner,SMB,39,1131,24.0,0,,0
U106492,2024-02-11,Starter,EMEA,Organic,Mid-Market,6,72,24.0,1,5.0,0
U106493,2025-03-07,Enterprise,APAC,Organic,SMB,91,4459,36.0,3,4.4,0
U106494,2024-11-19,Business,NA,Organic,SMB,23,667,8.0,1,3.0,0
U106495,2025-02-06,Free,EMEA,Organic,Mid-Market,1,0,11.0,1,3.8,0
U106496,2025-04-05,Free,EMEA,Organic,Mid-Market,1,0,4.0,1,4.6,1
U106497,2024-01-04,Business,LATAM,Organic,Mid-Market,5,145,17.0,1,3.7,0
U106498,2024-10-01,Starter,NA,Paid,SMB,5,60,12.0,2,3.0,0
U106499,2024-09-27,Free,LATAM,Organic,SMB,1,0,0.0,1,5.0,0
U106500,2024-03-08,Starter,APAC,Organic,SMB,4,48,12.0,2,4.2,0
U106501,2025-04-06,Starter,LATAM,Organic,SMB,3,36,0.0,1,4.1,0
U106502,2024-03-31,Free,NA,Referral,SMB,1,0,0.0,1,5.0,0
U106503,2024-10-31,Free,NA,Partner,SMB,1,0,10.0,1,4.3,0
U106504,2025-02-16,Free,NA,Organic,SMB,1,0,6.0,0,,0
U106505,2024-07-04,Free,EMEA,Organic,SMB,1,0,10.0,0,,0
U106506,2024-01-21,Free,APAC,Referral,SMB,1,0,10.0,0,,0
U106507,2024-07-11,Starter,APAC,Referral,Mid-Market,4,48,8.0,0,,0
U106508,2025-01-28,Free,EMEA,Organic,Enterprise,1,0,9.0,0,,0
U106509,2024-10-27,Free,EMEA,Organic,Mid-Market,1,0,0.0,1,3.8,0
U106510,2024-03-28,Starter,EMEA,Referral,Mid-Market,3,36,,3,3.4,0
U106511,2024-05-24,Starter,NA,Paid,SMB,2,24,12.0,1,4.8,0
U106512,2025-05-20,Free,NA,Organic,SMB,1,0,12.0,0,,0
U106513,2024-03-19,Enterprise,NA,Organic,Mid-Market,152,7448,19.0,1,5.0,0
U106514,2024-07-30,Free,APAC,Organic,SMB,1,0,0.0,0,,0
U106515,2025-03-07,Business,EMEA,Organic,Mid-Market,20,580,15.0,1,4.3,0
U106516,2024-12-03,free,APAC,Organic,SMB,1,0,,0,,0
U106517,2025-05-15,Starter,APAC,Paid,SMB,7,84,8.0,2,3.6,0
U106518,2025-02-09,Business,LATAM,Referral,SMB,26,754,0.0,0,,0
U106519,2024-04-19,Starter,NA,Paid,SMB,4,48,25.0,0,,0
U106520,2024-04-15,Free,NA,Organic,SMB,1,0,0.0,0,,1
U106521,2024-06-09,starter,NA,Paid,Mid-Market,3,36,5.0,1,4.3,0
U106522,2025-03-14,Starter,NA,Partner,SMB,2,24,19.0,2,3.3,0
U106523,2024-08-21,Business,NA,Referral,SMB,13,377,10.0,3,4.1,0
U106524,2025-05-21,Starter,LATAM,Organic,Enterprise,4,48,13.0,0,,0
U106525,2025-01-16,Starter,APAC,Organic,SMB,5,60,20.0,1,4.4,0
U106526,2024-08-29,Starter,APAC,Partner,Mid-Market,6,72,23.0,0,,0
U106527,2024-07-23,Starter,NA,Paid,SMB,6,72,19.0,2,4.1,1
U106528,2024-06-22,Business,EMEA,Paid,SMB,28,812,10.0,2,2.9,0
U106529,2024-12-29,Enterprise,LATAM,Organic,SMB,79,3871,19.0,5,3.9,0
U106530,2024-03-04,Free,EMEA,Organic,SMB,1,0,0.0,0,,1
U106531,2024-09-05,Starter,LATAM,Referral,SMB,2,24,0.0,1,4.2,0
U106532,2024-03-26,Free,NA,Organic,SMB,1,0,7.0,0,,0
U106533,2024-01-22,Free,EMEA,Paid,SMB,1,0,11.0,0,,1
U106534,2024-09-11,Enterprise,NA,Organic,Mid-Market,185,9065,21.0,2,3.4,0
U106535,2024-06-05,Enterprise,EMEA,Organic,SMB,225,11025,24.0,5,2.9,0
U106536,2024-08-06,Starter,LATAM,Organic,Mid-Market,3,36,12.0,0,,0
U106537,2024-04-19,Starter,EMEA,Referral,SMB,3,36,17.0,1,2.9,1
U106538,2024-04-15,Starter,APAC,Organic,SMB,6,72,13.0,1,3.7,1
U106539,2025-03-13,Starter,EMEA,Paid,SMB,3,36,15.0,0,,0
U106540,2024-06-20,Free,NA,Organic,SMB,1,0,5.0,0,,0
U106541,2024-01-01,Starter,EMEA,Organic,SMB,2,24,15.0,3,4.6,0
U106542,2024-07-30,Free,EMEA,Partner,SMB,1,0,0.0,0,,0
U106543,2024-08-07,Free,EMEA,Paid,Mid-Market,1,0,3.0,0,,0
U106544,2024-05-14,Business,NA,Organic,Enterprise,30,870,14.0,2,4.8,1
U106545,2024-01-08,Free,NA,Organic,SMB,1,0,1.0,0,,0
U106546,2025-06-02,Starter,NA,Organic,SMB,7,84,9.0,1,5.0,0
U106547,2024-01-20,Enterprise,,Paid,Mid-Market,256,12544,27.0,1,5.0,0
U106548,2024-07-21,Starter,NA,Paid,Mid-Market,4,48,6.0,2,4.8,0
U106549,2025-01-31,Starter,NA,Partner,SMB,7,84,15.0,0,,0
U106550,2024-04-13,Enterprise,NA,Organic,SMB,75,3675,14.0,0,,0
U106551,2024-07-13,Free,NA,Organic,Mid-Market,1,0,6.0,0,,0
U106552,2025-02-25,Starter,NA,Partner,SMB,2,24,18.0,0,,0
U106553,2024-09-10,Starter,NA,Paid,Mid-Market,3,36,0.0,3,4.7,1
U106554,2024-06-10,free,NA,Referral,Mid-Market,1,0,0.0,0,,0
U106555,2024-06-01,Free,NA,Organic,SMB,1,0,0.0,0,,0
U106556,2024-08-04,Free,NA,Organic,SMB,1,0,2.0,1,3.8,0
U106557,2024-01-31,Business,NA,Referral,Enterprise,35,1015,18.0,0,,0
U106558,2024-01-12,Free,NA,Paid,SMB,1,0,6.0,0,,0
U106559,2024-10-17,Enterprise,APAC,Organic,SMB,235,11515,18.0,2,3.7,0
U106560,2024-07-17,Starter,APAC,Partner,SMB,5,60,18.0,1,4.2,0
U106561,2024-02-20,Business,EMEA,Organic,SMB,9,261,25.0,3,3.8,1
U106562,2025-03-05,Business,NA,Organic,SMB,20,580,11.0,2,2.9,1
U106563,2025-06-09,Business,NA,Organic,SMB,5,145,21.0,1,3.4,1
U106564,2024-02-07,Business,LATAM,Paid,SMB,7,203,30.0,1,3.7,0
U106565,2025-06-04,Free,EMEA,Paid,Mid-Market,1,0,11.0,0,,0
U106566,2025-04-21,Starter,APAC,Organic,Mid-Market,6,72,8.0,2,3.8,0
U106567,2025-06-18,Starter,NA,Paid,SMB,7,84,3.0,2,4.7,0
U106568,2025-01-11,Business,EMEA,Referral,Enterprise,36,1044,24.0,1,4.2,0
U106569,2025-04-27,Free,APAC,Referral,Enterprise,1,0,3.0,0,,0
U106570,2024-11-21,Free,EMEA,Paid,Mid-Market,1,0,6.0,0,,0
U106571,2024-11-08,business,EMEA,Organic,SMB,20,580,9.0,0,,0
U106572,2025-05-25,Free,NA,Paid,SMB,1,0,9.0,0,,1
U106573,2024-05-23,Starter,APAC,Paid,SMB,4,48,0.0,2,4.8,0
U106574,2024-06-21,Free,EMEA,Referral,SMB,1,0,2.0,1,5.0,0
U106575,2025-05-05,Starter,APAC,Organic,SMB,7,84,2.0,1,3.3,0
U106576,2024-08-04,Starter,NA,Paid,Mid-Market,6,72,14.0,0,,0
U106577,2025-03-18,Free,EMEA,Referral,SMB,1,0,5.0,0,,0
U106578,2025-05-10,Free,APAC,Referral,SMB,1,0,8.0,0,,1
U106579,2024-07-27,Enterprise,NA,Referral,SMB,117,5733,31.0,0,,0
U106580,2024-11-01,Enterprise,LATAM,Organic,Mid-Market,234,11466,25.0,4,4.1,0
U106581,2025-03-14,Starter,NA,Organic,Mid-Market,6,72,8.0,1,4.1,0
U106582,2024-04-01,Starter,NA,Organic,SMB,5,60,21.0,0,,0
U106583,2024-01-30,Free,,Referral,SMB,1,0,12.0,0,,1
U106584,2024-07-25,Starter,APAC,Organic,SMB,3,36,1.0,0,,0
U106585,2024-12-29,Starter,APAC,Referral,SMB,2,24,16.0,2,3.6,0
U106586,2024-08-20,Free,NA,Organic,Mid-Market,1,0,13.0,1,4.3,0
U106587,2025-04-13,Starter,APAC,Paid,SMB,5,60,5.0,1,5.0,0
U106588,2024-09-14,Business,NA,Paid,Mid-Market,15,435,11.0,2,3.4,0
U106589,2024-09-19,Starter,APAC,Organic,SMB,2,24,9.0,0,,1
U106590,2025-03-08,Starter,EMEA,Paid,Mid-Market,3,36,17.0,0,,0
U106591,2025-01-28,Free,,Organic,SMB,1,0,6.0,1,4.9,0
U106592,2024-06-24,Free,EMEA,Paid,Mid-Market,1,0,13.0,1,4.1,0
U106593,2024-06-10,Business,APAC,Organic,Enterprise,15,435,31.0,3,4.6,0
U106594,2024-10-30,Free,NA,Organic,SMB,1,0,6.0,0,,0
U106595,2025-06-21,Starter,APAC,Organic,SMB,7,84,8.0,0,,0
U106596,2025-05-23,Free,EMEA,Paid,Mid-Market,1,0,7.0,0,,0
U106597,2024-10-02,Free,NA,Paid,SMB,1,0,0.0,0,,0
U106598,2024-02-20,Business,NA,Paid,Mid-Market,36,1044,19.0,1,4.5,0
U106599,2025-01-12,Business,NA,Paid,SMB,32,928,19.0,0,,0
U106600,2025-05-11,Free,NA,Referral,Enterprise,1,0,,1,5.0,0
U106601,2024-08-09,Starter,NA,Paid,Enterprise,3,36,32.0,0,,0
U106602,2024-10-07,Enterprise,NA,Paid,SMB,31,1519,20.0,1,4.2,1
U106603,2024-08-01,Free,NA,Organic,Enterprise,1,0,18.0,0,,0
U106604,2024-12-30,Starter,EMEA,Referral,SMB,2,24,22.0,2,4.1,0
U106605,2024-01-18,Enterprise,APAC,Referral,SMB,224,10976,24.0,3,3.7,0
U106606,2025-04-25,Business,EMEA,Referral,Mid-Market,33,957,15.0,1,4.2,0
U106607,2024-06-20,Free,LATAM,Partner,Mid-Market,1,0,0.0,2,4.7,0
U106608,2024-08-26,Free,EMEA,Referral,Enterprise,1,0,0.0,1,3.4,0
U106609,2025-04-30,Starter,APAC,Organic,Enterprise,7,84,5.0,0,,0
U106610,2024-03-22,Starter,NA,Organic,SMB,5,60,15.0,0,,0
U106611,2024-03-10,Business,EMEA,Organic,Enterprise,26,754,20.0,3,3.5,0
U106612,2024-07-10,Business,APAC,Paid,SMB,36,1044,16.0,1,4.8,0
U106613,2024-08-21,Business,NA,Paid,SMB,32,928,29.0,0,,0
U106614,2024-03-16,Free,EMEA,Partner,Enterprise,1,0,11.0,1,3.9,0
U106615,2024-12-17,Starter,EMEA,Referral,SMB,4,48,15.0,1,3.3,0
U106616,2024-12-29,Free,NA,Referral,Mid-Market,1,0,11.0,0,,0
U106617,2024-01-13,Free,NA,Organic,SMB,1,0,10.0,1,4.1,1
U106618,2024-01-03,Free,NA,Referral,Enterprise,1,0,10.0,1,4.4,0
U106619,2025-01-18,Starter,NA,Referral,Mid-Market,4,48,10.0,1,4.7,0
U106620,2024-07-29,Free,APAC,Organic,SMB,1,0,1.0,1,4.5,0
U106621,2025-04-12,Free,LATAM,Paid,Mid-Market,1,0,7.0,0,,0
U106622,2025-04-08,Business,NA,Organic,SMB,7,203,13.0,1,3.5,0
U106623,2025-06-15,Starter,NA,Organic,Enterprise,7,84,17.0,1,2.9,0
U106624,2024-07-25,Starter,APAC,Paid,SMB,6,72,3.0,1,3.8,0
U106625,2024-01-06,Enterprise,NA,Organic,SMB,60,2940,,3,2.1,0
U106626,2024-08-21,Starter,APAC,Organic,SMB,7,84,15.0,1,3.7,0
U106627,2024-11-12,Free,NA,Partner,SMB,1,0,0.0,0,,1
U106628,2025-02-12,Business,NA,Organic,SMB,33,957,11.0,1,2.8,1
U106629,2024-01-08,Business,NA,Organic,SMB,7,203,28.0,1,4.1,0
U106630,2024-07-21,Business,LATAM,Referral,SMB,32,928,12.0,3,3.1,0
U106631,2025-02-14,Business,NA,Partner,SMB,22,638,23.0,4,3.8,0
U106632,2025-06-20,Free,NA,Paid,SMB,1,0,6.0,0,,0
U106633,2025-03-24,Starter,EMEA,Referral,SMB,6,72,27.0,1,4.5,0
U106634,2025-01-08,Free,,Paid,SMB,1,0,16.0,0,,0
U106635,2024-05-11,Starter,EMEA,Partner,SMB,5,60,12.0,1,4.8,0
U106636,2024-04-09,Starter,NA,Organic,SMB,6,72,15.0,2,3.8,0
U106637,2024-05-21,Free,EMEA,Partner,SMB,1,0,14.0,0,,0
U106638,2024-03-20,Starter,NA,Organic,SMB,4,48,4.0,1,3.7,0
U106639,2024-01-13,Free,EMEA,Organic,SMB,1,0,13.0,0,,0
U106640,2024-01-27,Free,EMEA,Organic,Mid-Market,1,0,1.0,2,4.3,0
U106641,2025-04-29,Starter,NA,Organic,Enterprise,5,60,13.0,1,4.1,0
U106642,2025-04-04,Free,APAC,Partner,Enterprise,1,0,3.0,0,,0
U106643,2024-01-28,Starter,NA,Paid,Enterprise,2,24,22.0,1,4.7,0
U106644,2024-12-11,Enterprise,NA,Organic,SMB,272,13328,33.0,3,2.7,0
U106645,2024-09-30,Business,EMEA,Paid,SMB,20,580,13.0,2,2.8,0
U106646,2025-04-08,Free,NA,Referral,SMB,1,0,5.0,0,,0
U106647,2024-09-26,Free,EMEA,Organic,SMB,1,0,19.0,0,,0
U106648,2024-07-21,Business,EMEA,Partner,SMB,38,1102,30.0,2,3.4,0
U106649,2025-04-01,Business,APAC,Paid,Enterprise,32,928,19.0,4,2.9,0
U106650,2024-07-13,Free,LATAM,Organic,SMB,1,0,3.0,1,4.8,1
U106651,2024-12-12,Starter,EMEA,Referral,Mid-Market,4,48,9.0,0,,0
U106652,2025-01-31,Free,NA,Paid,Mid-Market,1,0,13.0,0,,0
U106653,2025-02-04,Free,NA,Referral,SMB,1,0,17.0,1,3.8,0
U106654,2024-07-03,Enterprise,LATAM,Organic,SMB,147,7203,21.0,1,4.7,0
U106655,2025-01-03,Starter,APAC,Referral,Mid-Market,4,48,4.0,1,4.9,1
U106656,2024-06-06,Starter,NA,Paid,SMB,2,24,9.0,1,3.4,0
U106657,2024-03-24,Free,EMEA,Paid,SMB,1,0,6.0,1,4.8,1
U106658,2024-07-12,Free,APAC,Paid,SMB,1,0,0.0,1,2.9,0
U106659,2024-07-09,Starter,NA,Organic,Mid-Market,5,60,14.0,1,4.8,1
U106660,2024-01-14,Starter,NA,Organic,Enterprise,4,48,12.0,0,,0
U106661,2024-10-30,Starter,NA,Partner,SMB,6,72,23.0,1,4.1,0
U106662,2024-12-25,Business,,Organic,SMB,14,406,14.0,1,4.4,0
U106663,2025-02-26,Free,NA,Organic,SMB,1,0,0.0,0,,0
U106664,2025-06-02,Free,LATAM,Organic,SMB,1,0,0.0,0,,1
U106665,2024-06-14,Starter,EMEA,Partner,SMB,2,24,4.0,0,,0
U106666,2024-08-14,Starter,APAC,Partner,SMB,7,84,9.0,2,3.3,0
U106667,2024-02-05,Business,EMEA,Paid,SMB,17,493,16.0,4,2.9,0
U106668,2024-09-28,Business,APAC,Organic,SMB,37,1073,19.0,4,2.3,1
U106669,2024-09-01,Free,NA,Paid,Mid-Market,1,0,11.0,0,,0
U106670,2024-01-19,Enterprise,EMEA,Organic,Enterprise,270,13230,30.0,5,4.4,0
U106671,2024-08-28,Enterprise,NA,Partner,Mid-Market,253,12397,33.0,4,4.0,0
U106672,2024-04-18,Starter,APAC,Organic,Mid-Market,5,60,15.0,2,4.8,1
U106673,2024-03-03,Free,APAC,Organic,SMB,1,0,0.0,0,,1
U106674,2025-02-25,Free,NA,Partner,SMB,1,0,2.0,0,,0
U106675,2025-01-20,Starter,APAC,Organic,SMB,2,24,16.0,0,,0
U106676,2024-08-26,Starter,LATAM,Organic,SMB,4,48,22.0,0,,0
U106677,2025-04-03,Business,NA,Organic,Mid-Market,35,1015,16.0,1,3.2,0
U106678,2024-04-14,Free,NA,Referral,SMB,1,0,7.0,0,,1
U106679,2024-12-29,Business,NA,Organic,Mid-Market,22,638,24.0,1,4.0,0
U106680,2025-03-21,Enterprise,NA,Referral,Enterprise,272,13328,36.0,4,3.3,0
U106681,2024-01-15,Enterprise,NA,Organic,Mid-Market,281,13769,37.0,1,4.1,0
U106682,2024-10-19,Free,LATAM,Paid,SMB,1,0,,1,3.3,0
U106683,2024-04-24,Enterprise,LATAM,Organic,SMB,56,2744,23.0,2,3.4,0
U106684,2025-02-18,Free,NA,Organic,SMB,1,0,4.0,0,,0
U106685,2025-04-30,Free,EMEA,Organic,Mid-Market,1,0,4.0,0,,0
U106686,2025-03-28,Free,EMEA,Organic,SMB,1,0,0.0,3,2.8,0
U106687,2025-03-12,Free,EMEA,Paid,SMB,1,0,7.0,1,3.1,1
U106688,2024-08-14,Free,EMEA,Referral,Mid-Market,1,0,14.0,0,,0
U106689,2025-01-04,Starter,NA,Partner,SMB,3,36,13.0,0,,0
U106690,2024-08-14,Free,APAC,Paid,Enterprise,1,0,12.0,0,,0
U106691,2024-03-24,Free,EMEA,Paid,Mid-Market,1,0,0.0,0,,1
U106692,2024-02-22,Free,NA,Referral,SMB,1,0,9.0,0,,0
U106693,2025-06-08,Free,NA,Organic,SMB,1,0,,0,,1
U106694,2024-09-18,Starter,NA,Referral,Mid-Market,4,48,34.0,0,,1
U106695,2024-07-10,Free,,Organic,Enterprise,1,0,0.0,1,4.2,0
U106696,2024-05-18,Free,LATAM,Organic,Mid-Market,1,0,6.0,0,,0
U106697,2025-02-12,Starter,EMEA,Organic,SMB,6,72,,0,,1
U106698,2024-11-25,Starter,,Referral,SMB,3,36,7.0,2,4.9,0
U106699,2024-11-14,Enterprise,EMEA,Organic,SMB,62,3038,17.0,4,3.1,0
U106700,2025-02-09,Free,NA,Partner,SMB,1,0,0.0,0,,1
U106701,2024-10-21,Free,NA,Organic,SMB,1,0,1.0,1,3.3,0
U106702,2024-08-25,Starter,EMEA,Paid,SMB,5,60,8.0,3,4.2,1
U106703,2024-06-27,business,NA,Paid,Mid-Market,31,899,18.0,2,3.2,0
U106704,2024-10-05,Free,NA,Paid,SMB,1,0,6.0,1,4.4,1
U106705,2024-09-24,Free,EMEA,Referral,SMB,1,0,3.0,0,,1
U106706,2025-05-19,Business,EMEA,Organic,SMB,26,754,28.0,0,,0
U106707,2024-04-06,Business,LATAM,Partner,SMB,36,1044,21.0,0,,0
U106708,2025-05-28,Free,NA,Paid,Mid-Market,1,0,3.0,0,,0
U106709,2024-10-19,Free,APAC,Referral,Mid-Market,1,0,10.0,0,,0
U106710,2024-01-18,Free,NA,Paid,SMB,1,0,5.0,0,,1
U106711,2025-02-10,Enterprise,NA,Organic,SMB,219,10731,19.0,2,4.2,0
U106712,2024-05-14,Business,NA,Organic,SMB,8,232,22.0,2,5.0,0
U106713,2025-04-28,Free,EMEA,Organic,SMB,1,0,,0,,1
U106714,2024-10-09,Starter,NA,Paid,Mid-Market,6,72,11.0,0,,1
U106715,2024-11-24,Enterprise,,Organic,SMB,43,2107,42.0,3,3.3,0
U106716,2024-11-28,Enterprise,NA,Referral,SMB,161,7889,23.0,0,,0
U106717,2024-12-15,Business,NA,Referral,SMB,24,696,17.0,1,3.6,0
U106718,2024-03-03,Free,NA,Partner,SMB,1,0,0.0,0,,0
U106719,2024-03-21,Starter,EMEA,Partner,Enterprise,3,36,11.0,1,4.0,0
U106720,2025-04-16,Free,NA,Organic,SMB,1,0,2.0,0,,0
U106721,2024-11-04,Free,EMEA,Partner,SMB,1,0,0.0,0,,1
U106722,2024-12-16,Starter,NA,Paid,SMB,3,36,23.0,0,,0
U106723,2025-03-08,Free,NA,Organic,SMB,1,0,3.0,2,2.6,0
U106724,2024-07-13,Business,NA,Paid,SMB,23,667,11.0,2,4.2,0
U106725,2024-03-06,Free,EMEA,Partner,SMB,1,0,10.0,0,,0
U106726,2024-07-09,Free,,Paid,Mid-Market,1,0,17.0,0,,0
U106727,2024-08-15,Starter,NA,Paid,SMB,7,84,20.0,1,3.8,0
U106728,2024-04-04,Starter,APAC,Paid,SMB,3,36,20.0,2,5.0,0
U106729,2024-01-07,Enterprise,EMEA,Organic,SMB,110,5390,33.0,7,3.0,0
U106730,2024-09-09,Business,NA,Partner,SMB,33,957,20.0,3,4.3,0
U106731,2024-12-03,Enterprise,EMEA,Paid,SMB,100,4900,23.0,3,3.6,0
U106732,2025-01-02,Free,NA,Organic,Mid-Market,1,0,9.0,0,,0
U106733,2024-08-23,Free,NA,Organic,Mid-Market,1,0,0.0,0,,0
U106734,2024-07-30,Starter,APAC,Referral,Mid-Market,4,48,18.0,1,3.5,0
U106735,2024-11-20,Free,NA,Referral,SMB,1,0,10.0,1,4.6,0
U106736,2025-03-12,Free,NA,Paid,SMB,1,0,7.0,0,,0
U106737,2025-04-02,Free,APAC,Paid,Mid-Market,1,0,12.0,0,,0
U106738,2025-04-28,Free,NA,Partner,Enterprise,1,0,1.0,0,,0
U106739,2025-04-06,Business,LATAM,Organic,Mid-Market,32,928,22.0,1,2.9,0
U106740,2025-06-17,Starter,EMEA,Referral,SMB,5,60,8.0,0,,1
U106741,2025-06-19,Starter,EMEA,Organic,SMB,6,72,7.0,0,,0
U106742,2025-01-24,Business,EMEA,Organic,SMB,27,783,15.0,3,4.7,0
U106743,2025-05-04,Starter,APAC,Organic,SMB,5,60,13.0,0,,0
U106744,2025-02-19,Starter,APAC,Paid,SMB,6,72,18.0,0,,0
U106745,2024-07-20,Starter,NA,Paid,SMB,4,48,21.0,1,4.2,0
U106746,2024-08-22,Enterprise,APAC,Organic,Mid-Market,50,2450,33.0,3,4.2,0
U106747,2024-01-28,Enterprise,APAC,Organic,SMB,190,9310,42.0,3,4.0,0
U106748,2024-08-15,Free,NA,Paid,Enterprise,1,0,6.0,0,,0
U106749,2025-04-05,Free,NA,Organic,SMB,1,0,1.0,1,2.6,0
U106750,2024-12-14,Starter,NA,Organic,Mid-Market,7,84,0.0,1,3.5,0
U106751,2024-07-05,Business,NA,Paid,SMB,13,377,37.0,3,4.0,0
U106752,2024-01-30,Business,NA,Organic,Mid-Market,5,145,23.0,5,2.6,0
U106753,2024-07-02,Free,NA,Organic,Enterprise,1,0,0.0,0,,0
U106754,2025-02-25,Free,NA,Organic,Mid-Market,1,0,3.0,1,4.0,1
U106755,2025-06-03,Business,NA,Organic,SMB,16,464,18.0,2,5.0,0
U106756,2024-03-31,Starter,APAC,Organic,SMB,7,84,9.0,0,,0
U106757,2024-06-13,Free,EMEA,Partner,Enterprise,1,0,12.0,0,,0
U106758,2024-11-27,Free,EMEA,Organic,Mid-Market,1,0,1.0,0,,1
U106759,2024-01-29,Starter,EMEA,Organic,SMB,3,36,10.0,0,,1
U106760,2025-03-02,Starter,NA,Organic,Mid-Market,4,48,21.0,1,4.6,0
U106761,2024-08-04,Business,NA,Partner,Mid-Market,14,406,36.0,1,4.6,0
U106762,2024-12-21,Free,APAC,Paid,SMB,1,0,4.0,0,,0
U106763,2025-02-17,Free,EMEA,Organic,SMB,1,0,0.0,0,,1
U106764,2025-06-17,Enterprise,LATAM,Paid,SMB,260,12740,19.0,3,2.7,0
U106765,2024-12-07,Free,EMEA,Paid,Mid-Market,1,0,1.0,0,,0
U106766,2025-03-01,Free,NA,Paid,SMB,1,0,15.0,0,,0
U106767,2025-04-04,Business,NA,Organic,SMB,10,290,12.0,0,,0
U106768,2024-04-13,Free,NA,Referral,SMB,1,0,10.0,0,,0
U106769,2025-04-08,Free,EMEA,Paid,SMB,1,0,0.0,0,,0
U106770,2024-08-29,Starter,NA,Organic,SMB,6,72,11.0,0,,0
U106771,2024-01-15,Free,EMEA,Partner,SMB,1,0,8.0,0,,0
U106772,2024-10-15,Free,EMEA,Paid,Mid-Market,1,0,19.0,0,,0
U106773,2025-02-27,free,EMEA,Partner,Enterprise,1,0,5.0,0,,0
U106774,2024-06-02,Business,APAC,Referral,SMB,7,203,25.0,2,4.5,0
U106775,2025-04-19,Starter,EMEA,Organic,SMB,2,24,10.0,2,4.4,0
U106776,2024-06-20,Business,NA,Organic,Enterprise,5,145,4.0,1,5.0,0
U106777,2024-08-04,Business,NA,Paid,Mid-Market,26,754,17.0,1,4.4,0
U106778,2025-03-05,Free,APAC,Organic,SMB,1,0,0.0,0,,1
U106779,2024-11-06,Business,APAC,Referral,SMB,32,928,14.0,3,1.9,1
U106780,2024-01-27,Free,NA,Organic,Enterprise,1,0,10.0,2,4.4,0
U106781,2024-10-31,Starter,NA,Partner,Enterprise,4,48,21.0,2,3.7,0
U106782,2024-08-02,Free,NA,Organic,SMB,1,0,4.0,1,4.2,0
U106783,2025-02-11,Enterprise,NA,Organic,Mid-Market,277,13573,34.0,4,2.7,0
U106784,2025-05-15,Free,NA,Paid,SMB,1,0,5.0,0,,0
U106785,2025-04-03,Free,APAC,Referral,Mid-Market,1,0,6.0,0,,0
U106786,2025-03-13,Starter,EMEA,Organic,Mid-Market,2,24,12.0,2,4.2,1
U106787,2024-03-24,Business,APAC,Organic,Enterprise,20,580,23.0,1,3.3,0
U106788,2024-01-13,Starter,EMEA,Paid,Mid-Market,4,48,15.0,0,,0
U106789,2025-01-08,Free,NA,Referral,Enterprise,1,0,,1,4.8,0
U106790,2024-04-21,Free,APAC,Paid,SMB,1,0,27.0,0,,0
U106791,2025-04-16,Free,EMEA,Organic,Mid-Market,1,0,9.0,3,4.9,0
U106792,2024-01-08,Business,EMEA,Paid,Enterprise,17,493,19.0,3,3.3,0
U106793,2024-02-21,Business,NA,Referral,Enterprise,20,580,14.0,1,2.8,0
U106794,2025-06-18,Free,NA,Organic,SMB,1,0,8.0,0,,0
U106795,2025-03-03,Free,NA,Partner,SMB,1,0,4.0,0,,0
U106796,2024-01-11,Starter,APAC,Paid,Mid-Market,7,84,5.0,0,,0
U106797,2024-01-19,Business,APAC,Paid,SMB,12,348,24.0,4,2.5,0
U106798,2024-02-17,Starter,APAC,Referral,Mid-Market,2,24,16.0,2,3.7,0
U106799,2025-02-25,Starter,NA,Organic,Mid-Market,3,36,8.0,0,,1
U106800,2024-04-06,Free,EMEA,Paid,SMB,1,0,0.0,0,,0
U106801,2024-11-02,Starter,EMEA,Organic,Mid-Market,3,36,11.0,0,,1
U106802,2024-10-22,Starter,NA,Paid,Mid-Market,2,24,15.0,1,3.9,0
U106803,2025-01-04,Free,NA,Paid,SMB,1,0,10.0,0,,0
U106804,2024-05-26,Free,NA,Organic,Mid-Market,1,0,9.0,0,,0
U106805,2024-05-08,Starter,EMEA,Partner,Mid-Market,7,84,,1,4.6,0
U106806,2025-02-21,Free,LATAM,Partner,Mid-Market,1,0,0.0,1,3.2,0
U106807,2024-10-16,Free,NA,Referral,SMB,1,0,11.0,0,,1
U106808,2024-05-26,Business,EMEA,Organic,Enterprise,9,261,25.0,2,4.1,0
U106809,2024-11-05,Free,EMEA,Organic,Enterprise,1,0,7.0,1,3.7,0
U106810,2024-05-09,Starter,NA,Organic,SMB,2,24,16.0,2,5.0,0
U106811,2025-01-28,Starter,APAC,Organic,SMB,5,60,9.0,0,,0
U106812,2024-10-20,Starter,,Organic,SMB,7,84,10.0,1,4.2,0
U106813,2025-01-31,Free,NA,Organic,Mid-Market,1,0,6.0,0,,1
U106814,2024-07-16,Free,EMEA,Organic,Mid-Market,1,0,14.0,0,,0
U106815,2024-04-28,Starter,LATAM,Organic,SMB,3,36,18.0,0,,1
U106816,2025-04-27,Free,NA,Organic,SMB,1,0,6.0,0,,0
U106817,2024-01-02,Free,NA,Paid,SMB,1,0,4.0,1,3.3,0
U106818,2024-08-05,Business,LATAM,Paid,SMB,19,551,13.0,1,3.8,0
U106819,2025-05-13,Starter,NA,Paid,SMB,2,24,31.0,2,3.0,0
U106820,2024-01-04,Business,NA,Organic,Mid-Market,24,696,15.0,1,4.1,0
U106821,2024-02-21,starter,APAC,Organic,SMB,7,84,2.0,0,,1
U106822,2024-04-16,Free,LATAM,Organic,SMB,1,0,6.0,1,4.5,0
U106823,2024-02-26,Starter,NA,Organic,SMB,6,72,12.0,1,4.6,0
U106824,2024-06-14,Enterprise,LATAM,Organic,SMB,297,14553,29.0,4,4.0,0
U106825,2024-06-13,Free,EMEA,Paid,SMB,1,0,8.0,0,,0
U106826,2024-05-14,Free,LATAM,Organic,SMB,1,0,0.0,0,,1
U106827,2024-04-12,Starter,APAC,Paid,Mid-Market,7,84,15.0,0,,0
U106828,2024-07-16,Starter,NA,Organic,SMB,7,84,16.0,2,4.4,0
U106829,2025-04-30,Starter,NA,Organic,Mid-Market,2,24,17.0,2,4.7,0
U106830,2024-11-12,Business,LATAM,Organic,Mid-Market,12,348,20.0,1,4.5,0
U106831,2024-01-19,Starter,LATAM,Paid,SMB,2,24,11.0,2,4.2,0
U106832,2024-09-16,Business,LATAM,Organic,SMB,13,377,26.0,1,3.8,0
U106833,2024-01-18,Free,EMEA,Partner,SMB,1,0,5.0,0,,0
U106834,2025-01-04,Enterprise,EMEA,Organic,SMB,192,9408,21.0,0,,0
U106835,2024-01-29,Free,APAC,Paid,Enterprise,1,0,9.0,0,,0
U106836,2025-01-13,Free,NA,Organic,Mid-Market,1,0,3.0,0,,0
U106837,2024-03-22,Free,APAC,Organic,Enterprise,1,0,9.0,0,,0
U106838,2024-05-08,Starter,EMEA,Referral,SMB,7,84,23.0,0,,0
U106839,2024-04-07,Enterprise,EMEA,Organic,SMB,147,7203,32.0,0,,0
U106840,2025-02-14,Starter,APAC,Referral,SMB,4,48,11.0,1,4.7,1
U106841,2024-03-12,Free,NA,Organic,SMB,1,0,9.0,1,4.4,0
U106842,2024-03-05,Enterprise,NA,Organic,Enterprise,42,2058,38.0,2,4.2,0
U106843,2024-11-10,Business,EMEA,Partner,SMB,16,464,21.0,1,4.5,0
U106844,2024-09-06,Business,APAC,Organic,SMB,28,812,17.0,7,1.0,0
U106845,2025-06-03,Free,APAC,Organic,SMB,1,0,0.0,0,,0
U106846,2024-06-30,Starter,EMEA,Paid,SMB,2,24,11.0,0,,0
U106847,2025-02-16,Business,NA,Referral,Mid-Market,10,290,25.0,2,5.0,0
U106848,2025-06-14,Business,LATAM,Organic,SMB,33,957,9.0,4,3.3,0
U106849,2024-05-09,Free,NA,Paid,SMB,1,0,10.0,0,,0
U106850,2024-02-04,Business,NA,Organic,Mid-Market,33,957,1.0,1,3.9,1
U106851,2024-05-05,Free,APAC,Referral,SMB,1,0,0.0,0,,0
U106852,2024-10-23,Free,EMEA,Paid,Enterprise,1,0,4.0,0,,1
U106853,2024-03-24,Business,EMEA,Organic,Mid-Market,37,1073,22.0,0,,0
U106854,2025-03-30,Free,LATAM,Referral,Mid-Market,1,0,0.0,2,4.3,0
U106855,2024-10-02,Free,NA,Referral,SMB,1,0,0.0,0,,1
U106856,2024-01-19,Free,NA,Organic,Mid-Market,1,0,5.0,0,,0
U106857,2024-02-26,Free,EMEA,Partner,Mid-Market,1,0,0.0,0,,0
U106858,2024-05-08,Starter,APAC,Referral,SMB,2,24,22.0,1,3.0,0
U106859,2024-12-23,Starter,EMEA,Referral,Mid-Market,3,36,14.0,2,3.2,0
U106860,2024-06-09,Business,NA,Organic,Mid-Market,11,319,21.0,2,5.0,1
U106861,2025-05-30,Free,APAC,Organic,SMB,1,0,5.0,0,,0
U106862,2024-01-30,Free,EMEA,Partner,Enterprise,1,0,13.0,0,,0
U106863,2024-01-08,Business,NA,Referral,SMB,7,203,29.0,2,3.7,0
U106864,2024-05-04,Enterprise,EMEA,Referral,Mid-Market,188,9212,30.0,4,4.0,0
U106865,2024-04-20,Business,APAC,Partner,SMB,24,696,5.0,1,2.4,0
U106866,2024-08-06,Starter,EMEA,Organic,Mid-Market,3,36,0.0,0,,0
U106867,2024-05-26,Free,NA,Paid,Enterprise,1,0,5.0,0,,0
U106868,2024-01-10,Free,NA,Referral,Mid-Market,1,0,,1,4.4,1
U106869,2024-02-18,Business,NA,Organic,SMB,21,609,21.0,1,4.7,0
U106870,2024-08-08,Starter,EMEA,Partner,SMB,2,24,15.0,3,3.2,0
U106871,2024-11-01,Business,NA,Paid,SMB,12,348,22.0,2,3.0,0
U106872,2024-12-07,Free,EMEA,Paid,SMB,1,0,19.0,0,,0
U106873,2024-04-23,Free,NA,Organic,Mid-Market,1,0,0.0,1,3.1,0
U106874,2024-06-11,Business,APAC,Paid,SMB,31,899,23.0,2,5.0,1
U106875,2025-03-10,Free,APAC,Organic,Mid-Market,1,0,8.0,0,,1
U106876,2024-11-01,Free,APAC,Organic,Enterprise,1,0,6.0,0,,1
U106877,2025-01-07,Starter,NA,Paid,SMB,7,84,13.0,1,4.4,1
U106878,2024-02-28,Enterprise,NA,Paid,SMB,37,1813,29.0,3,4.9,0
U106879,2024-01-09,Free,APAC,Referral,SMB,1,0,7.0,1,3.6,0
U106880,2025-03-22,Free,NA,Paid,Mid-Market,1,0,0.0,2,3.2,0
U106881,2024-08-28,Starter,EMEA,Organic,Mid-Market,7,84,6.0,0,,0
U106882,2024-09-10,Business,EMEA,Organic,Mid-Market,12,348,25.0,1,4.9,0
U106883,2024-06-14,Free,EMEA,Organic,SMB,1,0,10.0,0,,0
U106884,2025-02-22,Starter,NA,Organic,Mid-Market,3,36,15.0,0,,0
U106885,2025-06-13,Enterprise,LATAM,Paid,SMB,56,2744,15.0,1,4.2,1
U106886,2024-04-03,Free,NA,Referral,SMB,1,0,10.0,0,,0
U106887,2025-02-15,Free,APAC,Organic,SMB,1,0,0.0,0,,0
U106888,2024-04-13,Business,APAC,Referral,SMB,26,754,35.0,2,5.0,0
U106889,2024-08-07,Free,APAC,Paid,Mid-Market,1,0,0.0,0,,1
U106890,2025-04-09,Free,APAC,Paid,Mid-Market,1,0,10.0,0,,0
U106891,2024-10-16,Enterprise,APAC,Organic,Mid-Market,278,13622,20.0,3,4.3,1
U106892,2024-11-18,Free,NA,Referral,SMB,1,0,1.0,0,,0
U106893,2024-05-14,Free,LATAM,Organic,SMB,1,0,1.0,1,3.8,0
U106894,2025-02-20,Business,EMEA,Paid,SMB,21,609,7.0,1,3.3,1
U106895,2025-06-07,Business,NA,Paid,Mid-Market,17,493,10.0,1,4.6,0
U106896,2025-02-16,Free,NA,Paid,SMB,1,0,22.0,0,,0
U106897,2024-05-09,Free,APAC,Organic,Enterprise,1,0,4.0,1,4.6,0
U106898,2024-01-19,Free,EMEA,Organic,Mid-Market,1,0,7.0,0,,0
U106899,2025-03-03,Business,EMEA,Organic,SMB,12,348,20.0,1,4.2,0
U106900,2025-01-20,Starter,APAC,Organic,SMB,5,60,12.0,0,,0
U106901,2024-10-19,Free,LATAM,Organic,Mid-Market,1,0,5.0,0,,1
U106902,2024-04-18,Starter,NA,Organic,Mid-Market,3,36,17.0,2,2.0,1
U106903,2024-08-24,Free,APAC,Paid,Enterprise,1,0,5.0,1,3.3,1
U106904,2025-01-26,Free,NA,Referral,SMB,1,0,6.0,0,,0
U106905,2024-03-31,Business,EMEA,Organic,Enterprise,15,435,11.0,2,3.9,0
U106906,2024-10-27,Business,APAC,Organic,SMB,19,551,14.0,0,,0
U106907,2024-04-28,Business,NA,Paid,SMB,23,667,17.0,4,3.1,0
U106908,2024-06-02,Starter,EMEA,Organic,SMB,7,84,12.0,1,5.0,0
U106909,2024-04-24,Free,NA,Organic,Mid-Market,1,0,8.0,0,,0
U106910,2024-08-16,Free,APAC,Referral,SMB,1,0,9.0,0,,0
U106911,2024-02-22,Starter,EMEA,Organic,SMB,3,36,4.0,0,,0
U106912,2025-04-04,Starter,APAC,Referral,SMB,5,60,12.0,2,5.0,0
U106913,2024-02-21,Free,APAC,Organic,SMB,1,0,14.0,2,3.0,0
U106914,2025-02-07,Free,APAC,Referral,Enterprise,1,0,8.0,0,,1
U106915,2024-04-04,Business,LATAM,Paid,SMB,38,1102,27.0,2,4.0,0
U106916,2025-06-02,Free,LATAM,Organic,Enterprise,1,0,4.0,0,,0
U106917,2025-03-29,Free,EMEA,Organic,Mid-Market,1,0,0.0,0,,1
U106918,2024-12-15,Starter,EMEA,Organic,SMB,7,84,10.0,0,,0
U106919,2025-01-02,Starter,APAC,Organic,SMB,3,36,15.0,1,3.7,0
U106920,2025-05-28,Free,APAC,Paid,SMB,1,0,0.0,0,,1
U106921,2025-06-23,Free,EMEA,Paid,SMB,1,0,2.0,0,,1
U106922,2025-03-02,Enterprise,LATAM,Organic,Mid-Market,251,12299,25.0,4,3.4,0
U106923,2024-08-31,Free,EMEA,Organic,SMB,1,0,6.0,0,,0
U106924,2024-06-29,Free,LATAM,Organic,SMB,1,0,11.0,0,,0
U106925,2025-04-24,Starter,EMEA,Organic,Mid-Market,3,36,20.0,0,,0
U106926,2025-05-15,Starter,EMEA,Organic,Mid-Market,6,72,28.0,2,5.0,0
U106927,2024-01-11,Free,NA,Organic,SMB,1,0,22.0,0,,0
U106928,2024-09-15,Free,APAC,Paid,SMB,1,0,,2,2.8,1
U106929,2025-01-25,Free,EMEA,Paid,SMB,1,0,17.0,1,3.2,0
U106930,2024-04-09,Starter,EMEA,Referral,Enterprise,3,36,16.0,0,,0
U106931,2024-03-19,Business,EMEA,Organic,SMB,29,841,19.0,1,4.4,0
U106932,2024-10-24,Starter,NA,Paid,Enterprise,4,48,0.0,1,4.3,0
U106933,2025-05-15,Free,NA,Referral,Mid-Market,1,0,13.0,1,4.3,0
U106934,2025-01-21,Business,EMEA,Organic,SMB,37,1073,23.0,0,,0
U106935,2024-05-02,Starter,EMEA,Paid,SMB,2,24,13.0,2,4.0,1
U106936,2024-09-27,Free,NA,Paid,Mid-Market,1,0,3.0,0,,1
U106937,2024-11-01,Free,NA,Organic,SMB,1,0,2.0,0,,0
U106938,2025-03-18,Free,EMEA,Organic,Mid-Market,1,0,10.0,0,,0
U106939,2024-04-16,Free,EMEA,Referral,Enterprise,1,0,,1,4.0,0
U106940,2024-03-18,Starter,LATAM,Partner,SMB,6,72,7.0,0,,0
U106941,2025-03-12,Free,EMEA,Organic,SMB,1,0,0.0,0,,0
U106942,2024-08-06,Business,APAC,Organic,SMB,10,290,22.0,0,,1
U106943,2025-05-17,Business,NA,Organic,Mid-Market,39,1131,,2,3.9,0
U106944,2025-03-22,Free,EMEA,Paid,SMB,1,0,4.0,1,4.4,0
U106945,2025-04-22,Free,LATAM,Organic,SMB,1,0,3.0,0,,1
U106946,2024-07-12,Free,EMEA,Paid,SMB,1,0,3.0,0,,1
U106947,2024-09-11,Free,NA,Organic,SMB,1,0,1.0,0,,1
U106948,2025-06-15,Free,LATAM,Organic,Mid-Market,1,0,7.0,0,,0
U106949,2024-03-08,Business,NA,Organic,Mid-Market,37,1073,26.0,3,2.9,0
U106950,2025-04-25,Starter,NA,Organic,SMB,5,60,13.0,0,,0
U106951,2024-09-23,Free,NA,Organic,SMB,1,0,0.0,1,4.0,0
U106952,2024-04-23,Business,APAC,Organic,Mid-Market,24,696,21.0,4,3.9,0
U106953,2024-07-11,Starter,NA,Organic,SMB,4,48,6.0,0,,1
U106954,2024-05-19,Starter,NA,Organic,Mid-Market,3,36,8.0,1,4.0,0
U106955,2025-04-28,Enterprise,EMEA,Partner,Mid-Market,290,14210,39.0,4,4.5,0
U106956,2024-11-27,Free,LATAM,Paid,Mid-Market,1,0,1.0,1,4.5,1
U106957,2024-01-30,Free,APAC,Paid,Mid-Market,1,0,8.0,0,,0
U106958,2025-01-31,Free,EMEA,Organic,SMB,1,0,3.0,0,,1
U106959,2025-05-12,Free,EMEA,Organic,SMB,1,0,6.0,0,,0
U106960,2025-03-28,Starter,EMEA,Organic,SMB,2,24,17.0,0,,1
U106961,2025-05-29,Free,NA,Organic,Enterprise,1,0,1.0,0,,0
U106962,2024-02-24,Free,NA,Organic,SMB,1,0,0.0,0,,0
U106963,2024-02-28,Starter,APAC,Paid,Enterprise,2,24,21.0,1,3.3,0
U106964,2024-02-04,Free,EMEA,Partner,SMB,1,0,17.0,0,,0
U106965,2024-02-20,Starter,NA,Paid,SMB,6,72,14.0,2,3.5,0
U106966,2024-03-07,Free,NA,Organic,SMB,1,0,0.0,0,,1
U106967,2024-05-04,Free,NA,Organic,Mid-Market,1,0,3.0,0,,0
U106968,2024-10-04,Business,NA,Referral,SMB,10,290,16.0,1,4.4,0
U106969,2024-05-17,Free,APAC,Organic,Enterprise,1,0,1.0,0,,0
U106970,2025-04-12,Free,NA,Partner,SMB,1,0,,0,,1
U106971,2024-10-01,Starter,NA,Paid,Mid-Market,6,72,17.0,1,3.2,0
U106972,2025-05-13,Free,EMEA,Organic,Mid-Market,1,0,8.0,0,,0
U106973,2024-12-18,Enterprise,NA,Organic,Enterprise,275,13475,33.0,2,4.5,0
U106974,2024-03-07,Free,EMEA,Paid,Mid-Market,1,0,0.0,0,,1
U106975,2024-08-22,Starter,NA,Organic,SMB,4,48,4.0,2,5.0,0
U106976,2024-07-27,Business,NA,Referral,SMB,16,464,11.0,3,3.4,0
U106977,2024-08-08,Enterprise,LATAM,Organic,Enterprise,142,6958,24.0,1,2.4,0
U106978,2024-04-11,Business,EMEA,Organic,SMB,39,1131,16.0,1,5.0,1
U106979,2025-03-12,Starter,NA,Paid,SMB,3,36,4.0,1,4.2,1
U106980,2024-05-10,Starter,EMEA,Organic,Mid-Market,2,24,7.0,2,4.6,1
U106981,2024-10-03,Free,EMEA,Partner,Mid-Market,1,0,4.0,1,3.6,0
U106982,2024-09-22,Starter,NA,Paid,Enterprise,3,36,7.0,1,3.9,0
U106983,2024-08-16,Enterprise,APAC,Organic,SMB,207,10143,,5,2.5,1
U106984,2024-08-08,Free,NA,Organic,SMB,1,0,0.0,0,,0
U106985,2024-08-08,Enterprise,NA,Referral,SMB,261,12789,16.0,3,4.7,0
U106986,2024-12-20,Free,EMEA,Organic,Mid-Market,1,0,0.0,1,3.5,1
U106987,2024-06-21,Free,NA,Organic,Mid-Market,1,0,,0,,0
U106988,2024-09-26,Business,LATAM,Paid,SMB,35,1015,28.0,2,3.2,0
U106989,2025-05-22,Free,NA,Organic,SMB,1,0,0.0,1,3.7,0
U106990,2024-04-19,Free,NA,Organic,Enterprise,1,0,4.0,0,,0
U106991,2024-07-27,Free,APAC,Organic,SMB,1,0,6.0,1,3.2,0
U106992,2025-01-21,Free,NA,Paid,Mid-Market,1,0,7.0,0,,0
U106993,2025-06-06,Free,EMEA,Paid,SMB,1,0,9.0,0,,0
U106994,2024-05-10,Free,APAC,Paid,Mid-Market,1,0,25.0,0,,0
U106995,2024-01-01,Starter,APAC,Referral,SMB,2,24,14.0,0,,0
U106996,2024-03-28,Free,EMEA,Organic,Enterprise,1,0,5.0,0,,1
U106997,2024-11-14,Free,EMEA,Paid,SMB,1,0,1.0,0,,1
U106998,2024-12-05,Starter,NA,Organic,SMB,4,48,11.0,1,4.6,1
U106999,2024-11-14,Business,EMEA,Paid,SMB,23,667,25.0,2,4.1,0
U107000,2024-01-16,Business,APAC,Paid,Mid-Market,9,261,12.0,3,3.1,1
U107001,2024-02-26,Starter,APAC,Paid,SMB,5,60,4.0,0,,0
U107002,2025-01-04,Starter,APAC,Organic,Mid-Market,6,72,13.0,0,,0
U107003,2024-06-09,Starter,EMEA,Organic,SMB,6,72,23.0,1,3.3,0
U107004,2024-11-30,Free,NA,Paid,Enterprise,1,0,9.0,0,,0
U107005,2024-10-12,Starter,NA,Paid,SMB,6,72,24.0,0,,0
U107006,2024-03-24,Free,APAC,Organic,Mid-Market,1,0,13.0,0,,0
U107007,2025-03-03,Starter,APAC,Partner,SMB,2,24,29.0,2,4.4,0
U107008,2025-03-11,Free,NA,Partner,SMB,1,0,0.0,0,,0
U107009,2024-07-20,Free,APAC,Paid,SMB,1,0,11.0,0,,1
U107010,2024-08-26,Enterprise,APAC,Organic,SMB,84,4116,28.0,0,,0
U107011,2025-03-21,Business,EMEA,Organic,Mid-Market,11,319,11.0,4,3.6,1
U107012,2024-01-07,Free,EMEA,Organic,Mid-Market,1,0,0.0,0,,0
U107013,2024-06-29,Free,EMEA,Organic,SMB,1,0,8.0,0,,0
U107014,2024-06-06,Starter,NA,Organic,Mid-Market,6,72,0.0,2,5.0,0
U107015,2024-04-07,Free,APAC,Organic,SMB,1,0,8.0,0,,0
U107016,2025-01-01,Free,NA,Partner,SMB,1,0,6.0,0,,0
U107017,2024-09-25,Free,APAC,Partner,Mid-Market,1,0,2.0,0,,0
U107018,2024-07-29,Starter,EMEA,Organic,Mid-Market,4,48,18.0,2,5.0,0
U107019,2024-11-18,Free,APAC,Organic,Mid-Market,1,0,14.0,0,,0
U107020,2024-04-04,Business,APAC,Organic,SMB,37,1073,8.0,0,,0
U107021,2024-02-07,Starter,NA,Organic,Mid-Market,5,60,13.0,3,3.7,0
U107022,2025-02-16,Starter,EMEA,Paid,SMB,3,36,26.0,1,2.5,0
U107023,2024-11-18,Business,EMEA,Organic,SMB,26,754,7.0,4,3.9,0
U107024,2024-03-12,Enterprise,NA,Organic,Mid-Market,235,11515,22.0,0,,0
U107025,2024-09-02,Business,EMEA,Paid,Mid-Market,14,406,40.0,2,3.1,0
U107026,2025-01-24,Business,EMEA,Organic,Mid-Market,5,145,26.0,4,3.1,0
U107027,2024-04-21,Free,APAC,Organic,SMB,1,0,12.0,1,4.2,0
U107028,2025-01-15,Starter,NA,Organic,Mid-Market,7,84,13.0,2,4.3,0
U107029,2024-08-16,Free,EMEA,Referral,SMB,1,0,1.0,2,5.0,1
U107030,2024-11-13,Enterprise,APAC,Organic,Mid-Market,196,9604,31.0,3,3.2,0
U107031,2025-03-14,Free,LATAM,Organic,SMB,1,0,2.0,0,,1
U107032,2024-10-03,Free,NA,Referral,Enterprise,1,0,,0,,0
U107033,2024-05-02,Free,NA,Partner,SMB,1,0,7.0,0,,0
U107034,2025-05-08,Business,LATAM,Partner,SMB,36,1044,30.0,1,3.6,0
U107035,2024-10-30,Business,APAC,Paid,SMB,29,841,34.0,4,3.4,1
U107036,2024-09-10,Free,NA,Organic,SMB,1,0,5.0,1,4.2,0
U107037,2024-05-09,Starter,EMEA,Paid,SMB,4,48,,3,3.3,0
U107038,2025-04-11,Free,EMEA,Paid,SMB,1,0,0.0,0,,1
U107039,2024-02-27,Business,LATAM,Organic,SMB,21,609,22.0,2,3.3,0
U107040,2025-06-08,Free,EMEA,Organic,SMB,1,0,1.0,1,3.8,0
U107041,2024-12-05,Free,NA,Partner,SMB,1,0,14.0,0,,0
U107042,2025-01-21,Free,APAC,Partner,SMB,1,0,5.0,0,,0
U107043,2024-01-16,Free,EMEA,Paid,Enterprise,1,0,9.0,0,,0
U107044,2024-02-24,Enterprise,NA,Referral,Enterprise,292,14308,33.0,2,4.5,0
U107045,2025-06-05,Free,APAC,Organic,SMB,1,0,0.0,1,3.7,0
U107046,2025-05-28,Starter,NA,Partner,SMB,3,36,13.0,1,3.9,0
U107047,2025-04-21,Free,APAC,Organic,SMB,1,0,8.0,0,,0
U107048,2024-02-05,Starter,APAC,Partner,SMB,2,24,13.0,0,,0
U107049,2024-10-12,Starter,NA,Paid,SMB,6,72,23.0,0,,0
U107050,2024-12-21,Starter,APAC,Organic,Enterprise,4,48,22.0,1,5.0,0
U107051,2024-02-10,Free,LATAM,Organic,Enterprise,1,0,1.0,1,5.0,1
U107052,2024-01-29,Free,APAC,Referral,SMB,1,0,5.0,0,,0
U107053,2024-12-31,Business,NA,Organic,SMB,35,1015,10.0,0,,0
U107054,2024-05-04,Starter,NA,Organic,SMB,3,36,9.0,2,3.9,1
U107055,2024-12-27,Free,NA,Organic,Mid-Market,1,0,4.0,0,,0
U107056,2024-01-18,Starter,EMEA,Organic,SMB,3,36,4.0,0,,0
U107057,2024-10-22,Starter,NA,Paid,SMB,6,72,4.0,1,4.5,0
U107058,2025-01-24,Free,NA,Partner,Enterprise,1,0,0.0,0,,0
U107059,2024-08-15,free,EMEA,Paid,SMB,1,0,11.0,0,,0
U107060,2025-04-17,Starter,APAC,Organic,SMB,5,60,,2,4.7,1
U107061,2025-05-06,Starter,EMEA,Organic,SMB,2,24,4.0,0,,0
U107062,2024-09-15,Free,EMEA,Partner,Mid-Market,1,0,0.0,0,,1
U107063,2025-01-23,Free,EMEA,Referral,SMB,1,0,3.0,0,,0
U107064,2024-11-04,Starter,,Organic,SMB,6,72,0.0,0,,1
U107065,2024-08-21,Enterprise,NA,Organic,SMB,125,6125,17.0,0,,0
U107066,2025-05-07,Enterprise,EMEA,Organic,Mid-Market,182,8918,22.0,0,,0
U107067,2024-12-24,Starter,EMEA,Organic,Mid-Market,2,24,17.0,2,4.1,0
U107068,2024-01-26,Free,NA,Referral,SMB,1,0,14.0,1,3.4,0
U107069,2025-03-01,Free,NA,Paid,Mid-Market,1,0,0.0,0,,0
U107070,2025-03-25,Starter,EMEA,Referral,Mid-Market,5,60,9.0,1,3.6,0
U107071,2024-07-30,Business,EMEA,Organic,SMB,13,377,15.0,3,3.8,1
U107072,2025-03-03,Starter,EMEA,Referral,SMB,3,36,4.0,0,,1
U107073,2025-02-18,Business,EMEA,Organic,SMB,35,1015,4.0,0,,1
U107074,2025-06-15,Free,APAC,Partner,SMB,1,0,8.0,0,,1
U107075,2024-09-29,Free,NA,Partner,SMB,1,0,0.0,0,,0
U107076,2024-11-12,Business,,Organic,SMB,29,841,22.0,1,2.1,1
U107077,2024-07-27,Free,,Referral,SMB,1,0,17.0,0,,0
U107078,2024-12-14,Free,EMEA,Organic,SMB,1,0,0.0,0,,0
U107079,2025-03-26,Starter,EMEA,Paid,Mid-Market,3,36,16.0,0,,0
U107080,2024-10-08,Enterprise,EMEA,Organic,SMB,69,3381,26.0,3,3.1,0
U107081,2024-04-23,Business,LATAM,Partner,Enterprise,33,957,20.0,1,4.0,0
U107082,2024-07-13,Business,APAC,Organic,SMB,30,870,32.0,1,3.8,0
U107083,2025-01-29,Free,NA,Paid,Mid-Market,1,0,4.0,0,,1
U107084,2024-12-20,Starter,NA,Paid,Mid-Market,6,72,8.0,1,3.0,0
U107085,2025-05-13,Starter,NA,Organic,SMB,3,36,7.0,0,,1
U107086,2024-05-21,Free,APAC,Organic,SMB,1,0,9.0,0,,0
U107087,2024-06-03,Starter,EMEA,Organic,SMB,7,84,23.0,1,3.7,0
U107088,2025-05-26,Free,NA,Organic,SMB,1,0,8.0,0,,0
U107089,2024-08-21,Starter,NA,Partner,SMB,3,36,9.0,1,4.9,1
U107090,2025-06-14,Starter,NA,Partner,SMB,7,84,11.0,0,,0
U107091,2024-08-31,Free,NA,Referral,Mid-Market,1,0,1.0,0,,1
U107092,2024-11-20,Starter,EMEA,Referral,Mid-Market,6,72,22.0,0,,0
U107093,2024-11-06,Business,EMEA,Paid,SMB,36,1044,13.0,1,5.0,1
U107094,2024-10-04,Free,NA,Organic,SMB,1,0,12.0,0,,1
U107095,2025-02-22,Starter,LATAM,Partner,Enterprise,4,48,10.0,0,,0
U107096,2024-01-30,Enterprise,NA,Paid,SMB,99,4851,19.0,3,3.5,0
U107097,2024-09-13,Starter,NA,Referral,Mid-Market,4,48,17.0,0,,0
U107098,2024-12-04,Starter,LATAM,Referral,SMB,2,24,19.0,3,4.9,0
U107099,2024-11-25,Business,NA,Partner,SMB,33,957,20.0,1,4.6,0
U107100,2024-05-24,Business,NA,Paid,Mid-Market,14,406,15.0,0,,0
U107101,2025-04-10,Business,LATAM,Organic,Mid-Market,33,957,12.0,3,4.0,0
U107102,2025-03-05,Business,EMEA,Partner,SMB,6,174,19.0,2,4.1,0
U107103,2024-10-14,Starter,EMEA,Organic,SMB,5,60,8.0,1,4.5,0
U107104,2024-11-26,Free,NA,Organic,SMB,1,0,,0,,0
U107105,2024-01-21,Business,LATAM,Paid,SMB,5,145,36.0,4,3.6,0
U107106,2025-02-03,free,APAC,Paid,SMB,1,0,4.0,0,,0
U107107,2024-06-23,Enterprise,EMEA,Referral,SMB,53,2597,33.0,0,,0
U107108,2025-06-17,Starter,NA,Paid,SMB,2,24,13.0,1,3.3,0
U107109,2024-09-11,Starter,EMEA,Organic,Mid-Market,3,36,18.0,1,4.3,0
U107110,2025-05-10,Business,LATAM,Partner,SMB,9,261,15.0,1,3.6,0
U107111,2024-01-31,Business,APAC,Organic,SMB,17,493,22.0,1,3.6,0
U107112,2024-07-02,Free,EMEA,Referral,Enterprise,1,0,30.0,0,,0
U107113,2024-07-13,Free,NA,Referral,Enterprise,1,0,10.0,0,,0
U107114,2025-05-08,Free,NA,Organic,SMB,1,0,9.0,0,,0
U107115,2025-03-13,Free,APAC,Organic,SMB,1,0,0.0,0,,0
U107116,2024-11-04,Starter,EMEA,Organic,SMB,5,60,12.0,1,4.8,0
U107117,2025-06-19,Starter,APAC,Partner,SMB,4,48,16.0,0,,0
U107118,2024-08-16,Free,EMEA,Referral,Mid-Market,1,0,9.0,0,,0
U107119,2024-01-05,Free,NA,Organic,SMB,1,0,6.0,0,,0
U107120,2024-03-26,Free,NA,Organic,Mid-Market,1,0,8.0,0,,0
U107121,2024-06-12,Enterprise,LATAM,Referral,Mid-Market,248,12152,24.0,7,3.0,1
U107122,2024-05-05,Business,NA,Organic,SMB,14,406,28.0,1,3.0,0
U107123,2024-04-02,Business,NA,Partner,SMB,9,261,20.0,0,,1
U107124,2025-04-09,Free,NA,Partner,SMB,1,0,15.0,0,,0
U107125,2024-11-30,Free,EMEA,Partner,Enterprise,1,0,7.0,1,4.0,1
U107126,2024-12-09,Business,NA,Paid,SMB,9,261,28.0,1,3.8,0
U107127,2024-10-11,Starter,NA,Organic,Mid-Market,4,48,16.0,2,4.1,0
U107128,2025-03-11,Free,EMEA,Organic,Mid-Market,1,0,16.0,0,,1
U107129,2024-02-28,Starter,APAC,Organic,SMB,2,24,7.0,1,4.0,0
U107130,2024-07-02,Business,EMEA,Organic,SMB,17,493,,1,3.6,0
U107131,2024-02-12,Starter,NA,Organic,SMB,3,36,7.0,0,,0
U107132,2024-06-15,Free,EMEA,Organic,SMB,1,0,2.0,1,4.3,1
U107133,2025-03-09,Business,EMEA,Organic,Mid-Market,27,783,18.0,1,3.7,0
U107134,2025-03-03,Free,LATAM,Organic,Mid-Market,1,0,0.0,0,,0
U107135,2024-06-03,free,LATAM,Organic,SMB,1,0,0.0,0,,0
U107136,2024-01-22,Starter,NA,Organic,SMB,7,84,11.0,1,4.4,0
U107137,2024-09-11,Free,NA,Paid,SMB,1,0,2.0,0,,0
U107138,2024-09-25,Free,APAC,Organic,Enterprise,1,0,4.0,1,2.9,0
U107139,2024-03-06,Starter,EMEA,Organic,SMB,3,36,5.0,3,3.2,0
U107140,2025-01-20,Free,NA,Organic,SMB,1,0,2.0,0,,0
U107141,2024-11-21,Business,LATAM,Organic,Mid-Market,15,435,21.0,2,4.1,0
U107142,2025-04-03,Starter,EMEA,Referral,Enterprise,7,84,14.0,0,,0
U107143,2024-04-03,Free,APAC,Referral,SMB,1,0,0.0,0,,0
U107144,2024-09-20,Starter,NA,Organic,Mid-Market,2,24,17.0,0,,0
U107145,2025-01-04,Free,NA,Paid,Enterprise,1,0,0.0,0,,1
U107146,2024-10-23,Business,LATAM,Organic,Mid-Market,21,609,12.0,0,,0
U107147,2025-04-26,Free,EMEA,Paid,SMB,1,0,10.0,0,,0
U107148,2025-06-03,Starter,EMEA,Organic,Mid-Market,7,84,31.0,0,,0
U107149,2024-05-16,Free,APAC,Paid,SMB,1,0,0.0,0,,1
U107150,2024-06-16,Free,EMEA,Organic,Mid-Market,1,0,15.0,0,,0
U107151,2025-03-11,Free,EMEA,Organic,Mid-Market,1,0,2.0,1,2.4,0
U107152,2024-03-19,Enterprise,NA,Organic,SMB,163,7987,25.0,2,4.5,0
U107153,2025-06-22,Free,EMEA,Referral,SMB,1,0,0.0,0,,0
U107154,2024-07-22,Business,EMEA,Organic,SMB,34,986,24.0,2,4.0,0
U107155,2025-03-24,Starter,APAC,Paid,Mid-Market,2,24,25.0,0,,0
U107156,2024-03-26,Starter,NA,Paid,SMB,2,24,19.0,0,,0
U107157,2025-06-08,Business,APAC,Partner,Mid-Market,32,928,10.0,3,1.6,0
U107158,2025-04-09,Enterprise,APAC,Organic,Mid-Market,188,9212,30.0,3,4.3,0
U107159,2024-12-15,Enterprise,NA,Organic,Mid-Market,183,8967,20.0,2,3.8,0
U107160,2024-06-17,Starter,NA,Paid,Mid-Market,2,24,26.0,2,4.0,0
U107161,2024-12-20,Free,NA,Paid,SMB,1,0,4.0,1,4.0,0
U107162,2024-06-23,Starter,APAC,Paid,SMB,2,24,19.0,1,3.7,0
U107163,2024-06-26,Enterprise,,Paid,Enterprise,275,13475,24.0,4,3.2,0
U107164,2024-07-11,free,LATAM,Organic,Enterprise,1,0,3.0,0,,1
U107165,2024-07-22,Business,APAC,Referral,SMB,28,812,24.0,2,3.4,0
U107166,2024-04-15,Business,APAC,Organic,SMB,18,522,24.0,1,4.5,0
U107167,2024-10-28,Starter,NA,Organic,Enterprise,7,84,,0,,1
U107168,2024-06-05,Free,NA,Organic,SMB,1,0,0.0,0,,0
U107169,2024-02-02,Free,NA,Organic,Mid-Market,1,0,1.0,0,,0
U107170,2024-01-28,Business,,Organic,SMB,36,1044,22.0,2,4.9,0
U107171,2025-05-15,Free,NA,Organic,SMB,1,0,2.0,1,5.0,0
U107172,2024-11-25,Free,NA,Organic,SMB,1,0,9.0,1,4.6,0
U107173,2025-06-09,Starter,EMEA,Partner,SMB,2,24,16.0,2,4.3,0
U107174,2024-11-08,Starter,EMEA,Partner,Enterprise,5,60,0.0,1,4.2,0
U107175,2024-12-07,Free,EMEA,Partner,SMB,1,0,0.0,1,5.0,0
U107176,2025-06-13,Free,APAC,Referral,SMB,1,0,15.0,0,,1
U107177,2024-10-25,Free,EMEA,Referral,Mid-Market,1,0,0.0,0,,0
U107178,2024-08-16,Free,EMEA,Paid,SMB,1,0,0.0,1,3.9,0
U107179,2025-03-23,Starter,EMEA,Paid,SMB,5,60,17.0,1,4.9,0
U107180,2024-07-13,Free,APAC,Organic,Mid-Market,1,0,14.0,0,,0
U107181,2024-08-06,Free,EMEA,Organic,SMB,1,0,9.0,0,,1
U107182,2024-06-26,Business,,Paid,SMB,32,928,29.0,3,4.2,0
U107183,2024-12-20,Free,APAC,Referral,Mid-Market,1,0,0.0,1,4.1,0
U107184,2024-02-04,Business,APAC,Partner,Mid-Market,38,1102,20.0,2,3.4,0
U107185,2024-07-26,Business,EMEA,Organic,SMB,23,667,21.0,2,4.2,1
U107186,2024-08-12,Starter,NA,Organic,SMB,6,72,12.0,1,4.7,0
U107187,2024-11-28,Starter,EMEA,Referral,SMB,7,84,12.0,1,4.4,1
U107188,2024-03-02,Starter,LATAM,Paid,SMB,5,60,10.0,1,4.6,0
U107189,2024-09-19,Free,EMEA,Paid,SMB,1,0,11.0,0,,1
U107190,2024-10-14,Business,APAC,Organic,SMB,13,377,31.0,1,3.7,0
U107191,2024-10-05,Free,NA,Referral,SMB,1,0,0.0,0,,1
U107192,2024-04-30,Enterprise,NA,Organic,SMB,46,2254,22.0,2,3.2,0
U107193,2025-03-03,Starter,LATAM,Organic,SMB,4,48,13.0,1,5.0,0
U107194,2025-06-23,Business,NA,Organic,SMB,12,348,36.0,3,2.6,0
U107195,2025-02-07,Business,NA,Organic,Mid-Market,5,145,18.0,0,,0
U107196,2024-01-29,Free,NA,Paid,Enterprise,1,0,3.0,1,4.1,0
U107197,2024-01-27,Free,APAC,Paid,SMB,1,0,8.0,1,3.9,0
U107198,2024-03-17,Starter,EMEA,Organic,Mid-Market,6,72,5.0,1,3.0,0
U107199,2024-09-06,Free,EMEA,Referral,SMB,1,0,10.0,1,3.9,0
U107200,2024-03-12,Free,NA,Organic,Mid-Market,1,0,16.0,0,,0
U107201,2024-12-08,Free,EMEA,Organic,SMB,1,0,0.0,0,,0
U107202,2024-08-22,Free,APAC,Organic,SMB,1,0,7.0,0,,1
U107203,2024-12-24,Free,NA,Referral,Mid-Market,1,0,0.0,0,,0
U107204,2024-05-21,Starter,LATAM,Organic,Enterprise,5,60,18.0,0,,0
U107205,2024-04-24,Enterprise,NA,Organic,Mid-Market,193,9457,26.0,3,3.2,0
U107206,2024-12-03,Business,NA,Organic,SMB,18,522,15.0,1,4.4,1
U107207,2024-03-24,business,EMEA,Paid,SMB,36,1044,26.0,0,,0
U107208,2024-06-18,Starter,NA,Referral,SMB,2,24,8.0,1,5.0,0
U107209,2024-05-29,Starter,NA,Referral,Mid-Market,3,36,18.0,0,,0
U107210,2025-01-03,Enterprise,LATAM,Organic,Mid-Market,180,8820,23.0,1,4.3,1
U107211,2024-01-08,Business,NA,Organic,SMB,29,841,17.0,2,3.5,0
U107212,2024-08-22,Business,LATAM,Paid,SMB,29,841,35.0,5,4.5,0
U107213,2024-10-18,Business,NA,Paid,SMB,20,580,16.0,2,2.8,0
U107214,2025-03-05,Free,NA,Organic,Mid-Market,1,0,0.0,0,,1
U107215,2024-06-22,Free,NA,Organic,SMB,1,0,0.0,0,,0
U107216,2025-04-07,Free,NA,Paid,Enterprise,1,0,2.0,1,3.5,1
U107217,2024-10-09,Free,EMEA,Organic,SMB,1,0,11.0,0,,0
U107218,2024-07-16,Free,NA,Organic,SMB,1,0,18.0,0,,0
U107219,2025-04-25,Starter,EMEA,Paid,SMB,2,24,13.0,1,5.0,0
U107220,2025-04-21,Free,NA,Partner,Enterprise,1,0,11.0,0,,0
U107221,2024-05-17,Business,EMEA,Referral,SMB,11,319,15.0,2,4.1,0
U107222,2024-01-18,Business,NA,Organic,SMB,26,754,29.0,2,3.9,0
U107223,2024-10-26,Business,EMEA,Organic,SMB,16,464,23.0,2,4.3,1
U107224,2025-04-22,Free,NA,Organic,SMB,1,0,9.0,1,5.0,0
U107225,2024-09-05,Free,APAC,Referral,SMB,1,0,5.0,0,,0
U107226,2025-05-16,Free,EMEA,Paid,SMB,1,0,12.0,0,,0
U107227,2024-06-24,Free,EMEA,Referral,SMB,1,0,0.0,0,,1
U107228,2025-02-20,Free,NA,Organic,Enterprise,1,0,8.0,0,,0
U107229,2024-06-15,Free,NA,Organic,SMB,1,0,6.0,0,,1
U107230,2024-03-09,Starter,NA,Paid,SMB,7,84,4.0,2,5.0,1
U107231,2025-02-10,Starter,APAC,Organic,SMB,4,48,17.0,0,,0
U107232,2025-01-20,Starter,NA,Organic,SMB,6,72,18.0,1,3.8,0
U107233,2024-06-26,Free,EMEA,Organic,SMB,1,0,14.0,0,,0
U107234,2024-03-21,Starter,EMEA,Organic,SMB,2,24,14.0,0,,0
U107235,2024-03-11,Free,NA,Paid,SMB,1,0,21.0,0,,0
U107236,2024-03-21,Enterprise,EMEA,Referral,SMB,243,11907,15.0,1,3.5,0
U107237,2024-02-19,Free,EMEA,Paid,SMB,1,0,0.0,0,,0
U107238,2024-07-21,Starter,NA,Paid,Mid-Market,7,84,12.0,1,4.4,0
U107239,2024-11-09,Business,LATAM,Referral,Mid-Market,35,1015,24.0,2,5.0,0
U107240,2024-12-21,Starter,EMEA,Organic,SMB,7,84,25.0,1,3.2,0
U107241,2025-05-11,Business,NA,Partner,SMB,8,232,14.0,2,4.6,0
U107242,2025-02-03,Starter,NA,Organic,Mid-Market,5,60,22.0,1,4.1,0
U107243,2024-01-01,Free,EMEA,Organic,Mid-Market,1,0,4.0,0,,1
U107244,2025-03-07,Starter,EMEA,Organic,Enterprise,6,72,5.0,0,,1
U107245,2024-08-28,Starter,LATAM,Partner,Mid-Market,6,72,23.0,0,,0
U107246,2024-03-23,Business,NA,Paid,SMB,22,638,16.0,2,3.5,0
U107247,2025-06-11,Business,NA,Referral,SMB,9,261,29.0,0,,0
U107248,2024-10-13,Starter,EMEA,Paid,SMB,5,60,22.0,1,5.0,0
U107249,2024-05-27,Business,EMEA,Organic,SMB,34,986,26.0,0,,0
U107250,2024-04-21,Business,APAC,Referral,Mid-Market,32,928,29.0,0,,0
U107251,2024-06-19,Free,LATAM,Paid,SMB,1,0,9.0,0,,0
U107252,2025-02-28,Starter,,Organic,SMB,7,84,16.0,1,4.7,0
U107253,2025-06-19,Enterprise,APAC,Paid,SMB,297,14553,30.0,3,3.5,0
U107254,2024-09-22,Enterprise,LATAM,Organic,SMB,241,11809,16.0,6,3.5,1
U107255,2024-09-09,Free,APAC,Organic,Mid-Market,1,0,0.0,0,,0
U107256,2025-04-01,Free,EMEA,Organic,SMB,1,0,7.0,1,4.8,0
U107257,2024-07-02,Free,EMEA,Referral,SMB,1,0,4.0,0,,0
U107258,2024-12-15,Free,NA,Partner,Mid-Market,1,0,4.0,0,,0
U107259,2024-12-17,Starter,APAC,Paid,Mid-Market,3,36,22.0,1,4.8,0
U107260,2024-06-29,Free,APAC,Organic,SMB,1,0,3.0,0,,1
U107261,2024-02-28,Business,APAC,Partner,SMB,13,377,11.0,2,3.5,1
U107262,2025-03-04,Starter,APAC,Organic,SMB,4,48,10.0,0,,0
U107263,2025-05-21,Free,APAC,Paid,Mid-Market,1,0,9.0,1,4.6,0
U107264,2024-02-29,Free,EMEA,Paid,SMB,1,0,7.0,1,4.8,1
U107265,2025-02-15,Starter,NA,Paid,Enterprise,3,36,17.0,1,4.9,1
U107266,2025-03-29,Enterprise,APAC,Organic,SMB,195,9555,44.0,2,5.0,0
U107267,2024-12-30,Business,EMEA,Organic,Mid-Market,27,783,14.0,2,5.0,0
U107268,2024-07-23,Starter,EMEA,Paid,SMB,6,72,14.0,0,,1
U107269,2025-02-09,Free,NA,Organic,SMB,1,0,0.0,0,,0
U107270,2024-09-26,Enterprise,APAC,Organic,SMB,42,2058,42.0,6,3.8,0
U107271,2024-08-29,Starter,EMEA,Organic,SMB,6,72,4.0,2,3.0,1
U107272,2024-09-30,Free,NA,Paid,SMB,1,0,0.0,0,,1
U107273,2024-11-21,Business,NA,Organic,SMB,29,841,17.0,1,3.4,1
U107274,2024-05-06,Starter,NA,Partner,Mid-Market,2,24,5.0,0,,1
U107275,2024-05-05,Starter,EMEA,Organic,SMB,2,24,18.0,2,3.5,0
U107276,2024-08-25,Starter,,Referral,Enterprise,3,36,20.0,1,5.0,0
U107277,2024-06-20,Starter,NA,Organic,SMB,7,84,16.0,0,,0
U107278,2024-06-18,Business,EMEA,Organic,Mid-Market,31,899,14.0,3,5.0,0
U107279,2025-06-21,Free,EMEA,Partner,Enterprise,1,0,0.0,1,3.5,0
U107280,2024-08-26,Starter,EMEA,Organic,Mid-Market,7,84,15.0,0,,0
U107281,2024-12-23,Starter,APAC,Paid,SMB,3,36,23.0,1,3.2,0
U107282,2025-01-16,Starter,EMEA,Partner,Mid-Market,6,72,0.0,1,3.5,0
U107283,2025-03-29,Starter,APAC,Paid,SMB,5,60,9.0,1,4.0,0
U107284,2025-03-19,Starter,LATAM,Referral,Enterprise,6,72,9.0,1,3.5,0
U107285,2025-03-17,Starter,LATAM,Organic,Enterprise,6,72,9.0,1,4.9,0
U107286,2024-12-30,Enterprise,APAC,Organic,SMB,284,13916,,2,3.6,1
U107287,2025-06-06,Free,EMEA,Organic,SMB,1,0,6.0,1,4.6,1
U107288,2024-08-01,Starter,NA,Paid,Mid-Market,4,48,9.0,0,,0
U107289,2025-01-12,Starter,APAC,Partner,Mid-Market,3,36,4.0,0,,0
U107290,2024-10-07,Starter,EMEA,Organic,SMB,4,48,19.0,0,,0
U107291,2025-01-04,Free,EMEA,Organic,SMB,1,0,0.0,1,2.6,1
U107292,2024-12-27,Business,,Paid,SMB,37,1073,29.0,1,5.0,0
U107293,2025-01-07,Starter,NA,Organic,SMB,2,24,19.0,1,4.5,0
U107294,2025-01-13,Free,EMEA,Paid,Mid-Market,1,0,16.0,1,3.8,0
U107295,2024-01-17,Business,APAC,Organic,SMB,36,1044,8.0,1,4.7,1
U107296,2025-05-12,Starter,NA,Organic,SMB,3,36,17.0,1,3.9,0
U107297,2024-09-18,Starter,NA,Referral,SMB,7,84,7.0,1,5.0,0
U107298,2024-02-16,Business,EMEA,Organic,Mid-Market,31,899,5.0,2,3.7,1
U107299,2024-07-29,Starter,LATAM,Organic,SMB,2,24,15.0,0,,0
U107300,2024-03-21,Free,NA,Organic,SMB,1,0,3.0,1,3.7,0
U107301,2024-04-27,Free,EMEA,Referral,SMB,1,0,8.0,2,3.0,0
U107302,2024-11-01,Business,NA,Referral,Mid-Market,35,1015,18.0,1,4.7,0
U107303,2024-01-19,Free,APAC,Organic,Mid-Market,1,0,2.0,0,,0
U107304,2025-06-10,Starter,APAC,Paid,Mid-Market,3,36,16.0,1,4.5,0
U107305,2025-01-01,Free,EMEA,Paid,SMB,1,0,10.0,0,,0
U107306,2024-08-26,Free,NA,Organic,SMB,1,0,13.0,1,5.0,0
U107307,2025-06-02,free,NA,Referral,SMB,1,0,0.0,0,,0
U107308,2024-10-06,Starter,NA,Organic,SMB,4,48,9.0,1,4.3,0
U107309,2025-02-02,Free,NA,Organic,SMB,1,0,7.0,0,,0
U107310,2024-01-08,Business,NA,Organic,Enterprise,31,899,20.0,2,3.2,0
U107311,2025-01-17,Business,NA,Organic,SMB,17,493,,2,2.9,1
U107312,2025-02-28,Free,NA,Paid,SMB,1,0,3.0,0,,1
U107313,2024-11-13,Free,NA,Organic,SMB,1,0,20.0,0,,0
U107314,2025-02-04,Business,NA,Paid,SMB,7,203,19.0,2,4.4,0
U107315,2024-10-09,Free,NA,Referral,Mid-Market,1,0,1.0,0,,0
U107316,2025-04-19,Starter,EMEA,Organic,SMB,4,48,10.0,0,,0
U107317,2024-04-17,Starter,LATAM,Referral,SMB,2,24,9.0,0,,0
U107318,2024-10-13,Starter,EMEA,Organic,Mid-Market,7,84,4.0,3,3.7,1
U107319,2024-07-05,Starter,EMEA,Referral,Mid-Market,4,48,17.0,0,,0
U107320,2024-09-28,Starter,EMEA,Organic,SMB,6,72,13.0,1,5.0,0
U107321,2024-12-06,Free,NA,Organic,SMB,1,0,11.0,0,,0
U107322,2024-11-17,Free,NA,Referral,SMB,1,0,19.0,1,2.6,0
U107323,2024-11-18,Starter,LATAM,Partner,SMB,3,36,12.0,0,,0
U107324,2024-07-15,Starter,LATAM,Organic,Mid-Market,6,72,30.0,2,4.0,0
U107325,2025-05-23,Free,NA,Organic,SMB,1,0,3.0,0,,0
U107326,2025-04-18,Starter,NA,Organic,Mid-Market,3,36,18.0,1,3.8,0
U107327,2024-09-18,Free,LATAM,Organic,SMB,1,0,0.0,0,,1
U107328,2024-10-26,Free,EMEA,Organic,SMB,1,0,9.0,1,4.0,1
U107329,2024-10-29,Starter,NA,Referral,SMB,2,24,6.0,0,,0
U107330,2024-03-25,Free,EMEA,Organic,Mid-Market,1,0,9.0,0,,0
U107331,2025-01-16,Starter,EMEA,Referral,Mid-Market,4,48,0.0,0,,1
U107332,2024-05-19,Free,NA,Organic,Mid-Market,1,0,3.0,0,,1
U107333,2025-03-15,Free,EMEA,Organic,SMB,1,0,4.0,1,4.4,0
U107334,2024-11-28,Free,EMEA,Referral,SMB,1,0,,0,,0
U107335,2024-01-01,Free,NA,Partner,SMB,1,0,0.0,0,,0
U107336,2025-01-31,Starter,,Referral,Mid-Market,5,60,17.0,0,,0
U107337,2024-07-30,Starter,NA,Organic,Enterprise,4,48,14.0,0,,0
U107338,2024-11-06,Free,LATAM,Paid,SMB,1,0,0.0,0,,0
U107339,2024-12-26,Free,NA,Organic,SMB,1,0,8.0,0,,0
U107340,2025-04-01,Starter,NA,Organic,SMB,3,36,11.0,2,3.6,1
U107341,2025-04-06,Free,NA,Organic,Mid-Market,1,0,10.0,0,,1
U107342,2024-06-15,Free,NA,Paid,Mid-Market,1,0,13.0,0,,0
U107343,2024-04-13,Free,NA,Partner,SMB,1,0,0.0,1,3.2,0
U107344,2024-12-10,Starter,,Referral,Mid-Market,3,36,14.0,0,,0
U107345,2025-03-19,Starter,NA,Organic,SMB,3,36,16.0,0,,0
U107346,2024-08-23,Free,LATAM,Paid,SMB,1,0,0.0,0,,0
U107347,2024-03-11,Free,NA,Organic,SMB,1,0,2.0,0,,0
U107348,2024-07-05,Free,NA,Organic,Enterprise,1,0,0.0,0,,1
U107349,2025-05-31,Starter,EMEA,Organic,Mid-Market,4,48,9.0,0,,0
U107350,2025-01-31,Starter,NA,Organic,SMB,4,48,4.0,0,,0
U107351,2024-08-24,Enterprise,,Organic,SMB,275,13475,26.0,1,3.5,0
U107352,2024-08-07,Business,EMEA,Paid,Mid-Market,12,348,27.0,0,,0
U107353,2024-07-16,Free,APAC,Organic,Mid-Market,1,0,15.0,0,,1
U107354,2024-08-30,Free,NA,Organic,Mid-Market,1,0,5.0,2,4.4,0
U107355,2024-02-18,Business,APAC,Organic,SMB,21,609,6.0,2,4.4,0
U107356,2024-09-02,Starter,EMEA,Organic,Mid-Market,7,84,11.0,1,3.3,1
U107357,2025-06-01,Business,NA,Partner,SMB,27,783,27.0,5,3.6,1
U107358,2024-06-28,Free,LATAM,Referral,SMB,1,0,0.0,1,3.5,0
U107359,2025-03-17,Free,,Partner,SMB,1,0,15.0,1,3.8,0
U107360,2024-06-30,Free,NA,Paid,SMB,1,0,8.0,0,,1
U107361,2025-01-24,Business,,Organic,SMB,25,725,20.0,2,2.9,1
U107362,2024-01-30,Free,LATAM,Paid,SMB,1,0,0.0,0,,0
U107363,2025-05-13,Free,APAC,Organic,Mid-Market,1,0,0.0,0,,0
U107364,2024-07-15,Free,NA,Paid,Mid-Market,1,0,7.0,1,4.4,0
U107365,2025-02-27,Starter,EMEA,Paid,SMB,6,72,16.0,0,,0
U107366,2024-10-07,Starter,NA,Organic,Mid-Market,7,84,5.0,0,,0
U107367,2024-10-30,Free,LATAM,Organic,Mid-Market,1,0,11.0,1,3.1,0
U107368,2025-01-28,Free,NA,Organic,SMB,1,0,15.0,0,,0
U107369,2024-07-19,Starter,NA,Referral,SMB,3,36,0.0,0,,0
U107370,2025-02-11,Free,LATAM,Organic,Enterprise,1,0,14.0,1,4.7,0
U107371,2025-04-30,Business,NA,Paid,Enterprise,24,696,20.0,0,,0
U107372,2024-10-05,Free,NA,Partner,SMB,1,0,9.0,0,,0
U107373,2025-02-06,Starter,APAC,Partner,Enterprise,4,48,14.0,1,4.0,1
U107374,2025-04-28,Free,EMEA,Referral,SMB,1,0,15.0,0,,0
U107375,2025-02-06,Free,NA,Organic,SMB,1,0,2.0,1,4.3,0
U107376,2024-03-14,Free,NA,Paid,SMB,1,0,2.0,1,3.8,0
U107377,2024-04-25,Starter,NA,Organic,SMB,4,48,19.0,1,4.2,0
U107378,2024-01-12,Free,NA,Organic,Mid-Market,1,0,0.0,1,3.4,0
U107379,2024-04-02,Free,NA,Organic,Mid-Market,1,0,4.0,1,4.6,0
U107380,2024-07-14,Free,EMEA,Organic,Mid-Market,1,0,10.0,1,3.6,0
U107381,2024-04-03,Business,EMEA,Organic,Mid-Market,25,725,16.0,0,,0
U107382,2024-01-19,Enterprise,EMEA,Organic,Mid-Market,297,14553,29.0,3,3.5,0
U107383,2024-02-08,Starter,APAC,Paid,SMB,2,24,20.0,0,,0
U107384,2024-09-18,Free,APAC,Paid,SMB,1,0,0.0,0,,1
U107385,2024-05-10,Starter,EMEA,Organic,SMB,4,48,11.0,0,,0
U107386,2025-03-29,Starter,EMEA,Paid,SMB,2,24,2.0,1,4.5,0
U107387,2024-08-16,Free,APAC,Paid,SMB,1,0,3.0,0,,0
U107388,2024-12-01,Business,NA,Paid,SMB,11,319,31.0,0,,0
U107389,2024-06-19,Business,APAC,Organic,SMB,26,754,19.0,0,,1
U107390,2024-05-13,Starter,NA,Partner,SMB,2,24,17.0,1,3.7,0
U107391,2024-02-11,Free,EMEA,Organic,SMB,1,0,15.0,0,,0
U107392,2024-06-10,Enterprise,NA,Organic,Mid-Market,203,9947,36.0,1,3.5,0
U107393,2024-04-13,Starter,NA,Referral,Mid-Market,3,36,14.0,1,5.0,0
U107394,2024-08-09,Free,NA,Referral,Enterprise,1,0,0.0,0,,1
U107395,2025-01-26,Starter,NA,Paid,SMB,4,48,12.0,2,3.8,0
U107396,2024-06-10,Free,NA,Organic,SMB,1,0,11.0,1,4.2,1
U107397,2024-03-25,Starter,EMEA,Partner,Mid-Market,4,48,13.0,0,,0
U107398,2025-06-13,Starter,,Referral,SMB,4,48,12.0,2,3.7,0
U107399,2025-01-19,Starter,EMEA,Partner,SMB,5,60,4.0,2,4.3,0
U107400,2024-01-21,Free,EMEA,Organic,SMB,1,0,4.0,0,,0
U107401,2024-04-14,Starter,EMEA,Referral,SMB,3,36,2.0,1,3.5,1
U107402,2024-07-23,Starter,NA,Organic,Mid-Market,3,36,6.0,1,4.9,0
U107403,2024-02-26,Free,EMEA,Paid,SMB,1,0,15.0,0,,0
U107404,2024-10-06,Starter,NA,Organic,Enterprise,7,84,0.0,0,,0
U107405,2024-01-27,Starter,EMEA,Organic,SMB,7,84,7.0,2,3.3,0
U107406,2024-02-19,Enterprise,NA,Organic,Enterprise,268,13132,27.0,6,3.6,0
U107407,2024-11-28,Business,NA,Organic,SMB,7,203,31.0,2,3.2,1
U107408,2024-05-21,Starter,EMEA,Organic,SMB,2,24,23.0,0,,0
U107409,2025-05-04,Free,APAC,Organic,Mid-Market,1,0,0.0,0,,0
U107410,2025-06-16,Free,APAC,Organic,Mid-Market,1,0,3.0,1,4.7,1
U107411,2024-10-14,Business,NA,Organic,Mid-Market,29,841,16.0,0,,0
U107412,2024-12-22,Business,APAC,Paid,Enterprise,5,145,,3,3.8,0
U107413,2024-12-21,Starter,APAC,Referral,SMB,2,24,7.0,3,4.3,0
U107414,2025-04-23,Free,EMEA,Organic,SMB,1,0,16.0,2,4.9,0
U107415,2024-03-19,Business,NA,Organic,Mid-Market,22,638,31.0,4,3.6,0
U107416,2024-01-23,Free,NA,Organic,SMB,1,0,11.0,1,4.1,0
U107417,2024-02-21,Business,NA,Partner,SMB,38,1102,23.0,0,,0
U107418,2024-02-16,Free,NA,Organic,SMB,1,0,0.0,0,,0
U107419,2024-06-15,Free,,Organic,SMB,1,0,10.0,0,,1
U107420,2024-10-06,Free,LATAM,Organic,Enterprise,1,0,0.0,1,4.7,0
U107421,2024-11-05,Free,EMEA,Organic,SMB,1,0,0.0,0,,0
U107422,2024-02-13,Starter,NA,Partner,SMB,6,72,15.0,2,3.7,0
U107423,2024-10-09,Enterprise,EMEA,Referral,Enterprise,134,6566,20.0,2,4.7,0
U107424,2024-07-22,Free,APAC,Partner,Mid-Market,1,0,3.0,0,,0
U107425,2024-05-07,Starter,APAC,Referral,Mid-Market,6,72,11.0,1,4.3,0
U107426,2024-12-31,Free,LATAM,Paid,SMB,1,0,2.0,0,,0
U107427,2025-02-02,Business,APAC,Organic,SMB,13,377,5.0,4,3.4,1
U107428,2025-04-09,Free,NA,Organic,SMB,1,0,2.0,0,,0
U107429,2025-05-16,Free,NA,Paid,Mid-Market,1,0,0.0,1,4.4,1
U107430,2024-09-06,Free,EMEA,Organic,SMB,1,0,6.0,0,,0
U107431,2025-04-07,Starter,EMEA,Organic,SMB,6,72,4.0,1,3.2,1
U107432,2025-01-13,Business,NA,Organic,Enterprise,11,319,15.0,1,3.4,0
U107433,2025-06-16,Free,,Organic,SMB,1,0,14.0,0,,0
U107434,2025-05-12,Business,APAC,Paid,SMB,33,957,17.0,4,1.4,1
U107435,2025-01-22,free,NA,Referral,SMB,1,0,3.0,0,,0
U107436,2025-04-09,Free,APAC,Paid,SMB,1,0,6.0,0,,0
U107437,2024-04-30,Free,EMEA,Organic,SMB,1,0,2.0,0,,0
U107438,2025-03-20,Business,NA,Organic,SMB,18,522,19.0,2,3.6,1
U107439,2024-12-05,Free,NA,Organic,Enterprise,1,0,9.0,0,,0
U107440,2025-05-29,Starter,APAC,Referral,SMB,3,36,35.0,0,,1
U107441,2024-06-18,Free,APAC,Organic,SMB,1,0,1.0,0,,0
U107442,2024-05-21,Free,APAC,Paid,SMB,1,0,7.0,0,,0
U107443,2024-01-31,Business,EMEA,Paid,SMB,14,406,22.0,1,4.4,0
U107444,2024-07-16,Free,NA,Paid,SMB,1,0,0.0,2,4.2,0
U107445,2024-05-22,Starter,NA,Paid,Mid-Market,2,24,13.0,1,4.7,1
U107446,2025-05-30,Free,APAC,Paid,Mid-Market,1,0,6.0,0,,0
U107447,2024-12-24,Free,NA,Paid,Mid-Market,1,0,10.0,0,,0
U107448,2024-05-22,Business,EMEA,Paid,SMB,24,696,21.0,1,4.1,0
U107449,2024-10-12,Starter,NA,Paid,SMB,3,36,10.0,0,,1
U107450,2024-07-04,Free,EMEA,Organic,Mid-Market,1,0,0.0,0,,0
U107451,2024-05-13,Free,NA,Referral,Mid-Market,1,0,16.0,0,,1
U107452,2025-01-12,Starter,APAC,Organic,SMB,4,48,12.0,2,3.8,1
U107453,2025-04-07,Starter,APAC,Organic,SMB,6,72,9.0,0,,0
U107454,2024-09-30,Starter,APAC,Organic,Mid-Market,2,24,16.0,1,4.3,0
U107455,2025-01-16,Free,LATAM,Organic,Enterprise,1,0,0.0,0,,0
U107456,2024-05-16,Free,EMEA,Organic,SMB,1,0,10.0,2,4.1,0
U107457,2024-08-04,Starter,NA,Organic,SMB,5,60,10.0,0,,0
U107458,2025-04-21,Free,NA,Partner,SMB,1,0,9.0,1,4.2,1
U107459,2024-08-13,Business,EMEA,Referral,Mid-Market,16,464,23.0,2,3.2,0
U107460,2024-02-04,Business,EMEA,Paid,SMB,20,580,30.0,2,4.2,0
U107461,2024-08-04,Starter,APAC,Organic,Mid-Market,7,84,19.0,0,,0
U107462,2024-04-28,Free,NA,Organic,SMB,1,0,0.0,1,3.9,0
U107463,2025-06-23,Free,NA,Referral,Mid-Market,1,0,8.0,0,,0
U107464,2025-06-17,Starter,LATAM,Organic,Enterprise,6,72,26.0,0,,0
U107465,2024-09-09,Enterprise,APAC,Organic,Enterprise,277,13573,16.0,2,4.4,0
U107466,2025-02-10,Business,EMEA,Organic,SMB,31,899,15.0,0,,0
U107467,2024-05-07,Business,EMEA,Organic,SMB,22,638,24.0,1,3.5,0
U107468,2025-02-03,Enterprise,NA,Paid,SMB,244,11956,17.0,3,4.6,0
U107469,2024-05-04,Free,EMEA,Paid,SMB,1,0,0.0,0,,0
U107470,2025-03-18,Free,EMEA,Organic,SMB,1,0,0.0,1,4.3,0
U107471,2024-09-01,Free,NA,Organic,SMB,1,0,8.0,0,,0
U107472,2024-12-09,Enterprise,NA,Referral,SMB,217,10633,22.0,1,3.3,0
U107473,2024-04-18,Free,NA,Partner,Enterprise,1,0,15.0,0,,0
U107474,2025-04-17,Starter,LATAM,Paid,SMB,7,84,14.0,0,,0
U107475,2024-02-09,Starter,APAC,Organic,SMB,3,36,22.0,0,,0
U107476,2024-05-11,Starter,EMEA,Organic,Mid-Market,3,36,10.0,0,,0
U107477,2024-03-21,Free,EMEA,Partner,Mid-Market,1,0,8.0,0,,1
U107478,2025-04-26,Free,,Organic,SMB,1,0,9.0,0,,0
U107479,2025-01-16,Free,EMEA,Organic,SMB,1,0,5.0,0,,0
U107480,2024-04-21,Free,NA,Organic,SMB,1,0,15.0,0,,0
U107481,2024-03-18,Enterprise,NA,Organic,SMB,51,2499,26.0,0,,0
U107482,2024-04-09,Business,LATAM,Referral,SMB,11,319,36.0,2,3.2,0
U107483,2025-05-31,Business,NA,Organic,Mid-Market,7,203,12.0,3,3.8,0
U107484,2024-02-17,Free,EMEA,Paid,SMB,1,0,16.0,1,3.9,0
U107485,2025-02-17,Starter,EMEA,Partner,SMB,7,84,18.0,0,,0
U107486,2024-11-11,Business,NA,Referral,SMB,18,522,9.0,1,4.1,0
U107487,2024-03-02,Free,APAC,Partner,SMB,1,0,9.0,0,,0
U107488,2024-04-13,Starter,EMEA,Referral,SMB,5,60,6.0,2,3.6,0
U107489,2025-03-16,Enterprise,NA,Paid,SMB,51,2499,30.0,1,5.0,0
U107490,2025-04-09,Starter,NA,Organic,Enterprise,5,60,22.0,0,,0
U107491,2024-07-11,Business,NA,Organic,SMB,20,580,24.0,4,3.8,1
U107492,2024-12-19,Starter,LATAM,Paid,SMB,4,48,12.0,0,,0
U107493,2025-04-21,Free,NA,Paid,Mid-Market,1,0,5.0,0,,0
U107494,2024-10-10,Business,NA,Organic,Mid-Market,34,986,24.0,1,2.7,0
U107495,2024-10-07,Free,NA,Organic,SMB,1,0,7.0,1,2.5,0
U107496,2024-11-20,Free,NA,Partner,SMB,1,0,9.0,0,,0
U107497,2024-03-09,Free,APAC,Organic,Mid-Market,1,0,0.0,0,,0
U107498,2025-02-10,Business,EMEA,Referral,SMB,30,870,0.0,0,,0
U107499,2025-05-20,Enterprise,EMEA,Paid,SMB,206,10094,34.0,4,4.4,0
U107500,2024-06-12,Starter,NA,Organic,SMB,4,48,0.0,2,3.6,0
U107501,2025-04-13,Free,EMEA,Organic,SMB,1,0,10.0,1,3.3,0
U107502,2025-05-01,Free,APAC,Organic,Enterprise,1,0,3.0,1,3.6,0
U107503,2024-04-18,Free,NA,Paid,SMB,1,0,7.0,0,,1
U107504,2025-02-28,Business,APAC,Organic,Mid-Market,30,870,26.0,4,2.4,1
U107505,2025-05-25,Starter,NA,Organic,SMB,6,72,11.0,1,4.6,0
U107506,2024-03-02,Enterprise,EMEA,Organic,Mid-Market,124,6076,33.0,4,3.7,0
U107507,2024-01-06,Business,EMEA,Partner,SMB,11,319,19.0,3,3.7,0
U107508,2024-06-12,Starter,NA,Organic,Mid-Market,6,72,9.0,1,4.6,0
U107509,2024-09-18,Starter,EMEA,Organic,SMB,6,72,14.0,0,,0
U107510,2024-11-26,Starter,NA,Paid,SMB,5,60,15.0,0,,0
U107511,2024-02-20,Enterprise,EMEA,Organic,SMB,163,7987,36.0,3,3.2,0
U107512,2024-05-30,Business,NA,Organic,Mid-Market,32,928,18.0,1,4.2,0
U107513,2024-07-22,Starter,NA,Referral,Mid-Market,6,72,17.0,3,5.0,0
U107514,2025-03-03,Free,EMEA,Organic,Mid-Market,1,0,17.0,0,,0
U107515,2024-08-17,Free,EMEA,Organic,Enterprise,1,0,4.0,0,,0
U107516,2025-04-21,Free,NA,Referral,SMB,1,0,9.0,0,,0
U107517,2025-03-12,Starter,NA,Paid,SMB,4,48,17.0,0,,0
U107518,2024-03-06,Starter,NA,Partner,Enterprise,3,36,23.0,1,3.8,0
U107519,2025-01-31,Business,APAC,Organic,SMB,23,667,26.0,1,2.6,0
U107520,2024-05-08,Starter,LATAM,Organic,SMB,4,48,26.0,0,,0
U107521,2025-05-25,Free,EMEA,Paid,SMB,1,0,0.0,1,4.0,1
U107522,2025-02-15,Business,LATAM,Paid,Mid-Market,5,145,32.0,1,4.8,0
U107523,2024-11-05,Free,EMEA,Organic,Mid-Market,1,0,1.0,0,,1
U107524,2024-10-12,Free,NA,Paid,Enterprise,1,0,6.0,0,,1
U107525,2025-04-04,Starter,NA,Paid,Enterprise,6,72,3.0,1,3.1,1
U107526,2024-05-13,Business,EMEA,Referral,SMB,32,928,20.0,1,4.0,0
U107527,2024-10-31,Free,NA,Referral,Enterprise,1,0,5.0,0,,0
U107528,2024-02-01,Free,EMEA,Paid,SMB,1,0,0.0,0,,1
U107529,2024-01-31,Free,,Paid,Enterprise,1,0,4.0,0,,0
U107530,2024-08-28,Starter,LATAM,Organic,SMB,7,84,14.0,0,,0
U107531,2024-06-07,Free,LATAM,Organic,SMB,1,0,12.0,0,,0
U107532,2024-04-27,Free,NA,Paid,SMB,1,0,,0,,0
U107533,2024-01-29,Free,EMEA,Organic,SMB,1,0,8.0,0,,1
U107534,2024-07-29,Free,EMEA,Paid,SMB,1,0,12.0,0,,0
U107535,2024-03-19,Free,EMEA,Partner,Mid-Market,1,0,7.0,0,,1
U107536,2024-01-04,Starter,NA,Organic,SMB,4,48,18.0,1,4.2,0
U107537,2024-12-21,Business,LATAM,Paid,Mid-Market,10,290,23.0,3,4.2,0
U107538,2024-02-27,Business,APAC,Organic,SMB,18,522,23.0,0,,0
U107539,2024-12-10,Business,NA,Partner,Mid-Market,9,261,37.0,3,2.5,0
U107540,2024-11-27,Free,EMEA,Paid,SMB,1,0,8.0,1,3.8,0
U107541,2024-03-07,Starter,LATAM,Organic,SMB,5,60,22.0,1,3.7,0
U107542,2024-03-09,Free,APAC,Referral,SMB,1,0,0.0,0,,0
U107543,2025-02-25,Starter,NA,Paid,SMB,6,72,16.0,0,,0
U107544,2024-11-18,Starter,NA,Paid,Mid-Market,5,60,14.0,1,4.9,0
U107545,2024-09-18,Starter,APAC,Paid,Mid-Market,7,84,20.0,0,,0
U107546,2024-09-25,Free,APAC,Organic,SMB,1,0,5.0,0,,0
U107547,2025-06-14,Free,EMEA,Organic,Mid-Market,1,0,5.0,0,,0
U107548,2024-05-19,Free,APAC,Paid,SMB,1,0,12.0,0,,0
U107549,2024-03-03,Business,EMEA,Paid,SMB,11,319,12.0,3,2.7,0
U107550,2024-02-19,Business,NA,Organic,SMB,34,986,23.0,0,,0
U107551,2024-10-29,Enterprise,LATAM,Paid,Mid-Market,138,6762,24.0,5,4.3,0
U107552,2024-01-11,Business,APAC,Referral,Mid-Market,11,319,25.0,1,4.1,0
U107553,2024-03-19,Business,APAC,Organic,SMB,33,957,30.0,2,5.0,0
U107554,2024-01-16,Business,LATAM,Organic,Mid-Market,17,493,6.0,1,5.0,0
U107555,2024-11-20,Business,,Referral,Enterprise,9,261,26.0,4,4.4,0
U107556,2025-04-10,Starter,NA,Referral,Mid-Market,6,72,14.0,2,4.7,0
U107557,2024-09-05,Free,NA,Organic,Enterprise,1,0,13.0,0,,0
U107558,2024-02-19,Starter,NA,Organic,Mid-Market,7,84,12.0,0,,0
U107559,2024-07-24,Free,EMEA,Referral,SMB,1,0,6.0,0,,0
U107560,2024-04-21,Business,NA,Referral,SMB,22,638,11.0,1,3.4,1
U107561,2024-05-19,Starter,APAC,Organic,SMB,4,48,16.0,1,5.0,0
U107562,2024-09-13,Business,APAC,Organic,SMB,18,522,17.0,6,2.4,1
U107563,2024-07-25,Starter,EMEA,Referral,Enterprise,7,84,4.0,2,3.8,1
U107564,2025-04-06,Free,EMEA,Paid,SMB,1,0,11.0,0,,0
U107565,2024-11-06,Starter,APAC,Paid,Mid-Market,6,72,7.0,1,3.8,0
U107566,2024-10-21,Free,APAC,Partner,Enterprise,1,0,13.0,0,,0
U107567,2025-04-01,Free,NA,Partner,SMB,1,0,8.0,0,,0
U107568,2024-11-30,Enterprise,LATAM,Paid,SMB,279,13671,35.0,3,2.4,0
U107569,2024-01-08,Starter,LATAM,Paid,SMB,4,48,15.0,0,,0
U107570,2024-08-11,Starter,LATAM,Paid,Mid-Market,5,60,7.0,2,4.0,0
U107571,2024-10-19,Free,NA,Referral,SMB,1,0,0.0,0,,0
U107572,2024-07-03,Starter,EMEA,Organic,SMB,7,84,26.0,2,3.9,0
U107573,2024-10-26,Free,NA,Organic,Mid-Market,1,0,4.0,0,,0
U107574,2024-04-01,Enterprise,NA,Referral,Mid-Market,216,10584,22.0,2,4.0,0
U107575,2025-04-02,Starter,LATAM,Organic,SMB,3,36,14.0,1,3.3,0
U107576,2024-04-19,Business,NA,Partner,SMB,23,667,14.0,2,2.5,1
U107577,2024-01-21,Free,APAC,Organic,SMB,1,0,16.0,2,5.0,1
U107578,2024-01-22,Free,,Referral,Mid-Market,1,0,9.0,0,,0
U107579,2025-03-13,Free,NA,Organic,Mid-Market,1,0,0.0,0,,0
U107580,2024-10-01,Starter,LATAM,Organic,SMB,5,60,8.0,2,4.5,0
U107581,2025-05-31,Enterprise,NA,Organic,SMB,60,2940,20.0,2,4.5,0
U107582,2024-03-01,Starter,APAC,Paid,SMB,3,36,9.0,0,,0
U107583,2024-11-06,Free,NA,Paid,Mid-Market,1,0,8.0,0,,0
U107584,2024-07-18,Business,APAC,Referral,Mid-Market,37,1073,23.0,2,4.7,0
U107585,2024-05-23,Free,EMEA,Partner,SMB,1,0,6.0,0,,1
U107586,2025-02-27,Starter,NA,Partner,Enterprise,6,72,14.0,0,,1
U107587,2025-03-22,Free,NA,Organic,SMB,1,0,0.0,0,,0
U107588,2025-06-23,Starter,NA,Referral,Mid-Market,4,48,16.0,1,3.8,0
U107589,2024-10-03,Starter,EMEA,Partner,Enterprise,2,24,23.0,2,3.2,0
U107590,2024-07-03,Starter,NA,Paid,Mid-Market,7,84,22.0,1,4.9,1
U107591,2024-09-23,Starter,EMEA,Partner,Mid-Market,4,48,9.0,0,,0
U107592,2024-05-20,Free,NA,Organic,SMB,1,0,,0,,1
U107593,2025-03-15,Enterprise,NA,Paid,Mid-Market,99,4851,24.0,0,,1
U107594,2024-04-07,Free,NA,Organic,SMB,1,0,12.0,0,,0
U107595,2025-03-29,Free,NA,Organic,SMB,1,0,6.0,1,5.0,1
U107596,2024-03-16,Starter,EMEA,Organic,Mid-Market,7,84,6.0,2,4.0,0
U107597,2025-01-03,Starter,EMEA,Paid,SMB,7,84,18.0,1,3.7,0
U107598,2024-11-07,Free,NA,Referral,SMB,1,0,11.0,0,,0
U107599,2025-06-15,Free,EMEA,Paid,Mid-Market,1,0,10.0,2,3.2,0
U107600,2024-05-01,Starter,EMEA,Referral,Mid-Market,7,84,11.0,0,,0
U107601,2024-09-19,Enterprise,APAC,Partner,Mid-Market,98,4802,23.0,1,3.5,0
U107602,2025-03-21,Business,NA,Organic,SMB,38,1102,20.0,1,4.6,0
U107603,2024-05-06,Free,EMEA,Organic,Mid-Market,1,0,0.0,0,,0
U107604,2024-05-12,Starter,EMEA,Organic,SMB,4,48,2.0,0,,0
U107605,2024-09-21,Starter,EMEA,Referral,SMB,3,36,8.0,0,,0
U107606,2024-02-21,Starter,APAC,Paid,Mid-Market,3,36,22.0,1,4.2,0
U107607,2024-12-21,Starter,EMEA,Organic,SMB,7,84,16.0,0,,0
U107608,2024-04-04,Starter,NA,Organic,SMB,4,48,14.0,2,3.3,0
U107609,2024-12-09,Starter,NA,Organic,SMB,7,84,14.0,1,3.7,1
U107610,2024-03-13,Business,NA,Paid,SMB,18,522,22.0,1,3.7,1
U107611,2024-03-24,Enterprise,NA,Paid,SMB,157,7693,27.0,3,4.5,1
U107612,2024-04-14,free,EMEA,Organic,SMB,1,0,0.0,0,,0
U107613,2024-04-20,Starter,APAC,Organic,Mid-Market,3,36,31.0,0,,0
U107614,2024-09-01,Free,EMEA,Paid,Enterprise,1,0,6.0,0,,0
U107615,2024-03-18,Free,NA,Organic,SMB,1,0,10.0,0,,0
U107616,2024-02-22,Free,LATAM,Organic,Mid-Market,1,0,0.0,0,,0
U107617,2024-01-15,Starter,EMEA,Organic,SMB,5,60,16.0,1,5.0,0
U107618,2025-03-22,Free,APAC,Organic,SMB,1,0,0.0,0,,0
U107619,2024-05-21,Starter,EMEA,Organic,Enterprise,5,60,16.0,1,4.1,1
U107620,2024-06-29,Business,APAC,Organic,Mid-Market,5,145,33.0,0,,0
U107621,2025-02-13,Free,NA,Organic,SMB,1,0,7.0,0,,0
U107622,2025-01-31,Starter,EMEA,Paid,SMB,7,84,8.0,2,4.5,1
U107623,2025-03-13,Free,APAC,Organic,SMB,1,0,15.0,0,,0
U107624,2025-02-19,Free,APAC,Partner,Enterprise,1,0,,0,,0
U107625,2024-11-13,Free,APAC,Paid,SMB,1,0,5.0,0,,1
U107626,2025-06-09,Free,EMEA,Paid,Enterprise,1,0,8.0,0,,0
U107627,2024-10-12,Free,NA,Organic,SMB,1,0,8.0,2,4.0,0
U107628,2025-01-19,Free,NA,Organic,Enterprise,1,0,0.0,1,5.0,0
U107629,2025-05-26,Free,EMEA,Referral,Mid-Market,1,0,0.0,1,4.5,0
U107630,2024-01-26,Free,NA,Organic,SMB,1,0,5.0,0,,0
U107631,2025-05-22,Free,LATAM,Organic,SMB,1,0,10.0,0,,0
U107632,2024-09-06,Free,NA,Organic,SMB,1,0,2.0,1,3.9,0
U107633,2024-07-25,free,NA,Organic,SMB,1,0,6.0,0,,0
U107634,2025-06-12,Free,,Organic,Mid-Market,1,0,4.0,0,,0
U107635,2025-01-08,Starter,EMEA,Organic,Enterprise,6,72,5.0,2,4.4,0
U107636,2024-06-04,Free,EMEA,Partner,SMB,1,0,8.0,1,4.4,0
U107637,2024-05-14,Free,EMEA,Paid,Mid-Market,1,0,8.0,0,,0
U107638,2025-01-21,Free,NA,Paid,SMB,1,0,17.0,1,4.6,0
U107639,2024-10-29,Free,NA,Paid,Enterprise,1,0,0.0,1,3.8,0
U107640,2024-04-21,Starter,EMEA,Organic,SMB,4,48,3.0,0,,0
U107641,2024-07-27,Starter,EMEA,Partner,SMB,2,24,17.0,1,5.0,0
U107642,2024-05-16,Free,NA,Organic,SMB,1,0,4.0,0,,0
U107643,2024-05-05,Starter,APAC,Organic,SMB,6,72,16.0,0,,0
U107644,2025-05-12,Starter,EMEA,Paid,SMB,4,48,4.0,0,,0
U107645,2024-10-03,Free,EMEA,Paid,SMB,1,0,10.0,1,4.6,0
U107646,2024-11-13,Free,NA,Organic,SMB,1,0,3.0,1,4.9,0
U107647,2025-06-04,Starter,NA,Organic,SMB,2,24,15.0,0,,1
U107648,2024-10-02,Free,NA,Organic,SMB,1,0,10.0,0,,1
U107649,2024-11-16,Free,NA,Organic,SMB,1,0,5.0,0,,0
U107650,2025-05-02,Free,NA,Referral,SMB,1,0,2.0,0,,0
U107651,2024-12-15,Free,NA,Organic,Mid-Market,1,0,12.0,0,,0
U107652,2024-01-28,Business,EMEA,Referral,Mid-Market,32,928,9.0,3,3.6,0
U107653,2024-03-07,Starter,EMEA,Paid,Mid-Market,5,60,17.0,0,,0
U107654,2024-09-22,Business,LATAM,Organic,SMB,36,1044,14.0,0,,1
U107655,2024-10-08,Starter,EMEA,Organic,SMB,5,60,14.0,0,,0
U107656,2024-02-27,Free,LATAM,Partner,Mid-Market,1,0,12.0,0,,0
U107657,2024-12-10,Free,EMEA,Organic,SMB,1,0,2.0,0,,1
U107658,2024-04-01,Starter,NA,Referral,SMB,4,48,15.0,1,4.4,1
U107659,2024-03-30,Free,EMEA,Organic,SMB,1,0,6.0,0,,0
U107660,2024-09-25,Free,NA,Paid,SMB,1,0,0.0,1,3.4,1
U107661,2024-09-12,Free,EMEA,Paid,SMB,1,0,4.0,0,,0
U107662,2024-04-19,Free,EMEA,Organic,SMB,1,0,11.0,0,,0
U107663,2025-05-30,business,NA,Partner,SMB,15,435,32.0,1,4.6,0
U107664,2024-06-10,Enterprise,NA,Organic,SMB,121,5929,42.0,0,,0
U107665,2025-01-19,Free,NA,Partner,SMB,1,0,16.0,0,,0
U107666,2024-08-31,Starter,EMEA,Organic,SMB,4,48,15.0,0,,0
U107667,2024-04-28,Enterprise,EMEA,Organic,SMB,88,4312,35.0,1,4.2,0
U107668,2024-07-01,Free,EMEA,Organic,SMB,1,0,2.0,0,,1
U107669,2025-01-12,Free,APAC,Organic,SMB,1,0,0.0,0,,0
U107670,2024-03-28,Free,APAC,Paid,SMB,1,0,0.0,0,,1
U107671,2025-03-27,Business,,Paid,Enterprise,7,203,19.0,1,4.1,0
U107672,2024-08-08,Free,APAC,Organic,Mid-Market,1,0,4.0,0,,1
U107673,2025-06-06,Free,NA,Organic,Mid-Market,1,0,5.0,0,,1
U107674,2024-05-11,Business,LATAM,Organic,SMB,34,986,26.0,2,3.8,0
U107675,2024-02-13,Free,LATAM,Organic,Mid-Market,1,0,14.0,0,,0
U107676,2025-03-27,Free,NA,Referral,Mid-Market,1,0,1.0,0,,0
U107677,2024-02-20,Starter,EMEA,Paid,Mid-Market,2,24,19.0,1,3.8,0
U107678,2024-03-02,Free,NA,Organic,SMB,1,0,4.0,0,,0
U107679,2024-07-26,Enterprise,NA,Referral,SMB,156,7644,7.0,4,3.9,0
U107680,2025-02-23,Starter,NA,Paid,Mid-Market,2,24,6.0,1,4.0,0
U107681,2024-12-27,Starter,NA,Referral,SMB,2,24,35.0,0,,0
U107682,2025-02-03,Free,NA,Organic,Mid-Market,1,0,0.0,0,,1
U107683,2024-05-06,Enterprise,NA,Organic,SMB,34,1666,22.0,2,3.9,0
U107684,2024-08-10,Business,EMEA,Referral,SMB,26,754,11.0,0,,0
U107685,2024-02-11,Starter,LATAM,Organic,Mid-Market,7,84,21.0,0,,0
U107686,2024-12-06,Business,LATAM,Paid,Mid-Market,13,377,14.0,2,4.3,0
U107687,2024-04-03,Free,NA,Organic,Enterprise,1,0,7.0,0,,1
U107688,2024-08-25,Business,EMEA,Organic,Mid-Market,22,638,8.0,1,3.5,0
U107689,2024-05-11,Free,LATAM,Paid,Enterprise,1,0,0.0,1,4.0,0
U107690,2025-02-08,Starter,APAC,Organic,SMB,4,48,18.0,2,4.7,0
U107691,2024-05-22,Business,NA,Referral,SMB,26,754,29.0,3,4.5,0
U107692,2024-02-15,Free,LATAM,Partner,SMB,1,0,,1,3.8,1
U107693,2024-12-07,Business,APAC,Partner,Enterprise,26,754,25.0,2,2.3,0
U107694,2024-09-09,Business,NA,Organic,SMB,38,1102,17.0,0,,1
U107695,2025-01-08,Free,NA,Partner,SMB,1,0,0.0,0,,0
U107696,2024-07-19,Business,NA,Paid,SMB,39,1131,24.0,1,5.0,0
U107697,2024-08-01,Free,NA,Paid,SMB,1,0,3.0,0,,0
U107698,2024-07-20,Free,EMEA,Organic,SMB,1,0,0.0,0,,0
U107699,2025-03-14,Free,EMEA,Organic,SMB,1,0,0.0,0,,0
U107700,2024-05-09,Free,EMEA,Organic,SMB,1,0,1.0,0,,0
U107701,2024-11-30,Free,,Paid,SMB,1,0,19.0,0,,0
U107702,2024-05-03,Starter,NA,Organic,Mid-Market,2,24,,2,2.8,0
U107703,2024-03-24,Business,EMEA,Partner,Mid-Market,11,319,26.0,2,3.2,0
U107704,2024-06-12,Starter,LATAM,Paid,Mid-Market,5,60,5.0,0,,0
U107705,2024-01-01,Business,NA,Paid,SMB,7,203,13.0,3,2.1,0
U107706,2024-04-14,business,NA,Organic,SMB,17,493,11.0,1,3.1,0
U107707,2024-05-16,Starter,NA,Paid,SMB,6,72,16.0,0,,0
U107708,2024-06-02,Business,NA,Organic,SMB,18,522,28.0,2,4.0,0
U107709,2024-11-24,Business,NA,Organic,SMB,16,464,18.0,3,3.1,0
U107710,2024-12-16,Free,EMEA,Partner,SMB,1,0,12.0,0,,0
U107711,2024-09-28,Free,NA,Paid,Mid-Market,1,0,0.0,0,,0
U107712,2024-02-05,Free,APAC,Organic,SMB,1,0,18.0,1,4.0,0
U107713,2025-04-19,Enterprise,NA,Partner,Mid-Market,185,9065,33.0,2,2.7,0
U107714,2024-12-12,Starter,EMEA,Referral,Mid-Market,5,60,32.0,2,3.9,0
U107715,2024-09-23,enterprise,EMEA,Organic,SMB,278,13622,34.0,1,4.4,0
U107716,2025-05-20,Free,APAC,Organic,SMB,1,0,11.0,0,,0
U107717,2024-08-09,Free,NA,Organic,Mid-Market,1,0,0.0,0,,0
U107718,2024-04-25,Starter,NA,Paid,SMB,7,84,22.0,2,4.6,0
U107719,2024-10-12,Free,NA,Referral,SMB,1,0,4.0,1,3.3,0
U107720,2024-01-03,Free,NA,Organic,Enterprise,1,0,0.0,0,,0
U107721,2024-07-21,Free,APAC,Organic,SMB,1,0,5.0,2,4.6,0
U107722,2025-02-04,Free,NA,Paid,Enterprise,1,0,9.0,0,,0
U107723,2024-10-25,Starter,LATAM,Organic,SMB,6,72,9.0,1,4.9,0
U107724,2024-03-28,Starter,NA,Paid,SMB,6,72,18.0,1,4.7,0
U107725,2024-12-25,Free,NA,Organic,Mid-Market,1,0,11.0,1,5.0,1
U107726,2024-03-14,Business,NA,Paid,SMB,12,348,24.0,2,4.8,0
U107727,2024-05-09,Free,NA,Organic,SMB,1,0,13.0,0,,0
U107728,2025-06-08,Starter,NA,Paid,Enterprise,4,48,15.0,0,,0
U107729,2024-08-04,Starter,NA,Organic,SMB,2,24,11.0,1,4.7,0
U107730,2025-01-17,Starter,NA,Organic,Mid-Market,6,72,6.0,0,,0
U107731,2024-01-19,Starter,LATAM,Referral,Mid-Market,6,72,17.0,0,,0
U107732,2024-11-05,Business,NA,Organic,SMB,18,522,21.0,2,3.8,0
U107733,2025-04-15,Free,NA,Paid,Mid-Market,1,0,16.0,0,,0
U107734,2024-06-27,Free,,Organic,SMB,1,0,15.0,0,,0
U107735,2025-03-18,Free,LATAM,Organic,Enterprise,1,0,3.0,2,4.1,1
U107736,2025-03-19,Starter,NA,Partner,SMB,2,24,3.0,1,3.8,0
U107737,2025-02-01,Free,APAC,Organic,SMB,1,0,12.0,1,5.0,0
U107738,2024-09-05,Starter,NA,Paid,SMB,2,24,25.0,0,,0
U107739,2024-02-07,Free,NA,Organic,Mid-Market,1,0,11.0,0,,0
U107740,2024-08-31,Starter,EMEA,Organic,Mid-Market,7,84,3.0,1,5.0,0
U107741,2024-02-03,Free,EMEA,Paid,Mid-Market,1,0,9.0,0,,0
U107742,2024-08-13,Starter,APAC,Organic,Mid-Market,4,48,11.0,0,,0
U107743,2025-03-10,Free,LATAM,Organic,SMB,1,0,19.0,0,,0
U107744,2024-07-25,Free,NA,Organic,SMB,1,0,7.0,0,,0
U107745,2024-09-29,Enterprise,NA,Organic,Mid-Market,257,12593,26.0,2,3.9,0
U107746,2024-10-15,Free,EMEA,Organic,Mid-Market,1,0,4.0,0,,0
U107747,2024-04-26,Free,EMEA,Organic,SMB,1,0,4.0,0,,0
U107748,2024-07-25,Free,NA,Paid,SMB,1,0,7.0,0,,0
U107749,2024-08-24,Free,EMEA,Organic,SMB,1,0,4.0,1,3.6,0
U107750,2024-05-03,free,NA,Organic,SMB,1,0,12.0,0,,0
U107751,2024-05-01,Free,NA,Referral,SMB,1,0,2.0,0,,0
U107752,2024-07-20,Business,NA,Organic,Mid-Market,29,841,26.0,1,3.7,0
U107753,2025-01-02,Free,NA,Organic,SMB,1,0,7.0,0,,0
U107754,2024-04-28,Free,EMEA,Organic,SMB,1,0,6.0,0,,0
U107755,2025-06-09,Free,LATAM,Organic,SMB,1,0,0.0,0,,0
U107756,2024-10-24,Starter,EMEA,Paid,Mid-Market,7,84,21.0,1,4.2,0
U107757,2024-04-23,Free,NA,Partner,Mid-Market,1,0,6.0,0,,0
U107758,2025-02-09,Starter,EMEA,Paid,SMB,7,84,21.0,1,4.2,0
U107759,2024-11-28,Enterprise,EMEA,Organic,SMB,87,4263,29.0,0,,0
U107760,2024-05-20,Business,,Paid,Enterprise,26,754,11.0,3,3.6,1
U107761,2024-12-09,Business,EMEA,Paid,Mid-Market,17,493,24.0,0,,1
U107762,2024-12-25,Free,NA,Organic,SMB,1,0,10.0,1,3.5,0
U107763,2024-07-06,free,EMEA,Paid,SMB,1,0,1.0,0,,0
U107764,2024-05-24,Business,EMEA,Organic,Mid-Market,15,435,11.0,6,3.8,1
U107765,2024-08-06,Free,APAC,Referral,Mid-Market,1,0,16.0,1,4.5,0
U107766,2025-04-11,Free,,Paid,SMB,1,0,6.0,0,,0
U107767,2025-03-03,Free,EMEA,Organic,Mid-Market,1,0,15.0,0,,0
U107768,2025-01-10,Free,EMEA,Partner,SMB,1,0,9.0,0,,0
U107769,2025-01-18,Business,APAC,Organic,Enterprise,23,667,,4,2.4,1
U107770,2024-01-08,Free,NA,Referral,SMB,1,0,8.0,0,,0
U107771,2024-11-15,Starter,NA,Paid,SMB,5,60,18.0,2,3.6,0
U107772,2025-01-13,Free,NA,Organic,SMB,1,0,0.0,0,,0
U107773,2025-04-09,Starter,LATAM,Paid,SMB,6,72,16.0,0,,0
U107774,2024-05-31,Business,NA,Paid,SMB,16,464,8.0,0,,0
U107775,2025-04-01,Free,NA,Paid,SMB,1,0,8.0,0,,1
U107776,2024-06-24,Free,NA,Paid,Mid-Market,1,0,6.0,2,2.9,0
U107777,2024-10-25,Business,EMEA,Paid,SMB,20,580,22.0,2,4.6,1
U107778,2024-12-09,Free,NA,Partner,SMB,1,0,9.0,0,,0
U107779,2025-02-20,Free,,Organic,SMB,1,0,0.0,0,,0
U107780,2024-03-27,Starter,EMEA,Organic,Enterprise,6,72,22.0,1,4.2,0
U107781,2024-07-18,Business,EMEA,Referral,Mid-Market,27,783,22.0,0,,0
U107782,2024-06-07,Free,APAC,Referral,Mid-Market,1,0,,0,,1
U107783,2025-05-04,Starter,EMEA,Organic,SMB,4,48,18.0,4,3.3,0
U107784,2025-04-01,Free,EMEA,Partner,SMB,1,0,5.0,1,5.0,0
U107785,2024-04-26,Free,NA,Organic,Mid-Market,1,0,8.0,0,,0
U107786,2025-03-30,Enterprise,NA,Organic,SMB,260,12740,21.0,1,4.7,0
U107787,2024-03-14,Starter,APAC,Organic,Mid-Market,5,60,23.0,0,,0
U107788,2024-07-10,Free,EMEA,Partner,SMB,1,0,9.0,0,,0
U107789,2024-04-27,Business,EMEA,Referral,Mid-Market,28,812,32.0,3,3.1,0
U107790,2024-08-25,Free,APAC,Paid,Mid-Market,1,0,14.0,1,4.6,0
U107791,2024-11-14,Free,NA,Organic,SMB,1,0,6.0,0,,1
U107792,2024-11-22,Enterprise,EMEA,Organic,SMB,120,5880,19.0,2,2.5,0
U107793,2024-07-18,Business,APAC,Referral,Mid-Market,21,609,30.0,3,4.2,0
U107794,2024-04-14,Starter,APAC,Referral,SMB,3,36,9.0,0,,0
U107795,2025-03-09,Business,NA,Paid,SMB,36,1044,9.0,3,5.0,0
U107796,2024-12-06,Business,EMEA,Organic,Enterprise,32,928,23.0,3,3.9,0
U107797,2024-04-10,Enterprise,NA,Paid,Mid-Market,144,7056,26.0,0,,0
U107798,2025-05-21,Business,EMEA,Referral,SMB,28,812,18.0,0,,0
U107799,2024-05-26,Starter,APAC,Organic,SMB,7,84,9.0,0,,0
U107800,2024-02-27,Business,NA,Organic,SMB,20,580,32.0,1,4.4,0
U107801,2024-08-17,Free,NA,Paid,Mid-Market,1,0,15.0,2,4.8,0
U107802,2025-01-15,Free,NA,Organic,SMB,1,0,10.0,0,,0
U107803,2024-06-10,Free,,Referral,Mid-Market,1,0,6.0,1,4.6,0
U107804,2025-06-21,Starter,LATAM,Organic,SMB,3,36,27.0,0,,0
U107805,2025-01-24,Business,NA,Referral,SMB,25,725,15.0,0,,1
U107806,2025-03-22,Free,NA,Paid,Mid-Market,1,0,0.0,1,5.0,0
U107807,2024-07-14,Free,EMEA,Paid,SMB,1,0,5.0,0,,0
U107808,2024-09-21,Enterprise,NA,Organic,Mid-Market,88,4312,42.0,2,4.8,0
U107809,2025-04-11,Starter,NA,Organic,SMB,2,24,11.0,2,3.2,0
U107810,2024-02-20,Enterprise,EMEA,Organic,Enterprise,110,5390,22.0,6,3.4,0
U107811,2024-04-03,Business,EMEA,Referral,SMB,35,1015,,1,4.3,0
U107812,2024-05-09,Starter,LATAM,Paid,Mid-Market,6,72,13.0,0,,0
U107813,2024-01-12,Free,NA,Organic,Mid-Market,1,0,0.0,0,,1
U107814,2024-01-26,Business,EMEA,Organic,Mid-Market,12,348,26.0,1,4.0,0
U107815,2025-01-27,Starter,NA,Organic,Mid-Market,5,60,23.0,0,,1
U107816,2025-03-19,Free,NA,Organic,Enterprise,1,0,4.0,0,,0
U107817,2025-01-16,Free,NA,Organic,Mid-Market,1,0,2.0,0,,0
U107818,2024-01-22,Free,EMEA,Organic,SMB,1,0,0.0,0,,1
U107819,2025-02-02,Enterprise,LATAM,Organic,Enterprise,254,12446,25.0,5,4.6,1
U107820,2024-01-21,Free,EMEA,Organic,SMB,1,0,0.0,0,,0
U107821,2025-06-07,Free,NA,Organic,SMB,1,0,0.0,1,4.3,1
U107822,2024-02-25,Free,APAC,Referral,SMB,1,0,4.0,0,,0
U107823,2024-12-02,Free,NA,Referral,SMB,1,0,0.0,0,,0
U107824,2025-03-16,Enterprise,NA,Partner,SMB,194,9506,15.0,6,1.8,1
U107825,2024-08-18,Free,APAC,Paid,Mid-Market,1,0,20.0,0,,0
U107826,2024-03-16,Business,EMEA,Organic,SMB,26,754,16.0,0,,0
U107827,2024-11-09,Starter,APAC,Organic,SMB,7,84,,0,,0
U107828,2025-01-03,Starter,NA,Partner,SMB,2,24,14.0,0,,0
U107829,2024-06-09,Free,EMEA,Referral,Mid-Market,1,0,11.0,0,,0
U107830,2024-11-26,Starter,APAC,Referral,SMB,3,36,10.0,0,,0
U107831,2024-01-22,Business,EMEA,Paid,SMB,24,696,13.0,2,3.3,0
U107832,2024-10-15,Enterprise,NA,Paid,SMB,247,12103,44.0,2,3.4,0
U107833,2024-12-09,Free,NA,Paid,SMB,1,0,2.0,1,3.8,0
U107834,2024-07-14,Business,NA,Organic,Mid-Market,22,638,13.0,2,4.4,0
U107835,2024-12-13,Starter,NA,Partner,SMB,2,24,13.0,0,,1
U107836,2025-06-19,Starter,EMEA,Organic,SMB,5,60,11.0,0,,0
U107837,2025-02-23,Free,NA,Organic,SMB,1,0,2.0,0,,0
U107838,2025-06-01,Free,EMEA,Organic,SMB,1,0,13.0,1,4.1,0
U107839,2025-01-28,Business,APAC,Organic,SMB,16,464,6.0,2,2.7,0
U107840,2024-08-11,Business,APAC,Referral,Mid-Market,18,522,4.0,1,4.4,0
U107841,2025-03-26,Business,NA,Paid,SMB,13,377,23.0,1,3.5,0
U107842,2024-04-01,Business,NA,Paid,Enterprise,18,522,18.0,0,,0
U107843,2024-10-20,Business,APAC,Partner,SMB,36,1044,25.0,5,2.1,1
U107844,2024-02-04,Business,APAC,Referral,Mid-Market,8,232,16.0,2,3.8,1
U107845,2024-09-09,Starter,LATAM,Organic,SMB,7,84,16.0,0,,0
U107846,2024-07-07,Starter,EMEA,Paid,SMB,7,84,21.0,1,3.7,0
U107847,2024-08-27,Free,LATAM,Organic,SMB,1,0,5.0,0,,0
U107848,2024-04-13,Starter,NA,Referral,Enterprise,2,24,14.0,1,4.9,0
U107849,2024-03-22,Starter,NA,Organic,Mid-Market,2,24,12.0,0,,0
U107850,2024-12-12,Starter,NA,Organic,Mid-Market,7,84,9.0,2,3.5,0
U107851,2025-04-25,Starter,NA,Organic,Enterprise,4,48,29.0,0,,0
U107852,2024-04-26,Starter,NA,Organic,SMB,4,48,13.0,1,2.8,0
U107853,2024-02-01,Starter,NA,Organic,SMB,5,60,20.0,1,4.0,0
U107854,2024-07-13,Free,NA,Paid,SMB,1,0,3.0,0,,0
U107855,2024-11-17,Starter,LATAM,Referral,Enterprise,7,84,24.0,1,4.1,0
U107856,2025-04-03,Free,EMEA,Partner,Mid-Market,1,0,15.0,0,,0
U107857,2024-03-17,Free,LATAM,Paid,Mid-Market,1,0,5.0,1,5.0,0
U107858,2024-06-11,Starter,NA,Referral,SMB,3,36,11.0,1,5.0,0
U107859,2024-01-03,Starter,NA,Referral,Enterprise,2,24,17.0,1,4.4,1
U107860,2024-01-25,Starter,APAC,Referral,Mid-Market,5,60,28.0,0,,0
U107861,2024-08-31,Free,EMEA,Paid,SMB,1,0,0.0,0,,0
U107862,2024-11-29,Free,EMEA,Paid,SMB,1,0,0.0,0,,1
U107863,2024-08-26,Starter,LATAM,Paid,SMB,4,48,30.0,0,,0
U107864,2024-12-24,Starter,EMEA,Referral,Mid-Market,5,60,17.0,0,,0
U107865,2025-05-13,Starter,APAC,Paid,SMB,4,48,14.0,0,,0
U107866,2024-10-26,Enterprise,NA,Referral,SMB,271,13279,41.0,2,3.1,0
U107867,2024-02-17,Starter,LATAM,Paid,Enterprise,7,84,10.0,0,,0
U107868,2024-10-09,Starter,APAC,Organic,Enterprise,3,36,21.0,1,5.0,0
U107869,2024-08-07,Free,NA,Paid,SMB,1,0,7.0,1,5.0,1
U107870,2025-04-29,Free,APAC,Organic,Mid-Market,1,0,6.0,0,,0
U107871,2024-02-23,Business,NA,Organic,SMB,22,638,19.0,2,2.8,0
U107872,2024-04-13,Starter,APAC,Referral,SMB,2,24,20.0,1,4.4,0
U107873,2024-10-07,Starter,LATAM,Organic,Mid-Market,2,24,12.0,0,,0
U107874,2024-06-03,Free,APAC,Organic,SMB,1,0,7.0,2,4.0,0
U107875,2025-03-17,Free,NA,Organic,SMB,1,0,9.0,0,,0
U107876,2025-06-10,Starter,NA,Partner,SMB,5,60,4.0,0,,0
U107877,2024-05-20,Free,EMEA,Organic,Mid-Market,1,0,11.0,0,,1
U107878,2024-12-16,Free,EMEA,Referral,SMB,1,0,0.0,1,4.2,0
U107879,2025-06-09,Business,LATAM,Paid,Enterprise,27,783,26.0,2,4.2,0
U107880,2025-05-31,Starter,EMEA,Organic,SMB,2,24,19.0,0,,0
U107881,2025-04-09,Free,NA,Organic,Mid-Market,1,0,14.0,0,,0
U107882,2025-03-06,Starter,EMEA,Organic,SMB,2,24,0.0,2,3.4,0
U107883,2024-02-28,Free,APAC,Referral,Mid-Market,1,0,17.0,0,,0
U107884,2025-03-11,Business,EMEA,Organic,SMB,9,261,31.0,3,3.2,0
U107885,2024-01-23,Business,NA,Referral,Mid-Market,20,580,24.0,0,,0
U107886,2024-08-31,Starter,EMEA,Paid,SMB,3,36,5.0,1,2.9,0
U107887,2024-11-13,Free,EMEA,Organic,Mid-Market,1,0,0.0,0,,0
U107888,2024-04-21,Free,EMEA,Partner,Mid-Market,1,0,7.0,0,,0
U107889,2024-02-26,Free,NA,Paid,SMB,1,0,0.0,0,,1
U107890,2024-01-14,Free,APAC,Organic,SMB,1,0,10.0,1,4.7,0
U107891,2024-04-12,Enterprise,APAC,Organic,Mid-Market,175,8575,25.0,2,4.1,0
U107892,2025-03-22,Free,EMEA,Referral,SMB,1,0,0.0,0,,1
U107893,2024-02-20,Free,NA,Organic,Enterprise,1,0,0.0,1,5.0,0
U107894,2024-09-24,Business,,Organic,Mid-Market,7,203,16.0,2,1.6,0
U107895,2024-07-01,Free,NA,Organic,SMB,1,0,7.0,0,,0
U107896,2025-06-17,Business,NA,Organic,SMB,22,638,11.0,0,,0
U107897,2024-02-19,Business,NA,Referral,SMB,28,812,22.0,2,4.6,0
U107898,2024-03-29,Enterprise,EMEA,Organic,SMB,222,10878,32.0,0,,0
U107899,2025-03-08,business,NA,Paid,Enterprise,5,145,15.0,2,3.3,0
U107900,2025-04-17,Starter,NA,Partner,SMB,4,48,6.0,1,4.9,0
U107901,2025-05-26,Free,APAC,Organic,SMB,1,0,4.0,0,,0
U107902,2024-08-09,Free,NA,Paid,SMB,1,0,6.0,0,,0
U107903,2024-07-24,Starter,LATAM,Paid,SMB,2,24,16.0,1,3.2,0
U107904,2024-03-14,Free,EMEA,Organic,Enterprise,1,0,6.0,0,,0
U107905,2024-10-17,Free,EMEA,Organic,SMB,1,0,4.0,0,,0
U107906,2024-08-07,Enterprise,LATAM,Organic,Enterprise,117,5733,33.0,2,3.8,0
U107907,2024-01-03,Enterprise,NA,Referral,SMB,295,14455,37.0,2,5.0,0
U107908,2024-03-17,Business,EMEA,Referral,Enterprise,20,580,29.0,1,4.8,0
U107909,2025-05-06,Free,NA,Paid,SMB,1,0,,0,,0
U107910,2024-08-22,Free,EMEA,Referral,Mid-Market,1,0,9.0,0,,0
U107911,2024-01-13,Free,LATAM,Paid,SMB,1,0,0.0,0,,0
U107912,2024-11-07,Free,EMEA,Organic,SMB,1,0,0.0,1,4.1,0
U107913,2025-05-07,Free,NA,Organic,Mid-Market,1,0,16.0,1,4.4,0
U107914,2024-12-20,Business,EMEA,Paid,SMB,38,1102,10.0,1,3.5,0
U107915,2024-09-24,Free,NA,Referral,SMB,1,0,18.0,0,,0
U107916,2024-12-15,Free,NA,Organic,SMB,1,0,17.0,0,,0
U107917,2024-06-07,Free,NA,Organic,Mid-Market,1,0,13.0,0,,0
U107918,2024-04-28,Free,EMEA,Partner,Mid-Market,1,0,6.0,0,,1
U107919,2024-04-28,Starter,NA,Paid,SMB,5,60,28.0,2,3.5,1
U107920,2025-04-28,Starter,NA,Paid,Mid-Market,6,72,16.0,3,4.5,0
U107921,2025-05-11,Starter,NA,Partner,Enterprise,6,72,26.0,0,,0
U107922,2024-07-09,Free,EMEA,Organic,SMB,1,0,16.0,0,,0
U107923,2024-09-14,Starter,NA,Paid,SMB,6,72,11.0,0,,0
U107924,2024-09-07,Free,NA,Paid,Mid-Market,1,0,0.0,0,,0
U107925,2025-06-20,Enterprise,APAC,Organic,SMB,227,11123,26.0,3,4.4,0
U107926,2024-03-24,Free,LATAM,Partner,Mid-Market,1,0,8.0,1,4.6,0
U107927,2024-09-28,Starter,NA,Organic,Enterprise,3,36,8.0,0,,0
U107928,2025-06-20,Enterprise,,Paid,SMB,61,2989,24.0,1,4.7,0
U107929,2024-05-29,Free,NA,Organic,SMB,1,0,0.0,1,4.4,0
U107930,2024-07-09,Free,NA,Paid,Enterprise,1,0,14.0,0,,0
U107931,2024-09-17,Business,EMEA,Paid,SMB,18,522,27.0,1,5.0,0
U107932,2024-11-06,Free,EMEA,Organic,SMB,1,0,4.0,0,,0
U107933,2024-06-09,Free,APAC,Paid,SMB,1,0,12.0,0,,0
U107934,2025-03-27,Business,EMEA,Organic,SMB,26,754,20.0,2,4.9,0
U107935,2024-05-27,Free,NA,Paid,SMB,1,0,6.0,0,,0
U107936,2024-12-08,Free,EMEA,Referral,SMB,1,0,0.0,1,5.0,0
U107937,2024-06-25,Business,APAC,Organic,Mid-Market,13,377,25.0,1,4.1,0
U107938,2024-10-13,Business,APAC,Organic,SMB,17,493,11.0,3,2.7,0
U107939,2025-04-10,Free,EMEA,Referral,SMB,1,0,14.0,0,,0
U107940,2024-05-05,Starter,EMEA,Partner,SMB,4,48,12.0,0,,0
U107941,2024-11-15,Starter,EMEA,Organic,SMB,5,60,22.0,1,5.0,0
U107942,2024-09-10,Starter,NA,Referral,SMB,5,60,12.0,1,3.7,0
U107943,2024-08-19,Free,EMEA,Partner,Mid-Market,1,0,10.0,0,,0
U107944,2024-08-18,Business,NA,Partner,Mid-Market,30,870,19.0,2,3.7,0
U107945,2024-03-30,Starter,NA,Organic,SMB,6,72,23.0,2,5.0,0
U107946,2025-01-03,Free,NA,Organic,SMB,1,0,0.0,1,5.0,0
U107947,2024-08-30,Business,NA,Organic,Enterprise,29,841,18.0,0,,0
U107948,2024-01-29,Starter,APAC,Organic,SMB,3,36,16.0,1,3.5,1
U107949,2025-05-16,Business,NA,Referral,Enterprise,26,754,21.0,0,,0
U107950,2024-08-16,Free,APAC,Organic,SMB,1,0,3.0,1,3.4,1
U107951,2024-07-01,Starter,EMEA,Referral,SMB,4,48,11.0,0,,0
U107952,2024-11-29,Free,APAC,Organic,Mid-Market,1,0,15.0,1,4.7,0
U107953,2025-06-16,Business,NA,Organic,Mid-Market,35,1015,28.0,2,4.1,0
U107954,2025-06-05,Free,NA,Organic,SMB,1,0,13.0,0,,1
U107955,2024-01-31,Business,APAC,Referral,SMB,16,464,15.0,1,4.4,0
U107956,2025-05-31,Business,NA,Organic,SMB,5,145,18.0,2,4.9,0
U107957,2024-08-20,Enterprise,LATAM,Paid,Mid-Market,293,14357,17.0,2,4.1,0
U107958,2025-04-07,Starter,,Organic,SMB,7,84,0.0,1,3.2,0
U107959,2024-12-14,Starter,EMEA,Organic,SMB,6,72,,0,,0
U107960,2024-12-11,Business,NA,Referral,Mid-Market,8,232,30.0,1,4.1,0
U107961,2024-10-24,Starter,NA,Partner,Enterprise,3,36,1.0,1,4.8,1
U107962,2025-01-14,Business,NA,Referral,Enterprise,38,1102,35.0,0,,0
U107963,2025-03-12,Free,NA,Partner,SMB,1,0,0.0,0,,1
U107964,2024-09-10,Free,EMEA,Organic,Mid-Market,1,0,16.0,0,,0
U107965,2025-01-09,Free,LATAM,Organic,SMB,1,0,19.0,1,4.1,0
U107966,2024-01-26,Free,EMEA,Paid,Enterprise,1,0,6.0,0,,1
U107967,2024-05-15,Free,NA,Organic,SMB,1,0,13.0,1,4.2,0
U107968,2025-03-11,Business,EMEA,Partner,Mid-Market,24,696,15.0,1,4.3,0
U107969,2024-01-17,Starter,NA,Organic,Enterprise,3,36,12.0,1,4.6,0
U107970,2025-04-18,Enterprise,LATAM,Organic,SMB,181,8869,38.0,0,,0
U107971,2024-10-04,Free,LATAM,Referral,SMB,1,0,12.0,0,,0
U107972,2025-05-02,Business,NA,Paid,SMB,15,435,22.0,1,3.2,0
U107973,2024-03-30,Starter,APAC,Partner,Enterprise,7,84,19.0,0,,0
U107974,2024-02-29,Starter,NA,Partner,SMB,3,36,20.0,2,5.0,0
U107975,2024-08-20,Starter,NA,Paid,SMB,3,36,11.0,0,,0
U107976,2024-09-02,Starter,EMEA,Organic,SMB,2,24,15.0,0,,0
U107977,2024-03-22,Enterprise,NA,Organic,SMB,40,1960,41.0,3,4.0,0
U107978,2025-02-07,Starter,APAC,Paid,SMB,3,36,5.0,1,3.9,1
U107979,2024-04-03,Free,NA,Referral,Mid-Market,1,0,19.0,0,,0
U107980,2024-11-14,Free,EMEA,Organic,SMB,1,0,7.0,1,2.7,0
U107981,2024-03-01,Free,NA,Organic,Enterprise,1,0,0.0,0,,0
U107982,2025-05-25,Business,APAC,Referral,Mid-Market,7,203,30.0,2,1.9,1
U107983,2025-04-01,Enterprise,EMEA,Paid,SMB,78,3822,28.0,2,3.7,0
U107984,2025-03-09,Starter,APAC,Organic,Mid-Market,6,72,14.0,1,3.7,1
U107985,2025-05-25,Free,LATAM,Organic,Mid-Market,1,0,0.0,0,,1
U107986,2024-04-29,Free,NA,Organic,Mid-Market,1,0,5.0,0,,1
U107987,2024-02-09,Business,APAC,Organic,SMB,24,696,16.0,1,4.7,0
U107988,2024-06-16,Business,EMEA,Referral,SMB,33,957,18.0,1,5.0,0
U107989,2024-07-10,Starter,NA,Referral,Mid-Market,4,48,0.0,2,4.6,0
U107990,2024-05-01,Business,APAC,Organic,Mid-Market,9,261,25.0,2,5.0,0
U107991,2025-02-17,Business,EMEA,Referral,SMB,21,609,20.0,3,4.0,0
U107992,2024-01-18,Free,NA,Referral,Mid-Market,1,0,7.0,0,,0
U107993,2024-06-05,Starter,EMEA,Organic,Mid-Market,3,36,,0,,0
U107994,2024-09-18,Starter,,Organic,SMB,6,72,13.0,1,2.8,0
U107995,2024-05-27,Free,NA,Organic,SMB,1,0,1.0,0,,0
U107996,2024-02-28,Free,NA,Paid,Mid-Market,1,0,6.0,0,,0
U107997,2024-07-10,Free,LATAM,Paid,Enterprise,1,0,15.0,0,,0
U107998,2024-11-30,Free,LATAM,Referral,Enterprise,1,0,0.0,0,,1
U107999,2024-05-01,Free,NA,Organic,SMB,1,0,0.0,0,,0
U108000,2024-08-12,Free,EMEA,Organic,Mid-Market,1,0,14.0,0,,0
U108001,2024-03-25,Free,APAC,Paid,Mid-Market,1,0,10.0,0,,0
U108002,2025-05-25,Free,NA,Organic,Mid-Market,1,0,3.0,0,,0
U108003,2024-05-27,Free,NA,Organic,SMB,1,0,8.0,0,,1
U108004,2024-04-17,Business,EMEA,Paid,SMB,11,319,17.0,2,3.4,0
U108005,2025-01-29,Business,LATAM,Organic,SMB,15,435,18.0,1,4.6,0
U108006,2024-07-17,Business,NA,Organic,SMB,16,464,26.0,2,3.8,1
U108007,2025-04-22,Free,NA,Organic,SMB,1,0,6.0,0,,0
U108008,2024-05-20,Free,EMEA,Organic,SMB,1,0,6.0,0,,0
U108009,2024-01-28,Free,LATAM,Organic,Mid-Market,1,0,0.0,0,,0
U108010,2024-04-04,Business,NA,Organic,SMB,30,870,23.0,1,4.0,0
U108011,2024-09-10,Business,NA,Paid,SMB,26,754,25.0,2,4.4,0
U108012,2024-08-06,Starter,APAC,Organic,SMB,5,60,20.0,0,,1
U108013,2025-02-09,Business,APAC,Partner,SMB,22,638,19.0,5,1.3,0
U108014,2024-03-08,Business,APAC,Paid,Mid-Market,38,1102,17.0,1,4.5,0
U108015,2024-04-16,Enterprise,NA,Organic,SMB,127,6223,27.0,4,4.1,0
U108016,2025-06-13,Starter,NA,Organic,SMB,4,48,0.0,0,,0
U108017,2024-09-07,Starter,NA,Organic,Enterprise,3,36,13.0,1,4.0,0
U108018,2024-05-17,Free,NA,Organic,SMB,1,0,5.0,0,,0
U108019,2024-06-30,Free,NA,Paid,SMB,1,0,4.0,0,,0
U108020,2025-04-19,Free,LATAM,Organic,SMB,1,0,0.0,0,,1
U108021,2025-02-19,Free,NA,Paid,SMB,1,0,0.0,0,,1
U108022,2024-04-22,Business,LATAM,Partner,SMB,28,812,11.0,0,,1
U108023,2024-11-26,Free,NA,Organic,SMB,1,0,11.0,0,,1
U108024,2025-02-16,Business,NA,Partner,SMB,19,551,30.0,4,3.5,0
U108025,2025-01-25,Free,EMEA,Paid,SMB,1,0,6.0,1,3.7,0
U108026,2024-06-10,Free,EMEA,Referral,SMB,1,0,7.0,0,,0
U108027,2025-03-23,Starter,EMEA,Partner,SMB,2,24,12.0,1,4.2,0
U108028,2024-12-29,Enterprise,EMEA,Organic,SMB,48,2352,25.0,3,3.3,0
U108029,2024-08-26,Free,NA,Paid,Mid-Market,1,0,12.0,2,4.7,0
U108030,2024-07-04,Starter,NA,Organic,Mid-Market,2,24,21.0,1,3.5,0
U108031,2024-05-10,Starter,EMEA,Organic,SMB,5,60,12.0,2,3.5,0
U108032,2025-01-25,Business,APAC,Organic,SMB,25,725,18.0,3,2.8,1
U108033,2024-03-22,Starter,APAC,Organic,Mid-Market,5,60,23.0,0,,0
U108034,2025-06-05,Starter,LATAM,Organic,SMB,2,24,8.0,0,,1
U108035,2024-08-24,Enterprise,APAC,Organic,SMB,297,14553,34.0,3,4.4,0
U108036,2024-06-24,Enterprise,NA,Organic,Enterprise,251,12299,28.0,5,2.9,0
U108037,2025-01-25,Free,APAC,Partner,Mid-Market,1,0,12.0,0,,0
U108038,2025-01-12,Free,APAC,Paid,SMB,1,0,7.0,0,,1
U108039,2025-05-07,Starter,APAC,Referral,SMB,6,72,20.0,2,4.4,0
U108040,2025-01-01,Free,LATAM,Organic,Mid-Market,1,0,8.0,1,3.7,0
U108041,2024-01-02,Starter,EMEA,Organic,SMB,5,60,11.0,1,4.1,0
U108042,2024-10-20,Free,APAC,Organic,SMB,1,0,1.0,0,,0
U108043,2024-10-04,Free,NA,Organic,Enterprise,1,0,2.0,1,4.1,1
U108044,2024-07-08,Business,EMEA,Referral,SMB,11,319,17.0,0,,0
U108045,2024-05-27,Free,EMEA,Paid,SMB,1,0,23.0,0,,0
U108046,2024-08-27,Starter,LATAM,Organic,Enterprise,7,84,15.0,1,3.4,0
U108047,2024-12-29,Starter,EMEA,Organic,SMB,3,36,6.0,0,,0
U108048,2024-08-02,Starter,NA,Organic,Enterprise,5,60,14.0,1,3.9,0
U108049,2024-05-06,Starter,EMEA,Organic,SMB,6,72,24.0,0,,0
U108050,2024-04-29,Free,LATAM,Organic,SMB,1,0,10.0,1,4.3,1
U108051,2024-04-01,Starter,NA,Referral,SMB,4,48,9.0,0,,0
U108052,2024-01-17,Business,EMEA,Partner,Mid-Market,19,551,22.0,1,4.5,0
U108053,2024-11-25,Free,NA,Paid,Mid-Market,1,0,8.0,1,3.2,0
U108054,2024-10-31,Free,NA,Organic,Enterprise,1,0,0.0,1,2.7,1
U108055,2025-03-21,Free,EMEA,Organic,Mid-Market,1,0,6.0,1,3.6,0
U108056,2024-07-02,Free,EMEA,Paid,Mid-Market,1,0,5.0,0,,0
U108057,2024-12-06,Free,NA,Organic,Mid-Market,1,0,2.0,1,2.9,0
U108058,2025-01-08,Free,EMEA,Paid,SMB,1,0,4.0,0,,1
U108059,2024-12-06,Starter,EMEA,Partner,SMB,4,48,18.0,1,3.5,0
U108060,2024-11-19,Starter,EMEA,Referral,Enterprise,4,48,15.0,0,,0
U108061,2024-06-09,Free,APAC,Referral,SMB,1,0,3.0,1,4.7,0
U108062,2024-08-24,Free,NA,Partner,SMB,1,0,12.0,0,,0
U108063,2024-06-06,Starter,,Referral,SMB,3,36,3.0,3,3.4,0
U108064,2024-06-30,Business,EMEA,Referral,SMB,7,203,,2,2.3,0
U108065,2024-03-10,Starter,EMEA,Organic,SMB,5,60,10.0,0,,0
U108066,2024-04-26,Business,LATAM,Organic,SMB,35,1015,13.0,2,3.9,0
U108067,2024-11-27,Starter,APAC,Organic,SMB,4,48,16.0,3,3.5,0
U108068,2024-09-20,Free,NA,Paid,Mid-Market,1,0,5.0,0,,0
U108069,2024-05-26,Free,EMEA,Organic,SMB,1,0,11.0,0,,0
U108070,2024-07-02,Enterprise,EMEA,Organic,Enterprise,130,6370,18.0,6,3.8,0
U108071,2024-06-30,Starter,EMEA,Partner,Mid-Market,2,24,5.0,1,5.0,0
U108072,2025-03-15,Starter,APAC,Paid,SMB,6,72,17.0,1,4.0,0
U108073,2024-02-04,Starter,EMEA,Paid,SMB,4,48,3.0,0,,0
U108074,2025-03-02,Free,LATAM,Organic,Mid-Market,1,0,0.0,0,,0
U108075,2025-01-13,Free,LATAM,Paid,Enterprise,1,0,10.0,1,4.4,0
U108076,2025-04-04,Starter,APAC,Organic,SMB,5,60,19.0,1,4.0,0
U108077,2025-04-17,Starter,APAC,Organic,Mid-Market,2,24,17.0,2,5.0,0
U108078,2025-01-26,Free,,Referral,SMB,1,0,8.0,0,,0
U108079,2024-02-24,Free,NA,Paid,SMB,1,0,5.0,0,,0
U108080,2025-01-06,Starter,NA,Organic,Enterprise,6,72,0.0,0,,0
U108081,2024-12-25,Starter,EMEA,Partner,SMB,3,36,4.0,1,4.7,1
U108082,2024-12-02,Starter,APAC,Paid,SMB,7,84,28.0,1,3.9,0
U108083,2025-01-03,Free,NA,Paid,SMB,1,0,2.0,0,,1
U108084,2024-03-15,Starter,EMEA,Referral,Mid-Market,5,60,5.0,1,3.8,0
U108085,2025-05-17,Starter,NA,Paid,SMB,2,24,7.0,2,3.2,1
U108086,2024-11-22,Free,EMEA,Paid,SMB,1,0,0.0,1,4.4,0
U108087,2025-02-25,Starter,EMEA,Referral,SMB,6,72,8.0,1,4.9,0
U108088,2024-05-25,Free,NA,Organic,SMB,1,0,3.0,0,,0
U108089,2024-04-23,Business,APAC,Organic,SMB,39,1131,16.0,0,,0
U108090,2024-01-10,Business,NA,Organic,SMB,8,232,21.0,1,4.7,0
U108091,2024-09-11,Starter,APAC,Organic,Mid-Market,3,36,11.0,1,5.0,1
U108092,2024-04-19,Enterprise,NA,Organic,Mid-Market,203,9947,31.0,1,5.0,0
U108093,2024-02-08,Starter,EMEA,Organic,Mid-Market,7,84,16.0,1,4.1,1
U108094,2024-01-03,Starter,NA,Organic,SMB,6,72,12.0,0,,0
U108095,2024-12-16,Starter,NA,Paid,SMB,4,48,11.0,0,,0
U108096,2024-12-11,Free,APAC,Partner,SMB,1,0,2.0,0,,0
U108097,2025-05-10,Starter,LATAM,Referral,SMB,4,48,9.0,0,,1
U108098,2024-10-07,Free,APAC,Referral,SMB,1,0,12.0,0,,0
U108099,2024-02-23,Starter,EMEA,Paid,Enterprise,7,84,19.0,0,,0
U108100,2024-12-09,Starter,EMEA,Organic,SMB,6,72,21.0,0,,0
U108101,2024-11-11,Business,,Organic,Mid-Market,38,1102,11.0,4,3.5,1
U108102,2024-11-09,Free,EMEA,Organic,SMB,1,0,7.0,1,4.2,0
U108103,2025-05-14,Free,,Organic,Enterprise,1,0,1.0,1,4.3,1
U108104,2024-08-06,Business,LATAM,Paid,Mid-Market,20,580,32.0,2,4.5,0
U108105,2024-01-27,Business,NA,Referral,SMB,7,203,31.0,4,3.2,0
U108106,2025-01-05,Free,EMEA,Organic,Mid-Market,1,0,5.0,0,,1
U108107,2024-10-22,Starter,LATAM,Referral,Mid-Market,6,72,,0,,1
U108108,2025-04-05,Free,NA,Organic,SMB,1,0,7.0,0,,0
U108109,2025-05-29,Starter,EMEA,Paid,SMB,6,72,14.0,1,3.8,1
U108110,2024-07-16,Free,APAC,Organic,Enterprise,1,0,22.0,0,,0
U108111,2025-06-14,Business,NA,Paid,SMB,9,261,15.0,1,3.4,0
U108112,2024-08-13,Free,NA,Referral,Mid-Market,1,0,0.0,0,,0
U108113,2024-11-17,Starter,LATAM,Organic,Mid-Market,7,84,,0,,1
U108114,2024-03-22,Free,APAC,Partner,SMB,1,0,13.0,0,,0
U108115,2024-05-14,Free,NA,Referral,SMB,1,0,8.0,1,4.0,1
U108116,2024-01-17,Starter,NA,Partner,SMB,2,24,17.0,1,4.9,0
U108117,2024-12-15,Starter,NA,Paid,Enterprise,2,24,25.0,0,,0
U108118,2024-01-14,Starter,EMEA,Paid,SMB,7,84,21.0,0,,0
U108119,2025-02-08,Free,LATAM,Organic,SMB,1,0,0.0,0,,0
U108120,2024-10-13,Business,NA,Organic,Enterprise,11,319,22.0,4,4.6,0
U108121,2025-03-20,Free,NA,Organic,Enterprise,1,0,3.0,0,,0
U108122,2025-03-03,Starter,LATAM,Organic,Enterprise,4,48,13.0,3,3.3,0
U108123,2024-05-17,Business,,Paid,Mid-Market,10,290,13.0,4,3.6,0
U108124,2024-05-20,Free,EMEA,Paid,SMB,1,0,0.0,3,4.8,0
U108125,2024-11-02,Starter,NA,Organic,Mid-Market,7,84,0.0,1,3.2,0
U108126,2024-12-28,Free,LATAM,Paid,SMB,1,0,0.0,0,,1
U108127,2024-08-01,Starter,NA,Referral,SMB,5,60,23.0,1,3.3,0
U108128,2024-08-29,Free,NA,Organic,SMB,1,0,1.0,0,,0
U108129,2024-04-20,Free,LATAM,Organic,Mid-Market,1,0,1.0,0,,0
U108130,2024-02-08,Free,NA,Partner,Mid-Market,1,0,1.0,0,,0
U108131,2024-09-27,Business,NA,Organic,Mid-Market,28,812,14.0,1,4.1,0
U108132,2024-03-14,Free,LATAM,Partner,SMB,1,0,3.0,0,,0
U108133,2024-12-18,Free,NA,Partner,Mid-Market,1,0,12.0,1,3.5,0
U108134,2024-01-09,Free,NA,Organic,SMB,1,0,1.0,0,,0
U108135,2024-12-09,Enterprise,NA,Referral,Enterprise,129,6321,33.0,6,3.5,0
U108136,2024-05-25,Free,NA,Organic,SMB,1,0,5.0,0,,1
U108137,2025-03-11,Free,,Paid,SMB,1,0,12.0,0,,0
U108138,2025-04-11,Starter,NA,Organic,SMB,4,48,18.0,1,3.7,0
U108139,2024-05-28,Business,,Partner,Mid-Market,33,957,9.0,1,4.6,0
U108140,2024-03-30,Free,EMEA,Organic,SMB,1,0,8.0,0,,0
U108141,2024-03-08,Free,EMEA,Organic,SMB,1,0,14.0,0,,0
U108142,2024-03-03,Starter,EMEA,Partner,Mid-Market,2,24,20.0,1,3.4,0
U108143,2024-01-13,Free,,Paid,SMB,1,0,,0,,0
U108144,2025-02-18,Starter,LATAM,Paid,Mid-Market,3,36,19.0,1,4.7,0
U108145,2025-04-19,Business,EMEA,Organic,Mid-Market,25,725,23.0,0,,0
U108146,2024-11-26,Starter,EMEA,Organic,SMB,2,24,20.0,0,,0
U108147,2024-10-04,Starter,EMEA,Paid,SMB,2,24,12.0,0,,0
U108148,2024-02-12,Free,NA,Referral,SMB,1,0,9.0,0,,0
U108149,2024-09-18,Starter,EMEA,Paid,SMB,6,72,24.0,2,4.5,0
U108150,2024-09-10,Free,NA,Partner,SMB,1,0,3.0,2,5.0,0
U108151,2024-09-13,Free,NA,Organic,SMB,1,0,8.0,0,,0
U108152,2024-11-21,Enterprise,NA,Partner,SMB,72,3528,36.0,1,4.9,0
U108153,2024-07-12,Free,NA,Paid,SMB,1,0,9.0,0,,1
U108154,2025-03-23,Free,EMEA,Organic,Mid-Market,1,0,0.0,0,,0
U108155,2025-03-06,Free,APAC,Organic,SMB,1,0,,0,,0
U108156,2024-10-24,Free,NA,Organic,SMB,1,0,4.0,0,,0
U108157,2025-03-17,Free,NA,Organic,SMB,1,0,11.0,0,,0
U108158,2024-11-18,Free,NA,Organic,Mid-Market,1,0,9.0,1,3.0,0
U108159,2024-11-05,Free,EMEA,Referral,SMB,1,0,16.0,0,,0
U108160,2024-01-15,Starter,NA,Organic,Mid-Market,3,36,15.0,0,,0
U108161,2025-04-01,Free,NA,Organic,SMB,1,0,0.0,1,4.5,0
U108162,2024-06-05,Free,EMEA,Organic,SMB,1,0,3.0,1,4.1,0
U108163,2025-02-06,Free,EMEA,Partner,SMB,1,0,0.0,0,,0
U108164,2024-06-14,Free,NA,Organic,Mid-Market,1,0,6.0,1,4.5,0
U108165,2025-03-24,Business,LATAM,Organic,SMB,18,522,28.0,2,3.7,0
U108166,2024-02-03,Free,NA,Referral,SMB,1,0,3.0,0,,0
U108167,2025-02-04,Free,NA,Organic,Mid-Market,1,0,7.0,1,4.2,0
U108168,2024-11-25,Free,NA,Paid,Mid-Market,1,0,4.0,0,,0
U108169,2024-09-05,Business,EMEA,Organic,SMB,23,667,19.0,0,,0
U108170,2024-01-07,Free,APAC,Organic,Mid-Market,1,0,2.0,1,4.3,0
U108171,2024-09-08,Starter,NA,Referral,SMB,2,24,3.0,1,3.6,0
U108172,2025-06-02,Starter,NA,Referral,SMB,2,24,9.0,0,,0
U108173,2024-06-07,Free,LATAM,Partner,SMB,1,0,0.0,0,,0
U108174,2025-02-05,Starter,EMEA,Referral,Mid-Market,6,72,10.0,1,5.0,0
U108175,2025-01-13,Business,NA,Organic,SMB,19,551,27.0,0,,0
U108176,2024-04-29,Starter,EMEA,Paid,SMB,5,60,,0,,0
U108177,2025-03-27,Starter,NA,Organic,SMB,7,84,11.0,0,,0
U108178,2025-02-01,Business,NA,Organic,SMB,22,638,33.0,1,3.8,0
U108179,2024-11-19,starter,NA,Organic,SMB,6,72,10.0,2,4.7,0
U108180,2024-11-27,Free,NA,Organic,SMB,1,0,0.0,0,,1
U108181,2024-04-22,Free,EMEA,Partner,SMB,1,0,3.0,0,,0
U108182,2024-02-27,Free,EMEA,Referral,SMB,1,0,0.0,0,,1
U108183,2024-07-18,Starter,LATAM,Paid,SMB,6,72,17.0,0,,0
U108184,2024-05-20,Free,LATAM,Paid,SMB,1,0,4.0,1,5.0,0
U108185,2025-04-03,Free,EMEA,Paid,SMB,1,0,16.0,0,,1
U108186,2025-05-18,Free,APAC,Organic,SMB,1,0,0.0,0,,0
U108187,2024-12-09,Business,EMEA,Paid,Enterprise,23,667,27.0,1,3.3,0
U108188,2024-08-23,Business,NA,Paid,SMB,8,232,23.0,1,4.1,0
U108189,2025-04-08,Business,APAC,Paid,SMB,16,464,24.0,3,2.9,1
U108190,2024-09-01,Free,,Organic,Mid-Market,1,0,3.0,0,,0
U108191,2025-06-17,Business,NA,Organic,Enterprise,15,435,14.0,4,2.7,1
U108192,2024-05-18,Free,NA,Referral,SMB,1,0,18.0,0,,0
U108193,2025-02-03,Starter,EMEA,Paid,SMB,5,60,20.0,1,2.7,1
U108194,2024-06-17,Free,NA,Organic,SMB,1,0,17.0,0,,0
U108195,2024-07-01,Enterprise,NA,Organic,Enterprise,259,12691,29.0,3,4.1,0
U108196,2025-03-11,Business,NA,Organic,SMB,24,696,23.0,3,4.6,0
U108197,2025-04-12,Free,NA,Referral,Enterprise,1,0,4.0,0,,1
U108198,2024-04-24,Business,NA,Partner,SMB,11,319,30.0,1,4.3,0
U108199,2024-12-07,Starter,NA,Paid,SMB,3,36,18.0,0,,0
U108200,2024-02-05,Starter,APAC,Organic,Mid-Market,5,60,17.0,2,3.7,0
U108201,2025-04-20,Free,EMEA,Organic,SMB,1,0,0.0,2,3.8,0
U108202,2024-02-18,Free,NA,Referral,SMB,1,0,2.0,0,,0
U108203,2025-04-14,Business,EMEA,Paid,Mid-Market,18,522,24.0,2,3.7,1
U108204,2024-11-09,Free,NA,Organic,Mid-Market,1,0,9.0,0,,0
U108205,2024-09-02,Free,EMEA,Paid,SMB,1,0,18.0,1,4.0,0
U108206,2024-11-06,Free,APAC,Organic,SMB,1,0,11.0,0,,0
U108207,2025-04-19,Free,NA,Organic,SMB,1,0,5.0,0,,1
U108208,2024-08-19,Free,APAC,Organic,Mid-Market,1,0,0.0,0,,0
U108209,2024-12-10,Starter,EMEA,Referral,Mid-Market,3,36,16.0,0,,0
U108210,2024-08-22,Free,NA,Referral,SMB,1,0,0.0,0,,0
U108211,2025-02-23,Free,NA,Paid,Mid-Market,1,0,0.0,0,,1
U108212,2025-01-26,Starter,APAC,Organic,SMB,4,48,19.0,0,,0
U108213,2024-03-02,Free,NA,Organic,Enterprise,1,0,8.0,0,,0
U108214,2025-02-09,Free,,Partner,Mid-Market,1,0,1.0,0,,0
U108215,2024-10-16,Free,NA,Paid,SMB,1,0,8.0,0,,0
U108216,2024-05-22,Business,EMEA,Organic,SMB,12,348,16.0,0,,0
U108217,2024-09-12,Starter,NA,Organic,SMB,6,72,22.0,0,,0
U108218,2025-05-25,Free,NA,Paid,SMB,1,0,3.0,0,,0
U108219,2024-08-03,Free,LATAM,Organic,Mid-Market,1,0,8.0,0,,0
U108220,2024-03-09,Free,EMEA,Referral,Enterprise,1,0,8.0,1,3.7,0
U108221,2024-05-14,Business,NA,Referral,Mid-Market,23,667,19.0,1,5.0,0
U108222,2025-06-20,Business,NA,Paid,Enterprise,16,464,15.0,0,,0
U108223,2024-02-27,Free,EMEA,Referral,Enterprise,1,0,12.0,0,,0
U108224,2025-06-14,Business,APAC,Paid,Enterprise,34,986,17.0,5,3.0,1
U108225,2024-11-15,Starter,APAC,Partner,Enterprise,6,72,9.0,3,4.2,1
U108226,2024-12-10,Starter,NA,Organic,SMB,7,84,12.0,3,2.9,0
U108227,2024-05-18,Business,EMEA,Organic,Mid-Market,21,609,22.0,1,4.3,0
U108228,2024-03-30,business,APAC,Paid,Mid-Market,34,986,16.0,3,3.3,0
U108229,2024-09-23,Enterprise,EMEA,Organic,SMB,255,12495,33.0,2,3.1,0
U108230,2025-04-27,Free,EMEA,Organic,Enterprise,1,0,1.0,0,,0
U108231,2024-12-25,Business,EMEA,Paid,Enterprise,16,464,26.0,1,3.5,0
U108232,2024-11-15,Free,NA,Referral,Mid-Market,1,0,2.0,0,,0
U108233,2024-10-15,Business,EMEA,Partner,SMB,38,1102,22.0,0,,0
U108234,2024-02-15,Starter,APAC,Organic,SMB,5,60,14.0,0,,0
U108235,2025-03-13,Free,NA,Partner,Mid-Market,1,0,0.0,0,,0
U108236,2024-08-12,Starter,NA,Organic,SMB,5,60,16.0,2,4.0,0
U108237,2024-07-09,Free,NA,Paid,SMB,1,0,9.0,0,,0
U108238,2025-01-23,Enterprise,EMEA,Organic,SMB,253,12397,24.0,1,4.8,0
U108239,2024-09-20,Starter,NA,Paid,Mid-Market,5,60,22.0,1,4.2,0
U108240,2024-06-21,Free,NA,Paid,SMB,1,0,13.0,0,,0
U108241,2025-04-21,Starter,APAC,Partner,SMB,5,60,17.0,1,4.5,0
U108242,2024-06-17,Starter,NA,Paid,Enterprise,4,48,15.0,0,,0
U108243,2024-07-13,Free,NA,Organic,Mid-Market,1,0,0.0,0,,0
U108244,2024-10-03,Free,EMEA,Organic,SMB,1,0,0.0,0,,0
U108245,2024-02-16,Free,NA,Partner,SMB,1,0,9.0,0,,0
U108246,2024-12-31,Enterprise,EMEA,Organic,SMB,242,11858,31.0,2,4.7,0
U108247,2025-04-07,Free,NA,Paid,Enterprise,1,0,0.0,1,3.9,0
U108248,2024-04-09,Free,EMEA,Partner,SMB,1,0,11.0,0,,0
U108249,2024-07-20,Free,APAC,Organic,Mid-Market,1,0,0.0,1,4.2,1
U108250,2024-11-13,Free,LATAM,Paid,Mid-Market,1,0,5.0,0,,0
U108251,2024-09-29,Starter,EMEA,Organic,SMB,7,84,6.0,1,4.6,0
U108252,2024-08-23,Starter,APAC,Referral,SMB,6,72,12.0,0,,0
U108253,2024-07-05,Business,EMEA,Paid,SMB,37,1073,19.0,0,,0
U108254,2025-02-02,Free,LATAM,Organic,SMB,1,0,21.0,1,4.4,0
U108255,2024-02-03,Free,APAC,Paid,Mid-Market,1,0,,2,3.9,0
U108256,2024-05-11,Free,EMEA,Organic,SMB,1,0,19.0,0,,0
U108257,2024-01-22,Free,LATAM,Partner,Enterprise,1,0,13.0,0,,0
U108258,2025-03-31,Free,NA,Partner,Mid-Market,1,0,6.0,0,,1
U108259,2024-04-30,Business,APAC,Partner,Mid-Market,6,174,10.0,4,4.1,1
U108260,2025-02-15,Starter,NA,Organic,SMB,6,72,11.0,1,4.1,1
U108261,2025-04-11,Free,APAC,Referral,SMB,1,0,12.0,0,,0
U108262,2024-08-12,Free,EMEA,Organic,SMB,1,0,3.0,0,,0
U108263,2025-01-06,Free,NA,Paid,SMB,1,0,8.0,0,,0
U108264,2025-03-18,Starter,EMEA,Paid,Enterprise,3,36,15.0,1,3.4,1
U108265,2024-09-06,Free,EMEA,Organic,Mid-Market,1,0,6.0,1,3.2,0
U108266,2024-11-18,Starter,NA,Paid,Mid-Market,7,84,12.0,2,3.5,0
U108267,2025-05-06,Business,EMEA,Referral,SMB,32,928,24.0,0,,0
U108268,2024-12-01,Free,NA,Organic,Enterprise,1,0,2.0,0,,1
U108269,2025-06-15,Starter,NA,Paid,Mid-Market,3,36,12.0,0,,0
U108270,2024-02-21,Free,APAC,Organic,SMB,1,0,12.0,0,,0
U108271,2025-06-05,Free,EMEA,Organic,SMB,1,0,11.0,0,,0
U108272,2024-04-20,Free,NA,Organic,SMB,1,0,2.0,0,,0
U108273,2024-02-22,Free,EMEA,Partner,SMB,1,0,0.0,0,,0
U108274,2024-01-24,Business,NA,Paid,Mid-Market,28,812,25.0,4,3.5,0
U108275,2025-04-20,Free,NA,Paid,SMB,1,0,27.0,0,,0
U108276,2025-05-09,Starter,EMEA,Referral,Mid-Market,2,24,7.0,2,4.1,0
U108277,2025-03-20,Business,EMEA,Organic,SMB,17,493,27.0,0,,0
U108278,2024-06-20,Free,EMEA,Paid,SMB,1,0,12.0,1,4.6,0
U108279,2025-04-25,Business,APAC,Referral,Mid-Market,27,783,18.0,2,1.7,1
U108280,2024-03-31,Free,EMEA,Organic,SMB,1,0,2.0,0,,0
U108281,2024-10-15,Enterprise,NA,Organic,SMB,121,5929,27.0,3,3.4,0
U108282,2025-04-04,Free,EMEA,Organic,SMB,1,0,0.0,3,4.6,0
U108283,2024-10-02,Starter,APAC,Referral,Mid-Market,6,72,13.0,0,,0
U108284,2025-06-02,Business,NA,Paid,SMB,19,551,5.0,0,,0
U108285,2025-01-24,Business,APAC,Organic,Mid-Market,34,986,30.0,1,1.7,0
U108286,2025-04-19,Enterprise,EMEA,Organic,SMB,123,6027,13.0,1,3.6,0
U108287,2024-10-10,Free,APAC,Referral,SMB,1,0,15.0,0,,0
U108288,2025-06-12,Free,NA,Referral,SMB,1,0,9.0,0,,0
U108289,2024-12-24,Free,APAC,Organic,Mid-Market,1,0,0.0,0,,1
U108290,2024-05-29,Business,NA,Organic,SMB,37,1073,16.0,0,,0
U108291,2025-06-16,Free,LATAM,Organic,SMB,1,0,0.0,1,5.0,0
U108292,2025-02-26,Starter,EMEA,Paid,Enterprise,7,84,25.0,1,2.3,0
U108293,2024-10-22,Free,NA,Referral,SMB,1,0,0.0,1,4.6,0
U108294,2024-05-01,Free,EMEA,Partner,SMB,1,0,9.0,2,4.5,0
U108295,2025-02-27,Free,EMEA,Organic,SMB,1,0,12.0,0,,0
U108296,2025-05-08,Business,NA,Organic,Mid-Market,18,522,32.0,0,,0
U108297,2024-10-03,Free,NA,Organic,SMB,1,0,11.0,0,,0
U108298,2025-02-23,Starter,NA,Paid,Mid-Market,4,48,5.0,0,,0
U108299,2024-03-06,Free,APAC,Referral,Mid-Market,1,0,8.0,1,2.9,0
U108300,2025-04-02,Free,EMEA,Organic,SMB,1,0,0.0,0,,0
U108301,2024-08-16,Business,APAC,Organic,Mid-Market,20,580,22.0,1,3.3,0
U108302,2024-09-21,Starter,EMEA,Paid,SMB,7,84,15.0,1,2.5,0
U108303,2024-11-23,Business,NA,Organic,Enterprise,19,551,29.0,3,4.2,0
U108304,2025-02-25,Free,EMEA,Organic,SMB,1,0,6.0,0,,0
U108305,2025-02-08,Starter,APAC,Referral,SMB,7,84,6.0,1,3.1,1
U108306,2024-09-02,Free,NA,Paid,SMB,1,0,10.0,0,,0
U108307,2024-04-11,Free,EMEA,Organic,Mid-Market,1,0,9.0,0,,1
U108308,2024-07-20,Free,EMEA,Organic,SMB,1,0,6.0,0,,0
U108309,2025-04-17,Free,NA,Referral,SMB,1,0,1.0,0,,0
U108310,2024-08-25,Free,EMEA,Paid,SMB,1,0,9.0,0,,0
U108311,2024-07-15,Starter,APAC,Paid,SMB,6,72,7.0,2,4.4,0
U108312,2024-04-14,Starter,NA,Referral,SMB,3,36,17.0,1,4.2,0
U108313,2024-02-10,Free,EMEA,Partner,SMB,1,0,8.0,0,,0
U108314,2024-07-17,Free,APAC,Organic,Enterprise,1,0,0.0,0,,1
U108315,2024-04-22,Free,NA,Organic,Mid-Market,1,0,11.0,0,,0
U108316,2024-11-03,Enterprise,EMEA,Paid,Mid-Market,162,7938,29.0,1,4.1,0
U108317,2024-03-14,Free,NA,Paid,SMB,1,0,0.0,0,,0
U108318,2024-01-14,Business,,Paid,SMB,5,145,17.0,0,,0
U108319,2024-04-09,Starter,EMEA,Organic,Mid-Market,3,36,12.0,2,3.4,0
U108320,2024-09-16,Starter,LATAM,Organic,SMB,2,24,21.0,1,4.6,0
U108321,2024-09-23,Free,NA,Organic,Enterprise,1,0,6.0,0,,0
U108322,2025-01-23,Starter,APAC,Paid,SMB,5,60,12.0,1,5.0,1
U108323,2024-12-23,Business,EMEA,Organic,SMB,30,870,14.0,1,5.0,0
U108324,2024-07-18,Starter,,Paid,Enterprise,5,60,15.0,0,,0
U108325,2025-06-03,Free,NA,Referral,SMB,1,0,0.0,0,,0
U108326,2024-08-21,Starter,EMEA,Organic,SMB,2,24,15.0,2,3.6,0
U108327,2024-07-24,Free,LATAM,Paid,SMB,1,0,8.0,0,,0
U108328,2025-05-06,Business,NA,Paid,Mid-Market,36,1044,33.0,0,,0
U108329,2025-01-08,Business,EMEA,Paid,Mid-Market,37,1073,15.0,1,4.4,0
U108330,2024-04-18,Business,APAC,Referral,SMB,34,986,20.0,2,3.6,1
U108331,2024-05-02,Starter,NA,Organic,SMB,4,48,24.0,0,,0
U108332,2024-10-06,Free,LATAM,Partner,Mid-Market,1,0,7.0,0,,0
U108333,2024-08-01,Free,APAC,Paid,Enterprise,1,0,8.0,0,,0
U108334,2024-06-03,Starter,EMEA,Paid,Enterprise,5,60,13.0,3,3.6,0
U108335,2024-01-11,Free,APAC,Organic,Enterprise,1,0,12.0,0,,0
U108336,2024-10-23,Free,EMEA,Organic,SMB,1,0,16.0,0,,0
U108337,2024-01-12,Starter,APAC,Referral,SMB,4,48,3.0,1,4.2,0
U108338,2025-03-25,Enterprise,LATAM,Organic,SMB,91,4459,29.0,5,3.1,0
U108339,2025-04-06,Starter,NA,Referral,SMB,3,36,10.0,1,3.6,0
U108340,2024-01-24,Free,EMEA,Organic,SMB,1,0,3.0,0,,0
U108341,2025-05-25,Starter,APAC,Organic,Mid-Market,6,72,9.0,0,,0
U108342,2025-03-11,Free,EMEA,Paid,Mid-Market,1,0,0.0,0,,0
U108343,2024-10-05,Free,EMEA,Referral,SMB,1,0,2.0,2,4.3,1
U108344,2025-06-17,Free,EMEA,Organic,SMB,1,0,3.0,0,,1
U108345,2024-09-18,Business,LATAM,Partner,SMB,9,261,29.0,0,,0
U108346,2024-07-08,free,NA,Paid,SMB,1,0,9.0,1,4.4,0
U108347,2024-02-10,Starter,EMEA,Organic,Mid-Market,7,84,18.0,0,,1
U108348,2024-04-04,Starter,NA,Partner,SMB,4,48,7.0,1,4.6,0
U108349,2024-10-19,Free,APAC,Paid,SMB,1,0,1.0,0,,1
U108350,2025-05-17,Starter,EMEA,Partner,SMB,2,24,12.0,1,4.0,0
U108351,2024-04-28,Free,APAC,Paid,SMB,1,0,18.0,1,5.0,0
U108352,2025-06-05,Starter,EMEA,Organic,SMB,3,36,9.0,1,3.4,1
U108353,2024-10-04,Free,EMEA,Referral,SMB,1,0,2.0,1,3.9,0
U108354,2024-06-28,Free,NA,Organic,SMB,1,0,3.0,0,,0
U108355,2025-05-10,Free,EMEA,Partner,SMB,1,0,2.0,0,,0
U108356,2024-08-03,Free,NA,Organic,SMB,1,0,16.0,0,,0
U108357,2024-10-24,Business,APAC,Paid,Enterprise,31,899,25.0,4,3.2,1
U108358,2025-02-21,Free,NA,Organic,Mid-Market,1,0,5.0,1,2.9,0
U108359,2024-10-20,Business,EMEA,Organic,Mid-Market,14,406,15.0,3,3.9,0
U108360,2024-07-08,Starter,EMEA,Paid,Enterprise,4,48,15.0,1,3.3,0
U108361,2024-05-24,Business,LATAM,Organic,Mid-Market,12,348,20.0,1,4.6,0
U108362,2024-02-27,Starter,NA,Referral,SMB,6,72,15.0,1,3.6,0
U108363,2024-01-18,Free,APAC,Organic,SMB,1,0,6.0,0,,0
U108364,2025-02-17,Free,NA,Organic,Mid-Market,1,0,9.0,1,4.4,0
U108365,2024-09-04,Starter,EMEA,Paid,SMB,6,72,12.0,1,4.7,0
U108366,2025-03-25,Business,,Organic,Mid-Market,16,464,18.0,1,4.9,0
U108367,2024-04-14,Business,NA,Paid,SMB,24,696,25.0,0,,0
U108368,2024-06-07,Enterprise,NA,Organic,Mid-Market,284,13916,23.0,3,4.2,0
U108369,2024-02-20,Starter,NA,Organic,SMB,2,24,22.0,3,3.2,0
U108370,2024-08-31,Free,EMEA,Paid,SMB,1,0,2.0,1,4.1,0
U108371,2024-11-07,Starter,EMEA,Organic,Enterprise,5,60,7.0,1,4.5,1
U108372,2024-09-23,Business,NA,Organic,SMB,23,667,19.0,2,4.3,1
U108373,2024-05-28,Free,APAC,Paid,SMB,1,0,5.0,1,3.4,1
U108374,2025-02-11,Free,NA,Organic,SMB,1,0,7.0,0,,0
U108375,2025-04-09,Free,EMEA,Organic,SMB,1,0,8.0,0,,0
U108376,2025-04-28,Starter,EMEA,Paid,SMB,3,36,11.0,2,3.5,1
U108377,2025-01-24,Business,EMEA,Organic,SMB,35,1015,14.0,1,4.3,0
U108378,2024-11-12,Business,EMEA,Organic,Enterprise,16,464,31.0,1,3.8,0
U108379,2024-10-29,Business,APAC,Paid,Mid-Market,30,870,18.0,2,2.3,0
U108380,2025-06-10,Starter,NA,Paid,SMB,3,36,21.0,0,,0
U108381,2024-08-06,Free,NA,Partner,Mid-Market,1,0,10.0,0,,0
U108382,2024-11-02,Enterprise,NA,Referral,SMB,179,8771,,2,4.8,0
U108383,2025-01-23,Starter,APAC,Organic,SMB,5,60,11.0,1,4.1,1
U108384,2024-11-07,Enterprise,EMEA,Organic,Mid-Market,233,11417,27.0,4,3.1,1
U108385,2025-02-15,Free,APAC,Paid,Mid-Market,1,0,,0,,0
U108386,2024-06-02,Business,EMEA,Paid,SMB,9,261,7.0,1,2.3,0
U108387,2025-05-28,Free,LATAM,Organic,SMB,1,0,0.0,0,,0
U108388,2024-03-05,Enterprise,EMEA,Organic,Mid-Market,276,13524,12.0,2,3.9,0
U108389,2024-03-20,Enterprise,APAC,Referral,SMB,255,12495,25.0,3,1.5,1
U108390,2024-01-23,Starter,EMEA,Organic,SMB,7,84,0.0,0,,0
U108391,2024-12-12,Business,EMEA,Referral,SMB,36,1044,25.0,2,3.8,1
U108392,2024-11-24,Business,APAC,Partner,Mid-Market,34,986,13.0,2,1.5,0
U108393,2025-06-08,Free,EMEA,Partner,SMB,1,0,8.0,1,2.1,0
U108394,2024-06-20,Starter,NA,Partner,SMB,7,84,1.0,2,3.4,0
U108395,2024-12-27,Starter,LATAM,Organic,SMB,5,60,9.0,1,3.8,0
U108396,2024-03-22,Business,LATAM,Partner,SMB,9,261,12.0,2,5.0,0
U108397,2024-01-08,Business,NA,Organic,Enterprise,16,464,25.0,1,4.1,1
U108398,2024-09-02,Free,NA,Paid,Mid-Market,1,0,6.0,0,,0
U108399,2024-02-02,Business,EMEA,Paid,SMB,28,812,9.0,2,4.3,1
U108400,2024-08-19,Business,EMEA,Organic,SMB,13,377,20.0,2,4.1,0
U108401,2025-02-24,Starter,NA,Referral,SMB,2,24,6.0,1,4.8,0
U108402,2025-04-25,Starter,NA,Organic,SMB,6,72,21.0,1,3.8,0
U108403,2025-02-20,Free,LATAM,Organic,Mid-Market,1,0,17.0,0,,0
U108404,2024-11-22,Free,APAC,Paid,SMB,1,0,0.0,1,4.4,0
U108405,2025-05-16,Free,NA,Paid,SMB,1,0,2.0,0,,0
U108406,2024-07-03,Free,NA,Organic,SMB,1,0,5.0,0,,0
U108407,2024-05-22,Starter,EMEA,Organic,Mid-Market,2,24,18.0,0,,0
U108408,2025-06-21,Free,NA,Referral,SMB,1,0,8.0,0,,0
U108409,2025-01-18,Starter,LATAM,Paid,Mid-Market,4,48,17.0,0,,0
U108410,2024-10-27,Business,NA,Referral,SMB,20,580,18.0,1,5.0,0
U108411,2024-05-31,Starter,LATAM,Organic,Enterprise,7,84,12.0,0,,0
U108412,2024-10-09,Business,NA,Partner,SMB,38,1102,23.0,1,2.5,0
U108413,2024-10-11,Business,NA,Referral,SMB,32,928,29.0,3,4.4,0
U108414,2025-02-05,Starter,EMEA,Paid,SMB,5,60,13.0,0,,0
U108415,2025-05-02,Starter,EMEA,Organic,SMB,7,84,14.0,1,5.0,0
U108416,2025-01-16,Free,EMEA,Organic,SMB,1,0,7.0,0,,0
U108417,2025-03-17,Business,LATAM,Organic,SMB,38,1102,4.0,3,4.6,0
U108418,2024-07-17,Business,EMEA,Referral,Mid-Market,13,377,21.0,3,4.4,0
U108419,2024-09-12,Starter,NA,Organic,SMB,3,36,13.0,1,5.0,0
U108420,2025-02-20,Starter,NA,Paid,SMB,2,24,21.0,2,4.8,0
U108421,2025-01-11,Starter,NA,Organic,SMB,5,60,22.0,1,3.9,0
U108422,2024-10-21,Free,NA,Organic,Enterprise,1,0,11.0,0,,0
U108423,2024-03-23,Starter,NA,Organic,SMB,2,24,9.0,0,,0
U108424,2024-11-09,Free,EMEA,Paid,Mid-Market,1,0,0.0,2,4.1,1
U108425,2025-02-21,Business,,Partner,Mid-Market,25,725,16.0,0,,0
U108426,2024-11-16,Starter,EMEA,Organic,SMB,7,84,17.0,0,,0
U108427,2024-04-28,Business,NA,Partner,SMB,27,783,9.0,1,3.1,0
U108428,2024-08-09,Free,NA,Referral,SMB,1,0,4.0,0,,0
U108429,2025-04-26,Enterprise,APAC,Paid,SMB,132,6468,20.0,2,2.6,1
U108430,2024-09-27,Free,APAC,Organic,SMB,1,0,7.0,0,,0
U108431,2024-03-20,Free,EMEA,Referral,SMB,1,0,4.0,3,4.0,1
U108432,2024-04-14,Starter,APAC,Organic,SMB,4,48,20.0,2,4.5,0
U108433,2024-04-24,Starter,NA,Paid,Mid-Market,3,36,4.0,0,,1
U108434,2024-05-21,Free,NA,Partner,Enterprise,1,0,13.0,0,,0
U108435,2024-01-11,Free,EMEA,Partner,Enterprise,1,0,7.0,1,4.1,0
U108436,2025-02-07,Free,EMEA,Organic,SMB,1,0,0.0,0,,1
U108437,2024-05-18,Free,EMEA,Organic,SMB,1,0,16.0,0,,0
U108438,2024-06-23,Free,APAC,Referral,SMB,1,0,3.0,1,3.5,1
U108439,2025-04-22,Starter,EMEA,Organic,SMB,6,72,8.0,1,4.5,0
U108440,2024-05-27,Starter,,Paid,Mid-Market,5,60,14.0,2,3.5,0
U108441,2024-06-25,Free,EMEA,Organic,SMB,1,0,0.0,0,,0
U108442,2024-09-13,Starter,EMEA,Paid,SMB,6,72,16.0,0,,0
U108443,2024-12-12,Free,EMEA,Paid,Mid-Market,1,0,15.0,0,,1
U108444,2025-06-19,Free,APAC,Partner,SMB,1,0,9.0,0,,0
U108445,2024-12-10,Starter,NA,Organic,Mid-Market,6,72,19.0,2,5.0,0
U108446,2024-08-26,Free,APAC,Referral,Enterprise,1,0,11.0,0,,0
U108447,2024-09-29,Starter,EMEA,Organic,SMB,2,24,17.0,2,4.1,1
U108448,2024-12-08,Free,EMEA,Partner,SMB,1,0,7.0,0,,0
U108449,2024-10-11,Business,EMEA,Organic,Enterprise,15,435,19.0,2,4.3,1
U108450,2024-06-17,Starter,,Paid,SMB,7,84,0.0,0,,1
U108451,2024-10-04,Free,NA,Organic,SMB,1,0,21.0,0,,0
U108452,2024-01-10,Business,APAC,Partner,SMB,17,493,26.0,1,4.8,0
U108453,2024-02-13,Free,EMEA,Referral,SMB,1,0,9.0,0,,0
U108454,2024-09-05,Business,EMEA,Referral,SMB,14,406,22.0,2,4.4,0
U108455,2024-03-23,Free,LATAM,Organic,Enterprise,1,0,6.0,0,,1
U108456,2024-06-28,Free,NA,Paid,Enterprise,1,0,4.0,0,,0
U108457,2024-12-05,Business,EMEA,Organic,SMB,23,667,5.0,1,4.1,0
U108458,2024-09-22,Free,NA,Organic,SMB,1,0,2.0,0,,0
U108459,2024-02-05,Free,EMEA,Referral,Mid-Market,1,0,6.0,0,,0
U108460,2024-04-04,Starter,APAC,Organic,SMB,3,36,15.0,0,,0
U108461,2025-06-03,Starter,NA,Organic,Enterprise,4,48,7.0,0,,0
U108462,2024-03-31,Starter,NA,Paid,Mid-Market,2,24,20.0,1,3.2,0
U108463,2024-06-10,Starter,APAC,Paid,SMB,2,24,22.0,0,,0
U108464,2025-04-11,Free,NA,Paid,SMB,1,0,4.0,2,3.7,0
U108465,2024-11-08,Enterprise,NA,Referral,SMB,118,5782,17.0,3,3.3,0
U108466,2024-02-23,Starter,NA,Paid,SMB,4,48,18.0,1,3.7,0
U108467,2024-09-13,Free,EMEA,Organic,SMB,1,0,,0,,0
U108468,2025-04-23,Business,NA,Organic,Mid-Market,37,1073,13.0,0,,0
U108469,2024-06-06,Free,NA,Referral,Mid-Market,1,0,13.0,0,,0
U108470,2024-01-23,Starter,EMEA,Paid,SMB,6,72,5.0,0,,1
U108471,2024-05-07,Enterprise,APAC,Organic,SMB,246,12054,33.0,3,4.0,0
U108472,2024-05-20,Enterprise,EMEA,Organic,SMB,47,2303,17.0,5,2.8,0
U108473,2024-12-29,Starter,EMEA,Paid,SMB,5,60,6.0,2,4.5,0
U108474,2024-12-25,Business,EMEA,Organic,SMB,16,464,10.0,6,3.7,1
U108475,2025-06-04,Starter,APAC,Paid,Mid-Market,2,24,,3,3.4,0
U108476,2024-04-06,Starter,APAC,Paid,Mid-Market,6,72,17.0,0,,0
U108477,2024-01-22,Free,NA,Organic,SMB,1,0,9.0,0,,0
U108478,2025-05-04,Free,APAC,Organic,Enterprise,1,0,0.0,0,,0
U108479,2024-10-12,Business,EMEA,Paid,SMB,9,261,24.0,3,4.8,0
U108480,2025-01-01,Starter,APAC,Paid,SMB,6,72,8.0,0,,0
U108481,2024-01-09,Business,LATAM,Organic,SMB,33,957,10.0,3,3.0,0
U108482,2024-01-10,Free,LATAM,Organic,SMB,1,0,,0,,1
U108483,2024-11-05,Free,EMEA,Referral,Mid-Market,1,0,6.0,2,3.6,0
U108484,2025-01-31,Starter,EMEA,Referral,SMB,2,24,11.0,0,,0
U108485,2025-01-20,Business,EMEA,Organic,SMB,25,725,14.0,0,,0
U108486,2024-11-08,Free,APAC,Paid,Enterprise,1,0,11.0,0,,1
U108487,2025-05-19,Enterprise,NA,Referral,Enterprise,183,8967,28.0,1,4.1,0
U108488,2025-03-06,Free,NA,Organic,SMB,1,0,6.0,0,,0
U108489,2024-10-12,Free,LATAM,Partner,SMB,1,0,0.0,0,,1
U108490,2024-04-23,Free,NA,Paid,SMB,1,0,5.0,0,,0
U108491,2024-01-23,Starter,EMEA,Referral,Enterprise,2,24,16.0,3,3.2,1
U108492,2024-10-25,Enterprise,APAC,Organic,Enterprise,184,9016,29.0,0,,1
U108493,2024-11-29,Starter,LATAM,Organic,SMB,5,60,5.0,1,4.5,0
U108494,2024-12-21,Free,EMEA,Partner,SMB,1,0,16.0,0,,0
U108495,2024-10-17,Free,EMEA,Referral,Enterprise,1,0,5.0,0,,1
U108496,2025-01-18,Free,EMEA,Organic,SMB,1,0,12.0,0,,0
U108497,2024-06-08,Starter,EMEA,Paid,Mid-Market,4,48,16.0,1,4.2,0
U108498,2024-04-23,Free,APAC,Organic,SMB,1,0,1.0,0,,0
U108499,2024-06-30,Free,LATAM,Organic,Mid-Market,1,0,,0,,0
U108500,2024-09-03,Business,APAC,Paid,SMB,24,696,26.0,8,3.0,0
U108501,2024-08-04,Enterprise,NA,Organic,Mid-Market,82,4018,31.0,2,1.7,0
U108502,2024-04-05,Free,,Organic,SMB,1,0,2.0,1,5.0,0
U108503,2024-08-21,Free,EMEA,Paid,SMB,1,0,5.0,0,,0
U108504,2024-12-05,Starter,NA,Paid,Enterprise,5,60,13.0,0,,0
U108505,2025-01-20,Starter,EMEA,Referral,SMB,4,48,23.0,1,4.9,0
U108506,2024-07-04,Business,NA,Referral,Mid-Market,12,348,10.0,4,3.1,1
U108507,2024-01-29,Starter,NA,Organic,SMB,6,72,0.0,0,,0
U108508,2025-05-04,Free,APAC,Organic,SMB,1,0,5.0,1,3.4,1
U108509,2024-08-08,Starter,APAC,Partner,Mid-Market,7,84,15.0,1,4.6,0
U108510,2025-03-22,Starter,NA,Partner,Enterprise,7,84,20.0,0,,0
U108511,2024-03-30,Free,EMEA,Organic,SMB,1,0,8.0,1,3.3,1
U108512,2025-04-22,Starter,APAC,Paid,Mid-Market,6,72,1.0,0,,1
U108513,2025-03-12,Starter,,Paid,SMB,7,84,22.0,0,,0
U108514,2025-04-18,Starter,NA,Referral,Enterprise,6,72,26.0,1,5.0,0
U108515,2024-09-25,Free,LATAM,Organic,SMB,1,0,0.0,0,,0
U108516,2024-06-18,Starter,NA,Paid,SMB,2,24,8.0,0,,0
U108517,2024-12-12,Free,NA,Organic,SMB,1,0,0.0,0,,1
U108518,2024-06-26,Starter,NA,Organic,SMB,6,72,8.0,2,3.9,1
U108519,2024-10-31,Enterprise,APAC,Paid,SMB,244,11956,12.0,4,4.0,0
U108520,2024-04-16,Business,APAC,Paid,Mid-Market,15,435,6.0,1,4.7,0
U108521,2024-05-19,Business,NA,Organic,SMB,28,812,23.0,2,2.7,0
U108522,2024-07-23,Free,NA,Referral,Mid-Market,1,0,0.0,0,,0
U108523,2024-07-14,Free,EMEA,Partner,Mid-Market,1,0,5.0,0,,0
U108524,2024-01-22,Starter,NA,Organic,SMB,2,24,21.0,0,,0
U108525,2024-09-11,Starter,LATAM,Referral,Enterprise,2,24,8.0,1,5.0,0
U108526,2025-03-04,Starter,EMEA,Partner,SMB,2,24,20.0,1,5.0,0
U108527,2024-06-29,Business,APAC,Paid,Mid-Market,21,609,11.0,2,4.6,0
U108528,2024-08-01,Free,LATAM,Paid,SMB,1,0,2.0,0,,1
U108529,2025-02-24,Starter,NA,Referral,SMB,2,24,13.0,1,5.0,0
U108530,2025-06-07,Business,EMEA,Referral,Mid-Market,10,290,17.0,0,,0
U108531,2024-03-31,Free,APAC,Referral,SMB,1,0,11.0,1,3.6,0
U108532,2024-01-17,Free,EMEA,Organic,Mid-Market,1,0,5.0,0,,1
U108533,2024-10-21,Free,LATAM,Organic,SMB,1,0,0.0,1,5.0,0
U108534,2024-06-01,Free,EMEA,Referral,SMB,1,0,0.0,0,,0
U108535,2025-03-01,Free,NA,Referral,SMB,1,0,9.0,0,,0
U108536,2024-08-23,Business,NA,Paid,Enterprise,23,667,15.0,1,5.0,1
U108537,2024-05-31,Free,APAC,Referral,Enterprise,1,0,5.0,0,,0
U108538,2025-02-23,Business,NA,Paid,SMB,20,580,13.0,1,4.8,0
U108539,2024-01-04,Starter,EMEA,Organic,SMB,4,48,13.0,2,4.0,0
U108540,2025-05-29,Starter,EMEA,Organic,Mid-Market,6,72,11.0,0,,0
U108541,2024-12-30,Free,NA,Referral,SMB,1,0,5.0,1,5.0,0
U108542,2024-10-07,Starter,APAC,Organic,Enterprise,2,24,14.0,1,3.6,0
U108543,2024-07-08,Starter,LATAM,Partner,Mid-Market,2,24,19.0,0,,0
U108544,2024-06-02,Free,NA,Organic,Mid-Market,1,0,4.0,0,,0
U108545,2024-04-29,Free,EMEA,Organic,SMB,1,0,1.0,1,4.9,1
U108546,2024-10-06,Business,NA,Organic,Mid-Market,13,377,29.0,1,4.3,0
U108547,2025-04-12,Starter,NA,Organic,SMB,2,24,15.0,2,5.0,0
U108548,2024-04-14,Business,,Paid,SMB,20,580,14.0,3,4.4,1
U108549,2024-11-08,Enterprise,LATAM,Paid,SMB,179,8771,22.0,3,4.3,0
U108550,2024-05-22,Business,,Organic,Mid-Market,19,551,29.0,1,3.5,0
U108551,2024-06-29,Business,APAC,Organic,Enterprise,19,551,14.0,1,4.7,0
U108552,2024-05-12,Starter,EMEA,Organic,Mid-Market,6,72,2.0,2,3.0,1
U108553,2025-02-21,Free,NA,Partner,SMB,1,0,15.0,0,,0
U108554,2024-02-11,Starter,EMEA,Organic,SMB,2,24,19.0,0,,0
U108555,2025-01-22,Business,NA,Organic,SMB,33,957,33.0,0,,0
U108556,2024-12-23,Business,EMEA,Paid,SMB,25,725,7.0,0,,0
U108557,2025-03-12,Free,EMEA,Organic,SMB,1,0,12.0,0,,0
U108558,2024-08-19,Free,EMEA,Referral,SMB,1,0,12.0,0,,0
U108559,2025-02-19,Free,NA,Referral,Mid-Market,1,0,2.0,0,,1
U108560,2025-01-01,Free,APAC,Paid,SMB,1,0,11.0,0,,0
U108561,2024-03-04,Free,NA,Organic,SMB,1,0,8.0,0,,0
U108562,2024-10-27,Free,NA,Partner,Enterprise,1,0,8.0,2,4.6,0
U108563,2024-03-07,Business,NA,Organic,Mid-Market,11,319,39.0,2,4.6,0
U108564,2025-03-11,Business,EMEA,Partner,Mid-Market,32,928,22.0,2,4.2,0
U108565,2024-11-06,Enterprise,NA,Organic,SMB,150,7350,15.0,0,,0
U108566,2024-07-09,Starter,EMEA,Paid,SMB,2,24,12.0,1,3.6,0
U108567,2024-08-19,Business,APAC,Organic,SMB,11,319,24.0,1,3.8,0
U108568,2024-12-09,Starter,NA,Organic,SMB,2,24,13.0,0,,0
U108569,2025-04-10,Business,NA,Paid,SMB,12,348,28.0,3,3.4,0
U108570,2024-05-30,Free,EMEA,Organic,SMB,1,0,9.0,0,,0
U108571,2024-09-05,Business,NA,Organic,SMB,34,986,9.0,2,3.8,0
U108572,2024-09-27,Free,EMEA,Partner,SMB,1,0,1.0,1,3.8,1
U108573,2024-01-31,Business,EMEA,Referral,SMB,10,290,14.0,3,3.2,0
U108574,2025-06-08,Free,LATAM,Partner,SMB,1,0,6.0,0,,0
U108575,2024-05-01,Starter,EMEA,Organic,SMB,7,84,11.0,0,,1
U108576,2025-05-29,Business,EMEA,Organic,SMB,26,754,19.0,2,3.2,0
U108577,2025-04-03,Free,APAC,Organic,Mid-Market,1,0,5.0,0,,0
U108578,2024-04-30,Starter,EMEA,Organic,SMB,7,84,12.0,1,4.9,0
U108579,2025-04-01,Starter,EMEA,Organic,Mid-Market,4,48,4.0,2,3.9,1
U108580,2025-02-17,Starter,NA,Organic,SMB,4,48,10.0,3,3.7,1
U108581,2024-11-18,Free,NA,Organic,SMB,1,0,2.0,0,,0
U108582,2024-06-15,Free,NA,Paid,SMB,1,0,7.0,0,,1
U108583,2024-09-26,Free,APAC,Organic,SMB,1,0,5.0,0,,0
U108584,2024-06-01,Business,APAC,Organic,Mid-Market,29,841,24.0,0,,0
U108585,2025-04-05,Starter,NA,Referral,SMB,7,84,15.0,1,3.0,0
U108586,2024-12-26,Free,APAC,Organic,Mid-Market,1,0,5.0,0,,0
U108587,2024-09-07,Free,NA,Partner,Enterprise,1,0,8.0,1,3.9,1
U108588,2025-02-17,Starter,EMEA,Organic,Mid-Market,4,48,24.0,0,,0
U108589,2024-12-28,Starter,NA,Organic,Mid-Market,7,84,12.0,1,4.4,1
U108590,2025-02-10,Business,NA,Organic,SMB,18,522,22.0,1,3.3,1
U108591,2024-07-18,Enterprise,EMEA,Paid,Enterprise,260,12740,22.0,2,3.4,0
U108592,2024-12-28,Business,NA,Organic,SMB,14,406,18.0,2,4.7,1
U108593,2024-01-14,Free,EMEA,Organic,SMB,1,0,0.0,1,3.9,0
U108594,2024-01-27,Starter,APAC,Organic,SMB,6,72,18.0,1,4.6,0
U108595,2024-05-13,starter,NA,Partner,SMB,6,72,34.0,1,3.2,0
U108596,2024-04-27,Business,EMEA,Partner,SMB,17,493,10.0,1,3.5,0
U108597,2024-10-18,Free,APAC,Paid,SMB,1,0,0.0,0,,1
U108598,2024-04-09,Starter,NA,Organic,SMB,7,84,6.0,2,3.5,1
U108599,2025-06-04,Business,APAC,Organic,Enterprise,33,957,19.0,3,2.6,1
U108600,2024-08-20,Starter,EMEA,Partner,Mid-Market,5,60,21.0,1,4.1,1
U108601,2025-06-18,Business,EMEA,Paid,SMB,17,493,16.0,4,3.0,0
U108602,2024-06-14,Business,APAC,Organic,SMB,5,145,10.0,4,2.7,1
U108603,2024-07-10,Starter,NA,Organic,Mid-Market,5,60,0.0,1,4.6,0
U108604,2024-11-25,Free,LATAM,Organic,Enterprise,1,0,0.0,0,,1
U108605,2024-08-30,Starter,NA,Paid,SMB,5,60,15.0,1,4.6,0
U108606,2024-04-12,Starter,APAC,Organic,SMB,2,24,13.0,0,,0
U108607,2024-02-23,Free,NA,Organic,Enterprise,1,0,14.0,0,,0
U108608,2025-04-22,Free,EMEA,Partner,Enterprise,1,0,9.0,0,,0
U108609,2025-02-14,Free,NA,Organic,SMB,1,0,0.0,0,,0
U108610,2024-10-18,Free,NA,Paid,Enterprise,1,0,6.0,0,,0
U108611,2024-02-27,Free,APAC,Organic,Mid-Market,1,0,0.0,1,4.3,0
U108612,2024-02-09,Starter,NA,Partner,Enterprise,4,48,23.0,1,4.2,0
U108613,2024-06-05,Starter,NA,Referral,Enterprise,2,24,14.0,2,3.7,0
U108614,2025-04-29,Starter,EMEA,Organic,Mid-Market,3,36,17.0,2,3.6,0
U108615,2025-03-13,Business,NA,Paid,Mid-Market,28,812,20.0,0,,0
U108616,2024-01-30,Free,NA,Paid,SMB,1,0,9.0,0,,0
U108617,2024-03-22,Business,NA,Organic,Enterprise,17,493,12.0,2,3.0,0
U108618,2024-12-10,Business,NA,Organic,SMB,19,551,16.0,3,3.3,0
U108619,2025-03-28,Free,NA,Paid,Mid-Market,1,0,23.0,0,,0
U108620,2025-04-01,Starter,NA,Organic,SMB,7,84,26.0,1,5.0,0
U108621,2025-02-20,Starter,NA,Paid,SMB,2,24,13.0,0,,0
U108622,2024-02-10,Starter,EMEA,Organic,SMB,2,24,13.0,1,3.8,0
U108623,2024-10-01,Starter,NA,Organic,Enterprise,4,48,,0,,0
U108624,2024-04-19,Free,NA,Paid,Mid-Market,1,0,18.0,0,,0
U108625,2025-06-15,Business,EMEA,Paid,SMB,17,493,25.0,2,4.5,0
U108626,2024-01-31,Free,APAC,Paid,SMB,1,0,4.0,0,,0
U108627,2025-01-31,Business,NA,Paid,Mid-Market,27,783,28.0,1,4.9,0
U108628,2025-04-23,Free,NA,Partner,SMB,1,0,10.0,1,3.4,0
U108629,2024-11-25,Enterprise,APAC,Referral,SMB,227,11123,32.0,2,3.4,0
U108630,2024-08-22,Enterprise,NA,Paid,SMB,284,13916,25.0,2,3.8,0
U108631,2025-05-18,Free,EMEA,Referral,Mid-Market,1,0,20.0,0,,0
U108632,2024-12-12,Business,NA,Paid,SMB,39,1131,19.0,1,4.2,1
U108633,2024-04-13,Starter,LATAM,Referral,SMB,5,60,18.0,1,5.0,0
U108634,2024-09-26,Free,EMEA,Organic,Mid-Market,1,0,14.0,1,3.1,0
U108635,2024-08-23,Starter,LATAM,Partner,Mid-Market,3,36,32.0,1,3.5,0
U108636,2025-04-28,Starter,NA,Organic,SMB,5,60,6.0,0,,0
U108637,2024-09-30,Starter,NA,Organic,SMB,6,72,9.0,1,3.1,0
U108638,2024-08-09,Business,EMEA,Partner,Mid-Market,32,928,16.0,2,5.0,1
U108639,2024-07-07,starter,NA,Referral,SMB,6,72,13.0,1,4.2,1
U108640,2024-01-31,Starter,EMEA,Organic,Mid-Market,4,48,10.0,0,,0
U108641,2024-01-21,Starter,EMEA,Paid,SMB,7,84,17.0,0,,0
U108642,2025-03-10,Free,APAC,Organic,SMB,1,0,3.0,1,4.3,1
U108643,2024-09-14,Free,EMEA,Partner,SMB,1,0,2.0,0,,0
U108644,2024-03-15,Starter,EMEA,Organic,SMB,7,84,11.0,2,4.1,0
U108645,2024-08-25,Enterprise,APAC,Organic,SMB,202,9898,22.0,2,4.5,0
U108646,2024-06-18,Business,NA,Paid,SMB,21,609,21.0,4,4.3,0
U108647,2024-03-19,Free,EMEA,Organic,SMB,1,0,7.0,0,,1
U108648,2024-10-30,Free,EMEA,Partner,Mid-Market,1,0,2.0,0,,1
U108649,2024-11-07,Starter,EMEA,Organic,Mid-Market,6,72,5.0,0,,0
U108650,2025-02-19,Business,LATAM,Organic,SMB,23,667,15.0,1,3.1,0
U108651,2024-06-11,Free,NA,Paid,Mid-Market,1,0,1.0,0,,0
U108652,2024-05-27,free,EMEA,Paid,Enterprise,1,0,12.0,0,,1
U108653,2024-05-14,Free,EMEA,Organic,Enterprise,1,0,5.0,1,3.4,1
U108654,2024-12-04,Starter,APAC,Organic,Enterprise,3,36,23.0,0,,0
U108655,2025-05-03,Starter,NA,Referral,SMB,5,60,5.0,0,,0
U108656,2024-01-26,Free,LATAM,Organic,SMB,1,0,19.0,0,,0
U108657,2024-10-13,Business,EMEA,Referral,SMB,20,580,7.0,2,3.7,1
U108658,2024-07-16,Business,EMEA,Organic,SMB,13,377,6.0,2,4.6,1
U108659,2025-04-19,Starter,NA,Organic,SMB,6,72,,0,,0
U108660,2025-06-04,Starter,EMEA,Partner,Mid-Market,4,48,24.0,1,4.8,0
U108661,2024-02-22,Free,NA,Organic,Mid-Market,1,0,13.0,0,,0
U108662,2024-11-26,Business,NA,Organic,SMB,25,725,20.0,0,,0
U108663,2024-01-24,Free,NA,Organic,SMB,1,0,0.0,2,4.1,0
U108664,2024-06-30,Free,EMEA,Referral,Enterprise,1,0,5.0,0,,0
U108665,2025-04-12,Starter,APAC,Partner,SMB,2,24,18.0,2,4.5,1
U108666,2024-06-26,Business,APAC,Organic,SMB,22,638,21.0,3,3.2,0
U108667,2024-08-03,Free,NA,Organic,Enterprise,1,0,6.0,0,,0
U108668,2025-03-09,Free,APAC,Referral,SMB,1,0,2.0,1,5.0,1
U108669,2024-03-30,Enterprise,NA,Referral,Enterprise,276,13524,23.0,3,3.7,0
U108670,2024-06-03,Starter,NA,Organic,Mid-Market,6,72,13.0,2,4.2,0
U108671,2025-02-16,Enterprise,LATAM,Organic,SMB,225,11025,22.0,2,3.4,1
U108672,2024-04-12,Free,NA,Paid,SMB,1,0,0.0,1,4.1,1
U108673,2024-09-05,Free,APAC,Paid,SMB,1,0,2.0,0,,0
U108674,2024-02-28,Free,EMEA,Organic,SMB,1,0,12.0,2,4.7,0
U108675,2025-02-02,Free,APAC,Referral,SMB,1,0,7.0,0,,1
U108676,2025-02-17,Free,EMEA,Organic,SMB,1,0,1.0,0,,1
U108677,2024-12-14,Free,EMEA,Partner,Mid-Market,1,0,5.0,0,,0
U108678,2024-01-18,Business,LATAM,Paid,SMB,28,812,13.0,1,3.6,0
U108679,2024-07-30,Starter,EMEA,Paid,Mid-Market,6,72,7.0,1,3.2,0
U108680,2024-09-15,Business,APAC,Organic,SMB,19,551,27.0,6,2.2,1
U108681,2025-01-12,Business,EMEA,Paid,SMB,35,1015,18.0,0,,0
U108682,2024-07-01,Free,APAC,Organic,SMB,1,0,4.0,1,4.9,0
U108683,2025-01-12,free,NA,Organic,Enterprise,1,0,10.0,0,,0
U108684,2024-04-24,Free,NA,Organic,Mid-Market,1,0,4.0,0,,0
U108685,2024-06-27,Free,EMEA,Referral,SMB,1,0,3.0,2,3.8,1
U108686,2025-03-15,Business,NA,Partner,Mid-Market,20,580,24.0,2,5.0,0
U108687,2024-09-01,Starter,NA,Organic,SMB,4,48,21.0,0,,0
U108688,2024-08-14,Free,NA,Referral,SMB,1,0,2.0,0,,0
U108689,2024-01-11,Free,EMEA,Organic,SMB,1,0,23.0,0,,0
U108690,2025-03-13,Free,APAC,Paid,Mid-Market,1,0,0.0,0,,0
U108691,2025-04-21,Business,EMEA,Organic,SMB,31,899,15.0,1,3.9,0
U108692,2024-10-10,Enterprise,LATAM,Organic,Mid-Market,33,1617,19.0,1,4.8,1
U108693,2025-02-07,Free,NA,Organic,SMB,1,0,6.0,1,4.4,0
U108694,2025-04-26,Starter,APAC,Organic,SMB,2,24,24.0,1,4.0,0
U108695,2024-12-17,Business,NA,Referral,SMB,34,986,26.0,0,,0
U108696,2024-08-30,Free,EMEA,Paid,SMB,1,0,7.0,0,,0
U108697,2024-07-17,Free,LATAM,Organic,SMB,1,0,9.0,0,,0
U108698,2024-10-18,Free,NA,Organic,Mid-Market,1,0,11.0,0,,0
U108699,2024-12-28,business,APAC,Organic,Enterprise,13,377,32.0,2,1.5,0
U108700,2024-04-25,Starter,APAC,Referral,Mid-Market,3,36,12.0,3,4.1,0
U108701,2024-03-04,Starter,NA,Organic,Mid-Market,4,48,16.0,1,4.9,0
U108702,2024-06-18,Starter,NA,Paid,SMB,3,36,10.0,1,3.6,1
U108703,2024-08-01,Enterprise,NA,Referral,SMB,42,2058,42.0,2,4.2,0
U108704,2024-07-11,Starter,EMEA,Organic,SMB,2,24,17.0,1,4.0,1
U108705,2025-02-02,Starter,APAC,Referral,Enterprise,5,60,3.0,1,5.0,0
U108706,2024-11-29,Enterprise,EMEA,Organic,SMB,39,1911,30.0,1,3.1,0
U108707,2024-10-30,Free,EMEA,Organic,Mid-Market,1,0,17.0,0,,0
U108708,2024-04-01,Starter,NA,Organic,Mid-Market,3,36,8.0,1,4.6,0
U108709,2024-05-28,Starter,NA,Organic,SMB,6,72,34.0,1,4.4,0
U108710,2024-03-06,Free,APAC,Paid,SMB,1,0,11.0,0,,0
U108711,2025-01-14,Starter,EMEA,Partner,SMB,6,72,23.0,0,,0
U108712,2025-04-01,Starter,LATAM,Organic,SMB,5,60,16.0,2,3.2,0
U108713,2024-08-21,Starter,EMEA,Organic,SMB,5,60,17.0,1,4.8,0
U108714,2024-02-08,Starter,NA,Organic,Mid-Market,7,84,13.0,0,,1
U108715,2024-05-01,Starter,NA,Paid,SMB,3,36,20.0,1,4.8,1
U108716,2025-06-09,Free,LATAM,Organic,SMB,1,0,3.0,0,,0
U108717,2024-08-06,Free,NA,Referral,SMB,1,0,0.0,0,,0
U108718,2025-05-11,Business,APAC,Paid,Mid-Market,19,551,25.0,4,3.7,0
U108719,2025-05-19,Free,LATAM,Partner,Mid-Market,1,0,6.0,0,,0
U108720,2024-09-21,Starter,APAC,Organic,Mid-Market,6,72,9.0,0,,0
U108721,2024-10-29,Starter,APAC,Organic,SMB,4,48,18.0,1,3.9,0
U108722,2025-02-07,Free,EMEA,Organic,SMB,1,0,7.0,0,,0
U108723,2025-03-28,Free,APAC,Organic,SMB,1,0,8.0,0,,0
U108724,2024-01-03,Free,APAC,Referral,Mid-Market,1,0,2.0,0,,0
U108725,2025-04-18,Starter,APAC,Paid,SMB,2,24,7.0,0,,0
U108726,2025-03-05,Business,LATAM,Organic,Mid-Market,27,783,23.0,2,3.5,0
U108727,2024-08-25,Starter,LATAM,Organic,SMB,7,84,17.0,1,5.0,0
U108728,2024-12-04,Free,APAC,Referral,SMB,1,0,0.0,0,,0
U108729,2024-07-13,Starter,LATAM,Organic,SMB,6,72,7.0,1,4.9,0
U108730,2024-02-20,Free,EMEA,Organic,Enterprise,1,0,0.0,0,,0
U108731,2024-06-20,Starter,NA,Organic,SMB,2,24,22.0,2,3.2,0
U108732,2024-01-04,Starter,EMEA,Paid,Mid-Market,4,48,5.0,0,,0
U108733,2025-01-21,Starter,NA,Paid,SMB,3,36,12.0,3,4.1,0
U108734,2024-04-15,Free,EMEA,Organic,SMB,1,0,6.0,0,,0
U108735,2024-02-02,Starter,APAC,Paid,Enterprise,7,84,22.0,0,,0
U108736,2024-12-26,Free,EMEA,Organic,SMB,1,0,9.0,1,3.3,0
U108737,2025-03-11,Starter,EMEA,Paid,SMB,4,48,28.0,0,,0
U108738,2024-06-18,Free,LATAM,Paid,SMB,1,0,9.0,0,,0
U108739,2025-02-20,Free,APAC,Referral,SMB,1,0,7.0,0,,0
U108740,2024-11-06,Starter,EMEA,Paid,SMB,3,36,4.0,1,4.0,0
U108741,2024-06-15,Free,NA,Organic,SMB,1,0,10.0,0,,1
U108742,2024-08-18,Free,EMEA,Paid,SMB,1,0,8.0,0,,0
U108743,2024-02-26,Free,NA,Organic,Mid-Market,1,0,19.0,0,,0
U108744,2025-04-28,Starter,NA,Organic,SMB,7,84,8.0,1,4.5,0
U108745,2025-03-19,Business,NA,Organic,Enterprise,39,1131,24.0,1,3.3,0
U108746,2025-04-02,Free,APAC,Organic,Enterprise,1,0,6.0,0,,1
U108747,2024-05-03,Free,APAC,Paid,Enterprise,1,0,7.0,0,,0
U108748,2024-11-24,Enterprise,APAC,Paid,SMB,248,12152,22.0,2,3.4,0
U108749,2025-01-08,Business,NA,Organic,SMB,5,145,22.0,3,2.5,0
U108750,2024-08-12,Free,EMEA,Organic,SMB,1,0,19.0,0,,1
U108751,2025-06-17,Free,LATAM,Organic,Mid-Market,1,0,3.0,0,,0
U108752,2025-01-26,Free,NA,Organic,Enterprise,1,0,7.0,0,,1
U108753,2024-11-03,Starter,EMEA,Organic,SMB,7,84,15.0,0,,0
U108754,2025-03-30,Enterprise,EMEA,Organic,Mid-Market,66,3234,33.0,1,3.8,0
U108755,2025-04-02,Business,LATAM,Organic,SMB,25,725,19.0,1,3.5,0
U108756,2024-11-02,Free,EMEA,Referral,SMB,1,0,8.0,0,,0
U108757,2024-05-26,Free,EMEA,Paid,SMB,1,0,12.0,0,,0
U108758,2024-07-01,Free,,Partner,Mid-Market,1,0,6.0,0,,0
U108759,2025-02-02,Free,EMEA,Paid,SMB,1,0,0.0,1,4.0,0
U108760,2024-10-28,Enterprise,EMEA,Organic,SMB,43,2107,19.0,2,4.1,1
U108761,2024-07-01,Starter,LATAM,Organic,SMB,2,24,14.0,0,,0
U108762,2024-01-18,Free,NA,Paid,SMB,1,0,0.0,0,,0
U108763,2025-03-08,Starter,EMEA,Organic,Mid-Market,5,60,22.0,0,,0
U108764,2024-09-23,Free,,Paid,SMB,1,0,4.0,0,,0
U108765,2024-02-28,Business,LATAM,Organic,Enterprise,13,377,20.0,2,3.9,0
U108766,2024-06-28,Starter,NA,Paid,SMB,5,60,22.0,0,,0
U108767,2025-03-04,Business,APAC,Organic,SMB,16,464,14.0,2,2.5,0
U108768,2024-05-11,Starter,LATAM,Organic,SMB,5,60,15.0,2,4.9,0
U108769,2025-01-28,Enterprise,NA,Organic,SMB,239,11711,25.0,3,2.6,0
U108770,2024-11-06,Business,EMEA,Organic,SMB,34,986,17.0,1,5.0,0
U108771,2025-01-16,Free,,Paid,Mid-Market,1,0,0.0,0,,0
U108772,2024-05-29,Business,APAC,Organic,SMB,11,319,29.0,1,3.5,0
U108773,2024-11-09,Free,APAC,Partner,Mid-Market,1,0,0.0,1,4.5,0
U108774,2025-04-03,Starter,NA,Organic,SMB,7,84,22.0,1,4.1,0
U108775,2024-03-05,Business,NA,Partner,SMB,31,899,23.0,0,,1
U108776,2024-06-23,Free,APAC,Organic,Mid-Market,1,0,3.0,0,,1
U108777,2024-10-18,Business,APAC,Paid,Enterprise,19,551,27.0,1,2.7,0
U108778,2025-03-02,Free,APAC,Organic,Mid-Market,1,0,9.0,1,4.3,0
U108779,2024-02-03,Starter,EMEA,Organic,Mid-Market,2,24,10.0,3,4.5,0
U108780,2025-01-13,Business,NA,Partner,Mid-Market,22,638,19.0,1,3.9,0
U108781,2024-11-06,Free,EMEA,Partner,SMB,1,0,8.0,1,3.3,0
U108782,2025-03-22,Starter,LATAM,Paid,SMB,4,48,10.0,1,4.5,0
U108783,2024-02-09,Free,NA,Referral,SMB,1,0,3.0,1,3.9,0
U108784,2024-01-23,Enterprise,APAC,Organic,SMB,219,10731,34.0,0,,0
U108785,2025-02-23,Starter,NA,Organic,SMB,7,84,0.0,2,3.8,1
U108786,2025-05-02,Free,NA,Referral,Mid-Market,1,0,0.0,0,,0
U108787,2024-02-16,Free,APAC,Organic,Mid-Market,1,0,0.0,0,,0
U108788,2025-03-16,Free,,Organic,Mid-Market,1,0,13.0,0,,0
U108789,2025-03-23,Free,,Organic,Mid-Market,1,0,6.0,0,,1
U108790,2024-09-14,Free,NA,Referral,SMB,1,0,0.0,0,,0
U108791,2024-06-14,Starter,NA,Organic,SMB,4,48,16.0,1,3.9,0
U108792,2025-01-03,Free,NA,Organic,SMB,1,0,,0,,0
U108793,2024-07-17,Free,LATAM,Paid,SMB,1,0,9.0,1,5.0,1
U108794,2024-09-04,Starter,EMEA,Partner,Mid-Market,3,36,10.0,0,,0
U108795,2024-11-23,Starter,APAC,Organic,Enterprise,3,36,23.0,0,,0
U108796,2024-06-30,Free,NA,Referral,SMB,1,0,10.0,1,3.8,0
U108797,2025-03-12,Business,APAC,Referral,SMB,16,464,16.0,3,1.3,0
U108798,2025-05-21,Free,NA,Paid,SMB,1,0,14.0,0,,0
U108799,2024-09-19,Free,EMEA,Organic,SMB,1,0,4.0,0,,1
U108800,2025-04-02,Business,EMEA,Organic,Enterprise,35,1015,20.0,2,3.7,0
U108801,2025-02-07,Business,EMEA,Organic,SMB,24,696,23.0,3,5.0,1
U108802,2025-06-15,Starter,LATAM,Referral,Enterprise,7,84,12.0,1,4.1,0
U108803,2024-01-14,free,NA,Paid,Mid-Market,1,0,0.0,0,,0
U108804,2024-12-11,Free,APAC,Paid,Enterprise,1,0,17.0,0,,0
U108805,2024-12-03,Business,NA,Referral,Mid-Market,35,1015,24.0,1,4.2,0
U108806,2024-07-27,Starter,APAC,Paid,Enterprise,5,60,13.0,0,,0
U108807,2024-09-08,Free,NA,Organic,Mid-Market,1,0,0.0,1,4.4,0
U108808,2025-03-05,Free,EMEA,Paid,Mid-Market,1,0,0.0,0,,0
U108809,2024-11-10,Starter,NA,Paid,SMB,6,72,11.0,1,3.4,0
U108810,2024-12-27,Free,NA,Paid,SMB,1,0,4.0,0,,0
U108811,2025-03-31,Enterprise,NA,Paid,SMB,158,7742,34.0,3,5.0,0
U108812,2024-01-18,Business,NA,Organic,Mid-Market,10,290,7.0,1,3.3,0
U108813,2024-02-12,Starter,NA,Referral,SMB,7,84,13.0,0,,0
U108814,2024-08-21,Starter,EMEA,Organic,SMB,2,24,18.0,1,5.0,0
U108815,2025-06-01,Business,NA,Referral,SMB,12,348,12.0,0,,0
U108816,2025-05-25,Business,EMEA,Organic,SMB,30,870,28.0,2,4.0,0
U108817,2025-02-07,Free,EMEA,Organic,SMB,1,0,9.0,0,,0
U108818,2025-05-02,Starter,LATAM,Paid,SMB,3,36,9.0,2,4.5,0
U108819,2024-03-22,Enterprise,NA,Paid,SMB,211,10339,20.0,2,3.6,1
U108820,2024-02-28,Starter,NA,Organic,SMB,5,60,9.0,1,4.8,1
U108821,2024-03-23,Business,EMEA,Referral,Mid-Market,7,203,23.0,1,5.0,0
U108822,2024-06-17,Free,APAC,Organic,Mid-Market,1,0,6.0,0,,0
U108823,2024-03-20,Starter,APAC,Paid,SMB,6,72,10.0,0,,0
U108824,2025-04-27,Free,NA,Organic,Mid-Market,1,0,4.0,2,3.4,1
U108825,2025-04-20,Starter,EMEA,Organic,SMB,2,24,18.0,0,,0
U108826,2024-03-20,Free,EMEA,Paid,SMB,1,0,7.0,1,4.4,0
U108827,2024-09-01,Free,APAC,Paid,Enterprise,1,0,7.0,2,4.1,1
U108828,2025-06-17,Business,NA,Paid,SMB,24,696,21.0,1,3.7,0
U108829,2025-01-12,Free,NA,Partner,SMB,1,0,10.0,0,,0
U108830,2025-02-04,Starter,APAC,Partner,SMB,4,48,4.0,0,,0
U108831,2024-07-24,Free,NA,Paid,Enterprise,1,0,12.0,0,,0
U108832,2024-04-13,Free,EMEA,Organic,SMB,1,0,0.0,0,,1
U108833,2024-07-15,Starter,EMEA,Paid,SMB,4,48,22.0,0,,0
U108834,2025-05-21,Business,NA,Paid,Mid-Market,7,203,4.0,3,3.9,0
U108835,2024-01-31,Starter,EMEA,Organic,SMB,6,72,19.0,0,,0
U108836,2024-07-29,Business,NA,Organic,SMB,31,899,21.0,2,3.2,0
U108837,2025-02-24,Enterprise,LATAM,Organic,SMB,61,2989,35.0,4,3.1,0
U108838,2025-01-14,Business,LATAM,Organic,SMB,13,377,15.0,0,,0
U108839,2025-03-17,Business,EMEA,Organic,SMB,39,1131,17.0,1,4.5,0
U108840,2024-02-10,Enterprise,EMEA,Partner,Mid-Market,170,8330,27.0,4,3.9,0
U108841,2024-09-15,Free,EMEA,Organic,SMB,1,0,14.0,0,,0
U108842,2024-08-28,Free,NA,Organic,Mid-Market,1,0,4.0,1,3.7,1
U108843,2024-11-13,Starter,NA,Organic,SMB,4,48,8.0,0,,0
U108844,2025-04-10,Starter,NA,Organic,SMB,5,60,5.0,0,,0
U108845,2024-07-13,Starter,NA,Paid,Mid-Market,2,24,20.0,2,4.1,0
U108846,2024-05-28,Starter,EMEA,Organic,SMB,5,60,19.0,1,4.4,0
U108847,2024-11-22,Starter,LATAM,Organic,Mid-Market,5,60,,1,4.1,0
U108848,2025-04-29,Starter,APAC,Organic,Enterprise,7,84,7.0,1,5.0,1
U108849,2025-03-17,Free,LATAM,Paid,SMB,1,0,9.0,2,3.7,0
U108850,2025-06-13,Free,APAC,Partner,SMB,1,0,6.0,0,,0
U108851,2025-03-03,Free,NA,Partner,SMB,1,0,7.0,0,,0
U108852,2024-04-28,Free,EMEA,Partner,Enterprise,1,0,0.0,1,3.7,1
U108853,2025-05-20,Enterprise,EMEA,Organic,SMB,244,11956,13.0,7,3.3,0
U108854,2025-04-03,Business,EMEA,Organic,SMB,35,1015,12.0,1,2.4,0
U108855,2025-01-04,Free,EMEA,Organic,SMB,1,0,2.0,0,,0
U108856,2024-01-21,Free,EMEA,Paid,Mid-Market,1,0,0.0,1,3.5,0
U108857,2024-02-13,Free,APAC,Referral,SMB,1,0,2.0,0,,0
U108858,2024-04-12,Free,NA,Organic,SMB,1,0,4.0,1,4.7,1
U108859,2024-06-27,Free,APAC,Paid,Enterprise,1,0,8.0,0,,0
U108860,2024-12-15,Free,NA,Organic,Enterprise,1,0,3.0,0,,1
U108861,2024-07-03,Free,,Referral,Mid-Market,1,0,4.0,0,,0
U108862,2024-06-04,Free,EMEA,Organic,SMB,1,0,13.0,0,,0
U108863,2024-06-04,Business,APAC,Organic,Mid-Market,39,1131,31.0,4,3.0,0
U108864,2025-05-01,Starter,NA,Paid,SMB,2,24,18.0,0,,0
U108865,2024-06-30,Starter,NA,Organic,Enterprise,6,72,25.0,1,3.9,0
U108866,2025-04-25,Starter,,Paid,Enterprise,3,36,28.0,0,,0
U108867,2025-06-03,Business,NA,Referral,SMB,10,290,23.0,1,2.9,0
U108868,2024-07-08,Free,EMEA,Paid,SMB,1,0,13.0,0,,0
U108869,2025-01-22,Starter,NA,Partner,SMB,7,84,7.0,1,4.1,0
U108870,2024-11-30,Starter,EMEA,Organic,SMB,2,24,19.0,0,,0
U108871,2024-08-16,Free,APAC,Partner,SMB,1,0,9.0,2,4.4,0
U108872,2024-01-30,Free,NA,Referral,SMB,1,0,6.0,0,,1
U108873,2025-05-26,Free,NA,Referral,SMB,1,0,2.0,0,,0
U108874,2025-01-25,Starter,NA,Partner,SMB,6,72,33.0,1,3.5,1
U108875,2024-12-25,Starter,APAC,Organic,SMB,5,60,17.0,5,3.0,1
U108876,2025-01-23,Free,NA,Organic,Mid-Market,1,0,5.0,0,,0
U108877,2024-08-01,Starter,EMEA,Organic,SMB,2,24,10.0,0,,0
U108878,2024-12-21,Free,NA,Organic,SMB,1,0,0.0,0,,1
U108879,2024-07-23,Enterprise,APAC,Partner,SMB,250,12250,24.0,3,4.6,0
U108880,2024-03-03,Enterprise,LATAM,Paid,SMB,280,13720,27.0,1,3.7,0
U108881,2025-01-11,Business,NA,Referral,Mid-Market,14,406,9.0,4,3.7,0
U108882,2025-01-31,Starter,,Referral,Mid-Market,7,84,0.0,0,,0
U108883,2024-03-18,Starter,EMEA,Organic,SMB,2,24,15.0,1,3.5,0
U108884,2025-01-18,Enterprise,EMEA,Organic,Mid-Market,87,4263,25.0,2,3.0,0
U108885,2024-03-14,Free,NA,Paid,Mid-Market,1,0,3.0,1,4.1,1
U108886,2024-06-11,Business,EMEA,Paid,Mid-Market,38,1102,18.0,1,5.0,0
U108887,2024-04-09,business,NA,Organic,SMB,25,725,23.0,2,3.4,0
U108888,2024-08-27,Free,EMEA,Organic,Mid-Market,1,0,10.0,0,,1
U108889,2024-04-16,Enterprise,NA,Paid,SMB,289,14161,25.0,2,4.6,0
U108890,2025-04-08,Starter,NA,Organic,SMB,6,72,19.0,1,4.8,0
U108891,2024-03-01,Free,LATAM,Organic,Mid-Market,1,0,1.0,0,,0
U108892,2024-04-12,Free,EMEA,Paid,Mid-Market,1,0,7.0,0,,1
U108893,2024-01-28,Free,LATAM,Organic,SMB,1,0,0.0,1,3.5,0
U108894,2025-06-13,Business,NA,Organic,SMB,25,725,27.0,0,,0
U108895,2024-11-23,Enterprise,EMEA,Organic,SMB,159,7791,28.0,4,3.8,0
U108896,2024-09-26,Free,NA,Partner,Enterprise,1,0,10.0,0,,1
U108897,2024-11-10,Free,APAC,Paid,Mid-Market,1,0,9.0,1,4.1,0
U108898,2025-04-27,Free,NA,Paid,Enterprise,1,0,11.0,0,,0
U108899,2024-12-03,Starter,NA,Referral,Enterprise,3,36,2.0,3,4.0,0
U108900,2024-06-12,Starter,EMEA,Organic,SMB,6,72,17.0,2,3.8,0
U108901,2024-03-18,Business,NA,Partner,SMB,39,1131,27.0,3,4.7,0
U108902,2024-03-27,Free,APAC,Organic,SMB,1,0,3.0,1,4.1,0
U108903,2025-05-02,Starter,APAC,Organic,SMB,4,48,20.0,1,3.1,0
U108904,2024-04-18,Free,NA,Referral,Enterprise,1,0,0.0,0,,0
U108905,2024-09-02,Starter,EMEA,Paid,SMB,4,48,12.0,0,,0
U108906,2024-06-02,Starter,APAC,Referral,Mid-Market,6,72,14.0,0,,0
U108907,2024-01-26,starter,NA,Organic,Mid-Market,3,36,9.0,2,3.9,0
U108908,2025-01-12,Business,NA,Paid,Mid-Market,28,812,23.0,1,5.0,0
U108909,2024-03-17,Starter,NA,Referral,Mid-Market,4,48,0.0,0,,0
U108910,2024-08-29,Starter,NA,Organic,SMB,4,48,8.0,0,,1
U108911,2025-05-20,Free,APAC,Referral,Mid-Market,1,0,7.0,0,,0
U108912,2024-11-24,Free,NA,Partner,Mid-Market,1,0,11.0,0,,0
U108913,2025-02-01,Starter,LATAM,Paid,SMB,5,60,0.0,0,,1
U108914,2024-03-09,Business,LATAM,Organic,Mid-Market,26,754,19.0,3,4.2,0
U108915,2024-09-26,Business,NA,Referral,Mid-Market,35,1015,22.0,3,4.2,0
U108916,2024-09-06,Starter,NA,Organic,SMB,2,24,13.0,1,4.9,0
U108917,2025-04-07,Starter,LATAM,Organic,SMB,4,48,16.0,0,,0
U108918,2025-01-25,Business,EMEA,Referral,Mid-Market,16,464,26.0,0,,0
U108919,2025-04-07,Starter,APAC,Paid,SMB,6,72,11.0,0,,0
U108920,2024-01-18,Free,NA,Organic,Enterprise,1,0,6.0,0,,0
U108921,2024-06-11,Free,NA,Organic,SMB,1,0,7.0,0,,1
U108922,2024-08-20,Free,LATAM,Paid,Mid-Market,1,0,2.0,1,4.2,0
U108923,2024-07-26,Starter,NA,Organic,SMB,3,36,12.0,1,4.7,0
U108924,2025-02-25,Starter,NA,Referral,SMB,3,36,19.0,0,,0
U108925,2024-10-17,Free,EMEA,Partner,SMB,1,0,5.0,1,3.6,0
U108926,2024-11-05,Free,EMEA,Paid,SMB,1,0,12.0,0,,0
U108927,2024-01-15,Business,EMEA,Paid,Enterprise,33,957,12.0,0,,0
U108928,2024-07-12,Free,,Organic,SMB,1,0,2.0,0,,0
U108929,2024-03-27,Free,,Organic,Mid-Market,1,0,,1,4.6,0
U108930,2025-03-26,Starter,NA,Organic,Mid-Market,2,24,10.0,2,4.4,0
U108931,2025-01-14,Free,EMEA,Referral,SMB,1,0,1.0,0,,0
U108932,2024-04-10,Enterprise,APAC,Organic,Enterprise,151,7399,46.0,1,3.4,0
U108933,2024-11-07,Business,EMEA,Paid,SMB,37,1073,13.0,1,4.7,0
U108934,2025-01-24,Enterprise,APAC,Organic,SMB,178,8722,38.0,5,3.4,1
U108935,2024-11-04,Free,NA,Paid,SMB,1,0,2.0,0,,1
U108936,2025-01-22,Business,NA,Organic,Enterprise,10,290,19.0,0,,0
U108937,2025-05-18,Free,NA,Organic,SMB,1,0,7.0,0,,0
U108938,2025-06-11,Free,NA,Paid,SMB,1,0,1.0,0,,0
U108939,2024-07-13,Free,EMEA,Organic,Mid-Market,1,0,3.0,0,,1
U108940,2024-09-10,Free,NA,Organic,SMB,1,0,7.0,0,,0
U108941,2024-06-08,Free,EMEA,Paid,Enterprise,1,0,3.0,1,5.0,0
U108942,2024-05-03,Starter,NA,Organic,Mid-Market,3,36,17.0,0,,0
U108943,2025-06-16,Starter,NA,Referral,SMB,5,60,15.0,1,4.5,0
U108944,2025-05-10,Free,EMEA,Organic,SMB,1,0,14.0,0,,0
U108945,2024-06-30,Free,NA,Paid,SMB,1,0,2.0,0,,0
U108946,2024-11-16,Free,EMEA,Organic,SMB,1,0,14.0,0,,0
U108947,2024-04-01,Starter,LATAM,Referral,SMB,4,48,6.0,0,,0
U108948,2024-05-03,Free,APAC,Referral,Mid-Market,1,0,,0,,0
U108949,2025-01-16,Free,NA,Organic,Mid-Market,1,0,11.0,0,,0
U108950,2024-05-18,Starter,NA,Organic,SMB,2,24,22.0,2,3.3,0
U108951,2025-03-09,Free,EMEA,Paid,Mid-Market,1,0,0.0,1,5.0,0
U108952,2024-06-05,Free,NA,Partner,Enterprise,1,0,2.0,0,,0
U108953,2024-03-04,Free,NA,Referral,SMB,1,0,5.0,0,,0
U108954,2025-03-11,Enterprise,APAC,Paid,SMB,211,10339,15.0,7,3.0,0
U108955,2024-08-31,Free,APAC,Organic,Enterprise,1,0,0.0,1,3.7,1
U108956,2025-01-29,Free,APAC,Organic,Mid-Market,1,0,3.0,0,,0
U108957,2024-06-11,Free,APAC,Paid,SMB,1,0,5.0,0,,0
U108958,2024-05-25,Starter,NA,Partner,Mid-Market,2,24,11.0,1,4.0,0
U108959,2025-01-15,Business,APAC,Partner,Mid-Market,33,957,27.0,3,4.3,0
U108960,2024-05-29,Free,NA,Paid,Enterprise,1,0,1.0,2,2.9,0
U108961,2025-01-03,Free,APAC,Organic,Enterprise,1,0,0.0,0,,0
U108962,2024-04-03,Starter,EMEA,Organic,Mid-Market,7,84,9.0,0,,0
U108963,2024-04-13,Free,EMEA,Paid,SMB,1,0,6.0,0,,0
U108964,2025-06-02,business,APAC,Organic,SMB,21,609,16.0,6,2.7,1
U108965,2024-04-12,Free,NA,Paid,SMB,1,0,0.0,0,,0
U108966,2024-10-08,Business,APAC,Organic,SMB,19,551,11.0,2,3.3,1
U108967,2024-04-11,Free,EMEA,Paid,Mid-Market,1,0,5.0,0,,0
U108968,2025-06-13,Enterprise,NA,Paid,Mid-Market,225,11025,44.0,4,3.8,0
U108969,2024-10-31,Starter,LATAM,Organic,Mid-Market,2,24,20.0,1,4.0,0
U108970,2025-06-16,Enterprise,,Paid,SMB,174,8526,19.0,3,4.0,0
U108971,2025-04-11,Starter,APAC,Organic,SMB,4,48,15.0,0,,0
U108972,2025-03-15,Free,EMEA,Organic,Enterprise,1,0,4.0,1,4.3,0
U108973,2025-06-07,Free,LATAM,Referral,Mid-Market,1,0,0.0,2,4.0,1
U108974,2025-01-06,Starter,EMEA,Partner,SMB,5,60,8.0,0,,0
U108975,2024-06-18,Free,LATAM,Organic,SMB,1,0,8.0,0,,0
U108976,2024-07-21,Starter,NA,Organic,Enterprise,7,84,5.0,1,4.3,0
U108977,2024-11-28,Free,,Paid,Mid-Market,1,0,10.0,0,,0
U108978,2024-03-19,Free,APAC,Partner,SMB,1,0,19.0,0,,1
U108979,2024-02-14,Business,NA,Referral,Mid-Market,33,957,20.0,0,,0
U108980,2025-04-16,Free,NA,Organic,Mid-Market,1,0,8.0,1,4.4,0
U108981,2024-01-01,Free,EMEA,Organic,SMB,1,0,6.0,0,,0
U108982,2024-07-09,Business,NA,Organic,Enterprise,21,609,14.0,0,,0
U108983,2025-01-27,Free,APAC,Referral,SMB,1,0,13.0,1,3.9,0
U108984,2025-05-02,Free,NA,Paid,SMB,1,0,12.0,0,,0
U108985,2025-01-08,Free,APAC,Referral,Mid-Market,1,0,6.0,0,,0
U108986,2024-09-17,Free,NA,Organic,Enterprise,1,0,12.0,0,,0
U108987,2024-04-19,Starter,LATAM,Organic,SMB,5,60,10.0,1,3.9,0
U108988,2025-03-02,Free,NA,Referral,Mid-Market,1,0,1.0,0,,0
U108989,2025-04-12,Free,,Paid,Mid-Market,1,0,1.0,0,,0
U108990,2024-09-21,Starter,NA,Partner,SMB,5,60,11.0,1,5.0,0
U108991,2024-02-01,Starter,APAC,Organic,SMB,5,60,3.0,2,4.8,0
U108992,2024-10-16,Free,EMEA,Paid,SMB,1,0,0.0,0,,1
U108993,2025-03-29,Free,NA,Partner,SMB,1,0,4.0,0,,0
U108994,2025-06-23,Starter,EMEA,Organic,SMB,2,24,17.0,1,4.3,0
U108995,2024-01-14,Starter,NA,Paid,SMB,6,72,15.0,4,2.5,0
U108996,2025-04-12,Business,,Paid,Mid-Market,39,1131,23.0,2,5.0,0
U108997,2024-11-06,Free,NA,Organic,SMB,1,0,0.0,0,,0
U108998,2024-12-19,Business,NA,Organic,SMB,18,522,28.0,2,4.9,0
U108999,2024-06-18,Enterprise,EMEA,Organic,Mid-Market,119,5831,39.0,5,3.4,0
U109000,2024-01-24,Free,NA,Organic,SMB,1,0,0.0,0,,1
U109001,2025-04-13,Starter,EMEA,Organic,SMB,6,72,16.0,0,,0
U109002,2025-04-07,free,APAC,Organic,Enterprise,1,0,5.0,0,,0
U109003,2024-03-28,Business,NA,Referral,SMB,11,319,19.0,0,,0
U109004,2024-10-14,Free,EMEA,Organic,Mid-Market,1,0,0.0,0,,1
U109005,2024-12-25,Free,LATAM,Referral,SMB,1,0,8.0,0,,0
U109006,2024-07-15,Free,EMEA,Referral,SMB,1,0,1.0,1,3.9,0
U109007,2024-07-31,Free,EMEA,Organic,SMB,1,0,0.0,0,,0
U109008,2024-10-24,Free,APAC,Paid,SMB,1,0,0.0,0,,0
U109009,2024-06-12,Free,NA,Paid,SMB,1,0,7.0,1,2.8,1
U109010,2025-03-31,Starter,EMEA,Organic,Mid-Market,4,48,8.0,2,4.3,0
U109011,2024-08-03,Starter,NA,Referral,SMB,6,72,,0,,0
U109012,2024-02-16,Free,EMEA,Partner,SMB,1,0,8.0,0,,1
U109013,2025-04-19,Free,APAC,Paid,Mid-Market,1,0,12.0,0,,1
U109014,2025-02-27,Free,NA,Organic,Mid-Market,1,0,4.0,0,,0
U109015,2024-04-18,Free,LATAM,Partner,Mid-Market,1,0,3.0,0,,1
U109016,2024-05-09,Free,EMEA,Organic,SMB,1,0,0.0,0,,0
U109017,2024-11-05,Free,EMEA,Organic,Mid-Market,1,0,12.0,0,,0
U109018,2025-03-25,Free,NA,Partner,Mid-Market,1,0,10.0,0,,0
U109019,2025-05-07,Starter,LATAM,Organic,Mid-Market,3,36,19.0,0,,0
U109020,2024-03-22,Free,EMEA,Organic,SMB,1,0,2.0,1,3.9,1
U109021,2024-12-29,Starter,NA,Organic,SMB,6,72,16.0,1,3.1,0
U109022,2024-01-28,Business,NA,Referral,SMB,17,493,22.0,1,5.0,0
U109023,2024-10-25,Free,NA,Organic,SMB,1,0,1.0,0,,0
U109024,2024-07-09,Starter,NA,Partner,Mid-Market,3,36,13.0,0,,0
U109025,2024-09-25,Free,APAC,Organic,SMB,1,0,12.0,0,,0
U109026,2025-06-20,Business,NA,Organic,SMB,17,493,16.0,2,3.1,0
U109027,2024-01-23,Enterprise,NA,Referral,Enterprise,209,10241,27.0,2,4.9,0
U109028,2025-06-06,Free,APAC,Organic,Mid-Market,1,0,0.0,0,,0
U109029,2024-04-04,Free,APAC,Organic,Mid-Market,1,0,6.0,0,,0
U109030,2024-12-08,Enterprise,APAC,Referral,Mid-Market,206,10094,18.0,1,3.6,0
U109031,2024-06-03,Free,NA,Paid,SMB,1,0,6.0,1,2.9,0
U109032,2024-12-24,Starter,,Organic,SMB,7,84,5.0,0,,0
U109033,2024-11-20,Starter,APAC,Organic,Enterprise,5,60,14.0,0,,0
U109034,2024-10-25,Starter,NA,Paid,SMB,3,36,15.0,0,,0
U109035,2024-09-02,Business,NA,Referral,SMB,38,1102,7.0,3,4.1,1
U109036,2024-03-31,Business,NA,Partner,SMB,31,899,7.0,2,3.8,0
U109037,2025-02-24,Free,APAC,Organic,SMB,1,0,10.0,0,,1
U109038,2024-01-19,Free,EMEA,Paid,SMB,1,0,11.0,0,,0
U109039,2024-07-11,Free,APAC,Paid,SMB,1,0,8.0,0,,0
U109040,2024-10-27,Enterprise,NA,Organic,SMB,140,6860,15.0,3,3.6,1
U109041,2024-10-29,Free,EMEA,Partner,SMB,1,0,4.0,0,,0
U109042,2025-05-23,Starter,LATAM,Referral,SMB,7,84,24.0,1,3.6,0
U109043,2025-04-25,Business,EMEA,Organic,SMB,5,145,23.0,3,3.5,0
U109044,2024-03-22,Free,NA,Organic,Mid-Market,1,0,9.0,0,,0
U109045,2024-01-19,Starter,NA,Referral,Mid-Market,7,84,,0,,0
U109046,2024-12-11,Free,LATAM,Organic,Mid-Market,1,0,6.0,1,3.8,0
U109047,2024-07-14,Free,EMEA,Organic,SMB,1,0,11.0,0,,0
U109048,2025-06-03,Starter,EMEA,Partner,Mid-Market,4,48,12.0,0,,0
U109049,2024-09-05,Starter,NA,Organic,Enterprise,2,24,8.0,0,,1
U109050,2024-06-04,Free,NA,Paid,Mid-Market,1,0,8.0,0,,0
U109051,2024-07-22,Starter,EMEA,Organic,SMB,2,24,7.0,1,4.9,0
U109052,2025-05-17,Business,LATAM,Organic,SMB,33,957,21.0,1,4.7,0
U109053,2024-04-10,Starter,NA,Organic,Mid-Market,5,60,22.0,0,,0
U109054,2025-03-28,Free,APAC,Paid,Mid-Market,1,0,0.0,1,5.0,0
U109055,2024-03-27,Free,APAC,Referral,SMB,1,0,8.0,0,,0
U109056,2024-11-19,Free,EMEA,Partner,Mid-Market,1,0,1.0,1,4.9,0
U109057,2024-03-11,Free,NA,Organic,SMB,1,0,5.0,0,,0
U109058,2025-05-15,Free,NA,Organic,SMB,1,0,7.0,0,,0
U109059,2024-03-04,Starter,NA,Partner,Mid-Market,2,24,21.0,0,,0
U109060,2024-09-29,Enterprise,NA,Referral,SMB,162,7938,40.0,3,3.7,0
U109061,2025-04-27,Free,NA,Organic,Mid-Market,1,0,3.0,0,,0
U109062,2025-05-17,Enterprise,LATAM,Paid,SMB,136,6664,36.0,0,,0
U109063,2025-04-08,Free,LATAM,Organic,Mid-Market,1,0,14.0,0,,1
U109064,2024-04-24,Enterprise,EMEA,Referral,Mid-Market,161,7889,28.0,2,3.9,0
U109065,2024-10-16,Free,EMEA,Paid,Mid-Market,1,0,0.0,0,,0
U109066,2025-05-04,Starter,NA,Organic,SMB,6,72,30.0,1,5.0,0
U109067,2024-04-15,Free,NA,Organic,SMB,1,0,5.0,1,4.4,0
U109068,2025-01-12,Free,EMEA,Organic,SMB,1,0,1.0,1,4.4,0
U109069,2024-03-11,Starter,EMEA,Paid,Enterprise,2,24,21.0,2,3.8,0
U109070,2025-03-03,Starter,APAC,Paid,Mid-Market,4,48,9.0,0,,0
U109071,2024-11-15,Starter,NA,Organic,SMB,2,24,16.0,0,,0
U109072,2024-12-04,Business,EMEA,Partner,Mid-Market,9,261,30.0,3,5.0,0
U109073,2025-03-07,Business,LATAM,Organic,SMB,28,812,30.0,3,3.7,0
U109074,2025-01-18,Free,APAC,Organic,Mid-Market,1,0,0.0,2,4.3,1
U109075,2024-10-16,Enterprise,APAC,Partner,Mid-Market,267,13083,18.0,2,5.0,0
U109076,2025-02-15,Free,LATAM,Organic,Mid-Market,1,0,8.0,0,,0
U109077,2024-05-06,Starter,NA,Organic,SMB,6,72,19.0,1,4.7,0
U109078,2024-03-01,Enterprise,NA,Organic,SMB,231,11319,23.0,3,4.0,0
U109079,2025-03-15,Free,NA,Paid,Mid-Market,1,0,14.0,1,5.0,0
U109080,2024-04-16,Free,EMEA,Organic,SMB,1,0,6.0,1,4.7,1
U109081,2024-09-14,Free,EMEA,Paid,Enterprise,1,0,,1,5.0,0
U109082,2024-02-24,Free,NA,Paid,SMB,1,0,9.0,0,,0
U109083,2025-06-07,Starter,NA,Organic,Enterprise,6,72,6.0,1,4.9,0
U109084,2025-06-03,Starter,EMEA,Organic,SMB,2,24,19.0,1,4.2,0
U109085,2024-09-14,Free,NA,Paid,SMB,1,0,7.0,0,,0
U109086,2024-03-07,Free,EMEA,Paid,SMB,1,0,20.0,0,,0
U109087,2024-06-27,Free,EMEA,Organic,Mid-Market,1,0,0.0,0,,0
U109088,2024-05-04,Starter,APAC,Partner,SMB,5,60,15.0,1,3.2,0
U109089,2025-02-22,Enterprise,EMEA,Organic,SMB,269,13181,16.0,1,4.6,0
U109090,2024-08-02,Starter,EMEA,Paid,SMB,6,72,18.0,0,,0
U109091,2024-06-10,Starter,NA,Organic,SMB,7,84,22.0,0,,0
U109092,2024-10-23,Business,NA,Paid,SMB,18,522,8.0,1,4.0,0
U109093,2024-10-01,Starter,NA,Organic,Mid-Market,4,48,11.0,0,,1
U109094,2024-06-01,Free,APAC,Organic,SMB,1,0,16.0,0,,0
U109095,2024-11-10,Free,NA,Paid,SMB,1,0,13.0,1,2.4,0
U109096,2024-12-18,Free,NA,Paid,Mid-Market,1,0,4.0,1,4.6,0
U109097,2025-05-29,Starter,APAC,Organic,SMB,7,84,13.0,0,,0
U109098,2024-07-20,Free,,Partner,SMB,1,0,17.0,0,,0
U109099,2024-05-12,Business,LATAM,Organic,Enterprise,29,841,11.0,1,4.1,0
U109100,2024-04-02,Free,EMEA,Organic,Mid-Market,1,0,14.0,0,,0
U109101,2025-06-06,Starter,NA,Organic,Mid-Market,7,84,17.0,1,3.3,0
U109102,2024-05-02,Starter,APAC,Organic,SMB,6,72,14.0,0,,0
U109103,2024-09-24,Free,NA,Paid,Mid-Market,1,0,16.0,0,,0
U109104,2025-03-12,Business,NA,Referral,Mid-Market,33,957,23.0,1,3.6,0
U109105,2024-07-18,Starter,APAC,Organic,SMB,2,24,8.0,1,5.0,1
U109106,2024-08-25,Starter,EMEA,Organic,Enterprise,7,84,25.0,0,,0
U109107,2024-03-24,Enterprise,EMEA,Partner,SMB,58,2842,14.0,5,4.0,0
U109108,2025-04-15,Business,NA,Paid,Mid-Market,5,145,27.0,1,3.9,0
U109109,2025-05-01,Starter,EMEA,Organic,SMB,2,24,8.0,0,,0
U109110,2024-08-22,Free,EMEA,Referral,Mid-Market,1,0,9.0,2,4.5,0
U109111,2025-03-13,Free,EMEA,Organic,SMB,1,0,0.0,0,,0
U109112,2024-02-15,Free,APAC,Organic,Enterprise,1,0,15.0,0,,0
U109113,2025-01-07,Free,LATAM,Organic,SMB,1,0,7.0,1,3.0,0
U109114,2024-04-17,Business,APAC,Partner,Mid-Market,7,203,12.0,2,3.4,0
U109115,2025-04-08,Free,NA,Organic,Mid-Market,1,0,15.0,0,,1
U109116,2024-11-20,Free,NA,Organic,SMB,1,0,3.0,1,5.0,0
U109117,2024-11-30,Free,NA,Organic,SMB,1,0,0.0,0,,1
U109118,2025-05-18,Business,NA,Organic,Mid-Market,19,551,14.0,2,4.7,1
U109119,2024-06-27,Business,EMEA,Paid,SMB,32,928,8.0,0,,0
U109120,2024-08-13,Business,NA,Paid,SMB,19,551,21.0,0,,0
U109121,2024-02-03,Business,EMEA,Organic,SMB,35,1015,14.0,0,,1
U109122,2024-10-16,Starter,LATAM,Paid,SMB,6,72,17.0,0,,0
U109123,2024-02-14,Business,LATAM,Organic,SMB,23,667,11.0,0,,0
U109124,2025-02-14,Starter,APAC,Organic,Mid-Market,7,84,10.0,1,3.2,0
U109125,2024-03-22,Starter,NA,Organic,Mid-Market,6,72,20.0,1,4.8,0
U109126,2024-04-16,Free,EMEA,Paid,SMB,1,0,0.0,2,5.0,1
U109127,2024-02-21,Business,EMEA,Paid,SMB,15,435,22.0,1,3.6,0
U109128,2024-04-15,Free,EMEA,Organic,SMB,1,0,11.0,1,5.0,0
U109129,2024-01-08,Free,APAC,Paid,Enterprise,1,0,5.0,0,,0
U109130,2025-06-13,Business,NA,Organic,Mid-Market,18,522,12.0,3,3.0,0
U109131,2025-03-25,Starter,APAC,Organic,Enterprise,5,60,11.0,0,,0
U109132,2024-12-30,Starter,EMEA,Referral,Mid-Market,7,84,14.0,0,,1
U109133,2025-05-17,Free,,Organic,SMB,1,0,16.0,2,4.2,0
U109134,2024-04-09,Business,NA,Organic,SMB,8,232,24.0,2,4.3,0
U109135,2024-01-06,Free,NA,Organic,SMB,1,0,10.0,0,,0
U109136,2024-02-04,Business,APAC,Organic,SMB,9,261,12.0,3,4.6,0
U109137,2024-05-23,Business,NA,Organic,SMB,31,899,12.0,1,5.0,0
U109138,2024-08-14,Starter,APAC,Organic,Enterprise,7,84,22.0,3,3.8,0
U109139,2025-04-28,Free,APAC,Paid,SMB,1,0,0.0,0,,1
U109140,2025-02-23,Free,LATAM,Organic,SMB,1,0,1.0,0,,1
U109141,2024-11-25,Enterprise,EMEA,Paid,SMB,51,2499,22.0,5,4.5,0
U109142,2024-11-28,Starter,EMEA,Organic,SMB,5,60,15.0,1,2.4,0
U109143,2024-06-18,Free,NA,Referral,SMB,1,0,12.0,1,3.9,0
U109144,2024-12-12,Starter,LATAM,Organic,SMB,5,60,19.0,1,4.6,0
U109145,2024-09-25,Free,NA,Referral,SMB,1,0,0.0,0,,1
U109146,2025-04-23,Starter,LATAM,Organic,Enterprise,5,60,13.0,1,3.7,0
U109147,2025-02-15,Free,APAC,Paid,SMB,1,0,4.0,0,,0
U109148,2024-05-14,Free,LATAM,Organic,SMB,1,0,0.0,0,,1
U109149,2024-07-10,Free,EMEA,Organic,SMB,1,0,1.0,0,,0
U109150,2025-06-01,free,LATAM,Organic,Enterprise,1,0,5.0,1,4.2,1
U109151,2024-05-03,Business,APAC,Organic,Mid-Market,21,609,14.0,1,3.9,1
U109152,2024-06-10,Free,NA,Organic,SMB,1,0,0.0,1,2.8,0
U109153,2024-09-06,Free,EMEA,Paid,SMB,1,0,0.0,1,4.3,1
U109154,2024-11-29,Starter,EMEA,Organic,SMB,7,84,7.0,1,3.3,0
U109155,2025-01-19,Business,APAC,Organic,SMB,19,551,25.0,2,1.5,0
U109156,2024-03-10,Starter,EMEA,Partner,SMB,2,24,21.0,0,,0
U109157,2024-05-21,Starter,EMEA,Referral,SMB,2,24,25.0,2,3.5,0
U109158,2024-11-27,Starter,EMEA,Paid,SMB,3,36,15.0,0,,1
U109159,2024-10-05,Free,APAC,Paid,SMB,1,0,4.0,1,5.0,1
U109160,2025-05-29,Free,NA,Organic,Mid-Market,1,0,0.0,0,,0
U109161,2024-07-16,Business,EMEA,Paid,SMB,24,696,18.0,1,4.0,0
U109162,2025-03-07,Business,NA,Organic,Mid-Market,38,1102,30.0,3,4.5,0
U109163,2025-06-18,Free,NA,Paid,SMB,1,0,10.0,0,,1
U109164,2024-03-19,Free,APAC,Paid,Mid-Market,1,0,13.0,0,,1
U109165,2025-04-30,Business,APAC,Partner,SMB,37,1073,14.0,3,3.4,0
U109166,2024-07-01,Starter,LATAM,Organic,SMB,5,60,3.0,2,4.0,0
U109167,2024-02-11,Starter,APAC,Organic,SMB,3,36,20.0,0,,0
U109168,2024-03-13,Starter,NA,Paid,SMB,2,24,35.0,2,4.9,0
U109169,2024-06-16,Free,EMEA,Organic,SMB,1,0,14.0,1,3.8,0
U109170,2024-12-13,Free,LATAM,Paid,Mid-Market,1,0,7.0,1,4.4,0
U109171,2025-03-05,Enterprise,NA,Referral,SMB,151,7399,14.0,4,4.2,0
U109172,2024-07-21,Starter,EMEA,Organic,SMB,2,24,20.0,0,,0
U109173,2024-08-22,Starter,LATAM,Organic,SMB,2,24,14.0,2,3.6,1
U109174,2025-06-08,Free,NA,Organic,Mid-Market,1,0,15.0,0,,0
U109175,2024-09-11,Starter,EMEA,Paid,Enterprise,4,48,11.0,0,,0
U109176,2025-01-19,Starter,APAC,Organic,SMB,6,72,14.0,1,4.5,1
U109177,2025-01-03,Free,NA,Referral,SMB,1,0,0.0,0,,1
U109178,2024-03-27,Business,EMEA,Paid,SMB,12,348,23.0,2,3.7,0
U109179,2024-12-11,Free,NA,Organic,SMB,1,0,1.0,0,,0
U109180,2025-04-27,Starter,NA,Organic,SMB,4,48,19.0,1,4.3,0
U109181,2025-06-14,Enterprise,NA,Paid,SMB,53,2597,25.0,1,3.8,0
U109182,2024-02-19,Starter,NA,Organic,SMB,3,36,8.0,0,,1
U109183,2024-09-10,Starter,NA,Referral,SMB,4,48,19.0,0,,0
U109184,2025-01-23,Free,EMEA,Partner,SMB,1,0,16.0,1,3.5,0
U109185,2024-09-06,Starter,EMEA,Partner,Mid-Market,3,36,20.0,0,,0
U109186,2024-12-11,Free,APAC,Paid,SMB,1,0,11.0,0,,0
U109187,2025-02-28,Business,EMEA,Organic,SMB,35,1015,10.0,1,3.6,0
U109188,2024-05-15,Business,EMEA,Organic,SMB,8,232,14.0,3,4.3,0
U109189,2024-11-19,Business,EMEA,Paid,SMB,30,870,9.0,1,5.0,1
U109190,2024-01-08,Free,EMEA,Organic,SMB,1,0,8.0,1,4.4,0
U109191,2024-02-12,Starter,APAC,Organic,Mid-Market,2,24,20.0,1,4.4,0
U109192,2025-05-02,Enterprise,APAC,Referral,SMB,118,5782,29.0,4,4.3,1
U109193,2024-05-27,Business,LATAM,Paid,Enterprise,37,1073,14.0,0,,0
U109194,2024-10-20,Business,NA,Partner,Mid-Market,39,1131,14.0,2,3.2,0
U109195,2024-08-29,Free,NA,Referral,SMB,1,0,13.0,0,,0
U109196,2024-05-01,Starter,EMEA,Organic,SMB,5,60,13.0,1,3.9,0
U109197,2024-07-03,Free,NA,Referral,Enterprise,1,0,0.0,0,,1
U109198,2024-10-11,Business,,Organic,Mid-Market,23,667,27.0,0,,1
U109199,2025-05-28,Business,NA,Organic,SMB,5,145,21.0,2,5.0,0
U109200,2024-09-16,Starter,NA,Organic,Enterprise,7,84,13.0,2,3.0,0
U109201,2025-02-09,Free,,Referral,SMB,1,0,7.0,0,,1
U109202,2024-01-16,Free,EMEA,Organic,Mid-Market,1,0,8.0,2,4.3,0
U109203,2024-05-09,Free,EMEA,Organic,SMB,1,0,0.0,0,,0
U109204,2024-12-13,Business,EMEA,Organic,SMB,34,986,22.0,5,4.4,0
U109205,2024-12-19,Starter,NA,Paid,Mid-Market,2,24,14.0,0,,0
U109206,2024-08-11,Free,NA,Organic,SMB,1,0,21.0,0,,0
U109207,2025-03-22,Starter,APAC,Referral,SMB,3,36,9.0,1,4.4,0
U109208,2024-10-31,Starter,NA,Organic,SMB,6,72,16.0,1,3.7,1
U109209,2025-03-08,Starter,NA,Organic,SMB,5,60,11.0,0,,1
U109210,2024-07-29,Free,NA,Referral,SMB,1,0,0.0,0,,0
U109211,2025-01-30,Starter,APAC,Paid,SMB,7,84,10.0,3,3.1,0
U109212,2024-05-10,Starter,LATAM,Organic,SMB,4,48,17.0,1,4.1,0
U109213,2024-02-19,Free,NA,Organic,Mid-Market,1,0,4.0,0,,1
U109214,2025-01-29,Enterprise,NA,Paid,Mid-Market,44,2156,33.0,4,3.9,0
U109215,2024-11-21,Starter,EMEA,Organic,Enterprise,2,24,9.0,0,,0
U109216,2024-04-26,Free,EMEA,Organic,SMB,1,0,12.0,0,,0
U109217,2024-02-06,Starter,LATAM,Organic,Mid-Market,2,24,16.0,1,3.2,1
U109218,2024-07-16,Business,EMEA,Organic,Mid-Market,6,174,18.0,3,4.9,0
U109219,2025-05-30,Free,APAC,Referral,SMB,1,0,4.0,0,,0
U109220,2024-03-31,Free,EMEA,Organic,Mid-Market,1,0,3.0,0,,0
U109221,2024-05-17,Free,NA,Paid,Enterprise,1,0,24.0,0,,0
U109222,2025-03-08,Enterprise,EMEA,Organic,Enterprise,170,8330,23.0,1,4.2,1
U109223,2025-01-28,Free,LATAM,Organic,SMB,1,0,4.0,0,,0
U109224,2025-03-21,Starter,APAC,Referral,Mid-Market,5,60,15.0,0,,0
U109225,2024-04-20,Starter,NA,Referral,SMB,7,84,25.0,0,,0
U109226,2024-11-04,Free,EMEA,Paid,SMB,1,0,0.0,0,,0
U109227,2024-05-06,Free,NA,Referral,SMB,1,0,7.0,0,,0
U109228,2024-03-09,Free,EMEA,Referral,SMB,1,0,9.0,0,,1
U109229,2024-12-18,Free,APAC,Referral,SMB,1,0,2.0,1,5.0,0
U109230,2025-06-23,Free,APAC,Organic,SMB,1,0,0.0,0,,0
U109231,2024-02-17,Free,LATAM,Organic,SMB,1,0,3.0,1,4.5,0
U109232,2024-10-08,Starter,EMEA,Organic,Mid-Market,3,36,10.0,1,4.0,0
U109233,2024-05-12,Free,EMEA,Referral,Mid-Market,1,0,2.0,1,3.7,1
U109234,2024-01-03,Free,NA,Paid,Mid-Market,1,0,3.0,0,,0
U109235,2024-01-28,Business,NA,Paid,SMB,18,522,15.0,4,4.0,0
U109236,2024-06-20,free,EMEA,Paid,SMB,1,0,17.0,1,4.2,0
U109237,2025-05-11,Free,EMEA,Organic,Mid-Market,1,0,0.0,0,,1
U109238,2024-02-28,Starter,NA,Organic,SMB,5,60,10.0,0,,0
U109239,2025-01-23,starter,APAC,Paid,SMB,6,72,13.0,2,3.9,0
U109240,2024-03-25,Starter,NA,Organic,SMB,7,84,11.0,1,3.1,0
U109241,2024-03-26,Starter,NA,Organic,SMB,2,24,13.0,1,4.0,0
U109242,2024-01-02,Starter,EMEA,Organic,SMB,5,60,16.0,2,4.2,0
U109243,2025-04-13,Starter,APAC,Referral,SMB,3,36,13.0,1,3.8,0
U109244,2024-07-04,Free,NA,Organic,Mid-Market,1,0,1.0,0,,0
U109245,2025-02-04,Free,EMEA,Referral,SMB,1,0,23.0,1,4.8,0
U109246,2025-03-30,Enterprise,NA,Organic,Enterprise,98,4802,28.0,5,4.5,0
U109247,2024-01-11,Free,NA,Paid,SMB,1,0,6.0,0,,1
U109248,2025-01-26,Business,APAC,Organic,Enterprise,13,377,17.0,7,1.6,1
U109249,2025-04-23,Business,APAC,Organic,Mid-Market,5,145,24.0,2,3.1,0
U109250,2025-02-09,Free,NA,Referral,SMB,1,0,0.0,0,,0
U109251,2024-08-15,Starter,,Organic,SMB,3,36,26.0,0,,0
U109252,2025-01-10,Starter,NA,Organic,SMB,4,48,11.0,0,,1
U109253,2024-04-16,Business,APAC,Partner,Mid-Market,9,261,17.0,1,4.0,0
U109254,2024-03-23,Free,NA,Paid,Mid-Market,1,0,9.0,0,,0
U109255,2024-05-19,free,,Organic,SMB,1,0,15.0,0,,0
U109256,2025-03-08,Starter,APAC,Organic,SMB,2,24,16.0,0,,0
U109257,2025-04-10,free,NA,Organic,Mid-Market,1,0,10.0,0,,1
U109258,2024-11-16,Free,NA,Organic,Mid-Market,1,0,4.0,0,,0
U109259,2024-07-04,Business,LATAM,Paid,SMB,19,551,30.0,2,3.8,0
U109260,2024-11-29,Free,EMEA,Organic,SMB,1,0,,0,,0
U109261,2025-05-26,Free,EMEA,Paid,Enterprise,1,0,7.0,0,,0
U109262,2024-03-19,Enterprise,LATAM,Organic,SMB,221,10829,27.0,2,4.7,0
U109263,2024-08-13,Free,EMEA,Partner,Enterprise,1,0,12.0,1,4.9,0
U109264,2024-04-29,Business,LATAM,Partner,SMB,31,899,14.0,1,4.1,0
U109265,2024-11-01,Enterprise,EMEA,Referral,Mid-Market,74,3626,26.0,3,2.8,0
U109266,2024-06-07,Business,NA,Organic,Enterprise,37,1073,,1,4.0,0
U109267,2025-06-10,Free,APAC,Paid,SMB,1,0,21.0,0,,0
U109268,2024-11-28,Starter,APAC,Organic,SMB,7,84,1.0,0,,0
U109269,2024-05-31,Starter,NA,Organic,SMB,7,84,16.0,0,,0
U109270,2025-01-23,Starter,APAC,Paid,SMB,6,72,4.0,1,4.7,0
U109271,2025-05-06,Starter,NA,Partner,Mid-Market,7,84,14.0,0,,0
U109272,2024-03-06,Starter,EMEA,Paid,SMB,7,84,16.0,0,,0
U109273,2025-05-14,Starter,EMEA,Paid,Mid-Market,5,60,10.0,1,3.1,0
U109274,2024-06-20,Free,NA,Partner,Mid-Market,1,0,6.0,0,,0
U109275,2024-07-16,Free,EMEA,Paid,SMB,1,0,1.0,0,,0
U109276,2025-06-06,Free,LATAM,Organic,SMB,1,0,5.0,0,,1
U109277,2025-06-21,Starter,APAC,Organic,SMB,4,48,11.0,0,,0
U109278,2024-11-19,Starter,NA,Partner,SMB,4,48,12.0,1,5.0,0
U109279,2024-11-03,Starter,EMEA,Organic,SMB,4,48,9.0,0,,1
U109280,2024-06-04,Free,EMEA,Organic,Mid-Market,1,0,9.0,1,4.0,0
U109281,2024-09-06,Starter,EMEA,Organic,SMB,7,84,14.0,1,4.2,0
U109282,2024-10-27,Starter,,Organic,SMB,5,60,19.0,0,,0
U109283,2024-03-20,Free,APAC,Organic,Mid-Market,1,0,0.0,0,,0
U109284,2024-03-05,Starter,NA,Organic,SMB,6,72,12.0,1,3.5,0
U109285,2024-09-01,Business,APAC,Referral,SMB,30,870,28.0,3,3.5,1
U109286,2024-01-08,Free,EMEA,Paid,SMB,1,0,0.0,0,,0
U109287,2025-05-05,Free,NA,Organic,Mid-Market,1,0,0.0,0,,0
U109288,2024-03-16,Starter,APAC,Partner,SMB,7,84,26.0,1,3.8,0
U109289,2024-01-15,Free,APAC,Paid,SMB,1,0,11.0,0,,1
U109290,2024-05-29,Free,NA,Partner,SMB,1,0,3.0,1,4.1,0
U109291,2024-06-22,Free,NA,Organic,SMB,1,0,11.0,0,,0
U109292,2024-06-04,Free,EMEA,Paid,Mid-Market,1,0,4.0,0,,0
U109293,2024-11-06,Starter,NA,Paid,SMB,5,60,14.0,0,,0
U109294,2024-05-05,Enterprise,APAC,Paid,Mid-Market,204,9996,26.0,2,4.2,0
U109295,2024-10-04,Starter,LATAM,Organic,SMB,7,84,18.0,0,,0
U109296,2024-04-27,Free,EMEA,Organic,Enterprise,1,0,6.0,0,,0
U109297,2025-02-15,Business,EMEA,Partner,Mid-Market,26,754,7.0,4,4.0,0
U109298,2024-12-29,Free,APAC,Partner,Mid-Market,1,0,5.0,0,,1
U109299,2024-10-02,Starter,NA,Organic,SMB,7,84,4.0,1,5.0,0
U109300,2024-02-12,Business,NA,Organic,Mid-Market,22,638,10.0,4,2.8,1
U109301,2024-03-02,Free,EMEA,Paid,Mid-Market,1,0,4.0,0,,0
U109302,2025-02-10,Starter,NA,Organic,SMB,2,24,23.0,0,,0
U109303,2024-11-15,business,APAC,Organic,SMB,14,406,24.0,6,2.2,1
U109304,2024-06-08,Enterprise,EMEA,Organic,SMB,296,14504,32.0,2,4.1,0
U109305,2024-10-09,Business,EMEA,Paid,Mid-Market,9,261,13.0,1,3.9,1
U109306,2025-02-11,Enterprise,NA,Paid,SMB,113,5537,17.0,3,3.0,0
U109307,2024-08-02,Free,LATAM,Paid,SMB,1,0,0.0,1,3.6,0
U109308,2024-11-05,Business,LATAM,Referral,Mid-Market,36,1044,10.0,1,3.7,0
U109309,2025-01-31,Business,NA,Organic,SMB,5,145,23.0,1,3.8,0
U109310,2024-02-13,Business,NA,Organic,Mid-Market,6,174,15.0,2,4.1,0
U109311,2024-02-24,Enterprise,EMEA,Organic,Mid-Market,150,7350,36.0,2,3.9,0
U109312,2024-11-17,Free,NA,Paid,SMB,1,0,0.0,0,,1
U109313,2024-06-11,Business,NA,Partner,Mid-Market,12,348,22.0,0,,0
U109314,2025-01-04,Starter,APAC,Organic,SMB,2,24,9.0,0,,0
U109315,2025-03-31,Free,NA,Organic,Enterprise,1,0,0.0,0,,0
U109316,2024-11-28,Starter,APAC,Partner,SMB,3,36,18.0,0,,0
U109317,2025-06-17,Business,NA,Organic,Mid-Market,21,609,19.0,4,3.0,0
U109318,2024-02-18,Free,APAC,Paid,Mid-Market,1,0,8.0,0,,0
U109319,2024-05-17,Starter,NA,Organic,SMB,5,60,14.0,2,3.4,0
U109320,2024-08-07,Business,NA,Organic,SMB,30,870,13.0,2,4.5,0
U109321,2025-04-27,Free,EMEA,Organic,SMB,1,0,9.0,0,,0
U109322,2024-05-12,Free,NA,Organic,Mid-Market,1,0,0.0,0,,0
U109323,2024-09-22,Starter,NA,Organic,Enterprise,6,72,29.0,0,,0
U109324,2025-06-13,Business,EMEA,Paid,SMB,27,783,15.0,0,,0
U109325,2025-05-03,Business,APAC,Partner,SMB,18,522,28.0,3,2.5,0
U109326,2024-10-19,Free,NA,Organic,Mid-Market,1,0,8.0,0,,0
U109327,2024-10-18,Free,EMEA,Organic,SMB,1,0,9.0,0,,0
U109328,2025-06-03,Enterprise,APAC,Organic,Mid-Market,152,7448,18.0,3,3.9,0
U109329,2024-07-01,Free,EMEA,Organic,Mid-Market,1,0,6.0,2,3.7,0
U109330,2024-05-17,Free,NA,Organic,SMB,1,0,13.0,1,4.5,0
U109331,2024-12-16,Business,NA,Organic,Mid-Market,11,319,22.0,1,4.1,0
U109332,2024-08-26,Starter,EMEA,Organic,SMB,6,72,17.0,3,3.6,0
U109333,2024-05-24,Starter,EMEA,Organic,SMB,4,48,19.0,4,3.9,0
U109334,2024-06-14,Starter,NA,Partner,Mid-Market,3,36,4.0,1,4.1,0
U109335,2024-09-20,Enterprise,APAC,Paid,SMB,47,2303,25.0,0,,0
U109336,2024-08-26,Free,NA,Paid,Mid-Market,1,0,5.0,0,,1
U109337,2024-10-24,Business,NA,Organic,Mid-Market,32,928,,2,5.0,0
U109338,2024-01-11,Business,EMEA,Referral,SMB,7,203,19.0,2,4.9,1
U109339,2024-02-18,Business,EMEA,Referral,Mid-Market,22,638,8.0,1,4.5,1
U109340,2025-03-25,Free,LATAM,Organic,SMB,1,0,0.0,0,,0
U109341,2024-12-12,Free,APAC,Organic,SMB,1,0,13.0,2,3.1,1
U109342,2025-01-23,Free,NA,Referral,Mid-Market,1,0,14.0,0,,0
U109343,2024-02-29,Business,LATAM,Organic,Mid-Market,6,174,29.0,1,5.0,0
U109344,2024-03-21,Business,NA,Partner,SMB,10,290,24.0,1,5.0,0
U109345,2025-03-11,Starter,EMEA,Referral,SMB,2,24,18.0,1,3.7,0
U109346,2024-09-22,Free,NA,Organic,Mid-Market,1,0,0.0,0,,1
U109347,2025-02-23,Free,NA,Organic,SMB,1,0,11.0,1,3.8,0
U109348,2025-03-14,Free,EMEA,Partner,SMB,1,0,0.0,0,,1
U109349,2024-04-06,Free,NA,Organic,Mid-Market,1,0,15.0,1,3.4,0
U109350,2024-06-05,Free,,Organic,Mid-Market,1,0,19.0,0,,0
U109351,2024-12-19,Starter,NA,Partner,SMB,5,60,6.0,3,4.8,1
U109352,2025-01-01,Enterprise,EMEA,Organic,SMB,105,5145,31.0,1,3.0,0
U109353,2024-10-13,Enterprise,APAC,Organic,Mid-Market,275,13475,16.0,2,4.3,0
U109354,2024-05-31,Starter,APAC,Organic,SMB,2,24,14.0,1,3.6,0
U109355,2024-08-15,Starter,EMEA,Paid,SMB,7,84,21.0,2,4.8,0
U109356,2024-09-29,Starter,NA,Paid,SMB,3,36,14.0,2,3.8,1
U109357,2024-12-18,Free,EMEA,Paid,SMB,1,0,6.0,0,,1
U109358,2024-07-29,Free,APAC,Partner,Mid-Market,1,0,11.0,0,,0
U109359,2024-02-12,Starter,APAC,Organic,SMB,3,36,14.0,0,,0
U109360,2025-01-12,free,EMEA,Organic,Enterprise,1,0,5.0,1,4.1,0
U109361,2024-07-26,Free,NA,Referral,SMB,1,0,4.0,1,4.0,0
U109362,2025-04-26,Starter,NA,Organic,Mid-Market,7,84,5.0,0,,0
U109363,2024-09-16,Business,EMEA,Organic,Enterprise,6,174,16.0,2,4.0,0
U109364,2024-09-27,Business,EMEA,Partner,Mid-Market,26,754,5.0,0,,0
U109365,2025-01-09,Free,NA,Organic,SMB,1,0,0.0,1,5.0,0
U109366,2024-11-23,Free,NA,Organic,Enterprise,1,0,8.0,0,,0
U109367,2024-02-23,Business,NA,Referral,SMB,14,406,22.0,0,,0
U109368,2024-05-01,Business,NA,Paid,Mid-Market,34,986,28.0,2,3.6,0
U109369,2025-01-19,Starter,NA,Referral,SMB,6,72,19.0,1,4.0,0
U109370,2024-02-21,Business,NA,Paid,SMB,31,899,18.0,5,2.1,0
U109371,2024-04-20,Starter,NA,Organic,SMB,3,36,16.0,3,2.5,0
U109372,2025-06-15,Free,EMEA,Paid,Enterprise,1,0,15.0,0,,0
U109373,2024-04-11,Business,EMEA,Paid,SMB,7,203,29.0,1,3.6,0
U109374,2025-05-15,Starter,EMEA,Paid,SMB,2,24,0.0,0,,1
U109375,2025-01-13,Starter,LATAM,Organic,SMB,7,84,6.0,0,,1
U109376,2025-05-13,Free,LATAM,Organic,Enterprise,1,0,9.0,0,,0
U109377,2025-02-24,Starter,EMEA,Organic,Enterprise,3,36,22.0,1,3.9,0
U109378,2024-11-24,Free,NA,Referral,SMB,1,0,0.0,1,3.7,0
U109379,2024-12-10,Starter,EMEA,Organic,Enterprise,2,24,11.0,0,,1
U109380,2024-04-06,Enterprise,LATAM,Organic,SMB,57,2793,29.0,2,3.4,0
U109381,2024-07-20,Starter,NA,Paid,SMB,3,36,,2,4.7,0
U109382,2024-05-29,Free,APAC,Organic,SMB,1,0,8.0,0,,0
U109383,2025-03-25,Starter,LATAM,Organic,SMB,2,24,16.0,0,,0
U109384,2024-01-25,Starter,EMEA,Partner,SMB,5,60,8.0,0,,1
U109385,2024-11-15,Free,NA,Organic,SMB,1,0,0.0,0,,1
U109386,2025-01-13,Free,NA,Partner,SMB,1,0,10.0,0,,1
U109387,2024-10-25,Free,NA,Partner,SMB,1,0,12.0,1,4.3,0
U109388,2024-06-24,business,NA,Paid,SMB,20,580,20.0,3,2.6,0
U109389,2024-04-13,Free,EMEA,Organic,SMB,1,0,8.0,0,,0
U109390,2024-06-30,Free,LATAM,Organic,SMB,1,0,0.0,0,,0
U109391,2024-10-15,Free,NA,Organic,Mid-Market,1,0,0.0,0,,0
U109392,2024-02-15,Starter,APAC,Organic,Mid-Market,4,48,8.0,1,4.8,0
U109393,2024-01-16,Starter,EMEA,Paid,Mid-Market,2,24,5.0,0,,0
U109394,2024-04-24,Business,NA,Paid,SMB,9,261,14.0,4,3.7,1
U109395,2024-09-25,Free,EMEA,Referral,Mid-Market,1,0,2.0,1,3.9,0
U109396,2025-01-14,Business,NA,Organic,Mid-Market,19,551,25.0,1,4.4,1
U109397,2025-01-02,Starter,EMEA,Partner,Mid-Market,2,24,20.0,0,,0
U109398,2024-10-08,Starter,LATAM,Organic,SMB,3,36,10.0,0,,0
U109399,2024-03-08,Starter,APAC,Referral,Enterprise,5,60,9.0,1,4.3,0
U109400,2024-11-22,Free,NA,Organic,Mid-Market,1,0,13.0,1,3.8,1
U109401,2024-01-13,Starter,NA,Paid,Mid-Market,5,60,1.0,3,3.1,0
U109402,2025-02-03,Free,APAC,Organic,SMB,1,0,4.0,0,,0
U109403,2024-03-27,Free,NA,Organic,Mid-Market,1,0,8.0,1,5.0,0
U109404,2025-05-22,Free,NA,Paid,SMB,1,0,7.0,0,,1
U109405,2024-07-23,Starter,EMEA,Organic,SMB,6,72,19.0,2,3.8,1
U109406,2024-09-12,Starter,,Paid,SMB,3,36,23.0,2,3.4,0
U109407,2024-12-06,Free,NA,Referral,SMB,1,0,4.0,0,,1
U109408,2024-11-20,Business,,Organic,Mid-Market,6,174,26.0,1,5.0,1
U109409,2024-03-26,Starter,EMEA,Paid,SMB,6,72,23.0,1,3.9,0
U109410,2024-10-22,Business,EMEA,Paid,SMB,39,1131,22.0,1,3.7,0
U109411,2025-04-22,Business,NA,Organic,SMB,8,232,18.0,0,,0
U109412,2024-11-14,Starter,NA,Organic,SMB,6,72,17.0,0,,1
U109413,2024-02-17,Enterprise,EMEA,Organic,Enterprise,288,14112,29.0,1,4.7,0
U109414,2025-05-01,Free,NA,Paid,SMB,1,0,0.0,0,,1
U109415,2024-03-21,Business,APAC,Organic,SMB,38,1102,3.0,0,,1
U109416,2025-01-12,Starter,LATAM,Referral,SMB,6,72,10.0,3,3.4,0
U109417,2024-12-27,Free,,Referral,SMB,1,0,5.0,1,3.9,0
U109418,2025-01-15,Free,NA,Partner,SMB,1,0,0.0,0,,0
U109419,2024-09-27,Business,EMEA,Organic,SMB,39,1131,10.0,0,,0
U109420,2024-11-01,Starter,NA,Organic,SMB,2,24,12.0,1,4.2,0
U109421,2025-02-16,Starter,APAC,Paid,Mid-Market,6,72,0.0,0,,0
U109422,2024-10-08,Business,NA,Organic,SMB,18,522,11.0,2,2.5,0
U109423,2024-11-12,Free,NA,Paid,SMB,1,0,0.0,0,,0
U109424,2024-05-15,Free,EMEA,Organic,Enterprise,1,0,9.0,0,,0
U109425,2024-05-22,Starter,EMEA,Organic,Enterprise,7,84,20.0,1,4.5,0
U109426,2024-07-26,Business,APAC,Referral,Enterprise,34,986,13.0,3,5.0,0
U109427,2024-09-30,Starter,NA,Referral,SMB,6,72,12.0,0,,0
U109428,2025-06-02,Free,NA,Organic,SMB,1,0,0.0,0,,0
U109429,2024-03-02,Free,EMEA,Organic,Mid-Market,1,0,0.0,0,,0
U109430,2024-02-17,Business,NA,Organic,SMB,27,783,6.0,0,,0
U109431,2025-04-18,Free,NA,Organic,SMB,1,0,9.0,0,,0
U109432,2025-05-26,Free,NA,Organic,SMB,1,0,9.0,0,,0
U109433,2024-07-05,Free,NA,Organic,Mid-Market,1,0,3.0,0,,1
U109434,2024-05-05,Free,APAC,Organic,Mid-Market,1,0,2.0,0,,0
U109435,2024-02-21,Free,LATAM,Organic,Enterprise,1,0,12.0,0,,0
U109436,2025-02-16,Free,NA,Paid,Mid-Market,1,0,0.0,0,,0
U109437,2025-06-05,Starter,APAC,Organic,Mid-Market,3,36,20.0,1,4.3,0
U109438,2025-01-05,Free,EMEA,Referral,SMB,1,0,2.0,0,,1
U109439,2025-02-03,Starter,NA,Organic,SMB,4,48,10.0,0,,0
U109440,2024-12-10,Business,APAC,Paid,SMB,5,145,24.0,2,1.7,0
U109441,2025-06-02,Free,EMEA,Organic,Mid-Market,1,0,2.0,0,,1
U109442,2025-01-15,Starter,LATAM,Partner,Enterprise,5,60,12.0,1,4.9,0
U109443,2025-03-10,Enterprise,EMEA,Organic,Mid-Market,160,7840,28.0,0,,0
U109444,2025-01-20,Starter,NA,Organic,Enterprise,6,72,18.0,0,,0
U109445,2024-09-30,Business,NA,Organic,Mid-Market,32,928,5.0,0,,1
U109446,2024-08-27,Enterprise,EMEA,Referral,SMB,48,2352,28.0,3,5.0,0
U109447,2024-05-26,Free,,Organic,Enterprise,1,0,13.0,0,,0
U109448,2024-02-05,Starter,NA,Organic,Mid-Market,6,72,23.0,2,4.6,0
U109449,2024-11-04,Starter,EMEA,Partner,SMB,7,84,29.0,0,,0
U109450,2024-08-04,Free,NA,Organic,Mid-Market,1,0,1.0,0,,0
U109451,2024-07-09,Free,NA,Organic,SMB,1,0,9.0,0,,0
U109452,2025-02-17,Business,EMEA,Partner,Mid-Market,13,377,11.0,1,4.6,0
U109453,2025-02-02,Free,LATAM,Referral,Mid-Market,1,0,10.0,0,,0
U109454,2024-06-30,Enterprise,LATAM,Organic,Mid-Market,101,4949,30.0,2,4.1,0
U109455,2024-11-07,Starter,NA,Referral,SMB,3,36,14.0,0,,0
U109456,2024-02-14,Free,APAC,Organic,Mid-Market,1,0,23.0,1,5.0,0
U109457,2024-05-26,Starter,APAC,Paid,Mid-Market,4,48,15.0,2,4.8,0
U109458,2024-03-20,Starter,NA,Partner,SMB,7,84,2.0,0,,0
U109459,2025-04-03,Free,EMEA,Organic,SMB,1,0,2.0,1,5.0,0
U109460,2024-12-17,Free,NA,Partner,SMB,1,0,2.0,0,,0
U109461,2024-04-03,Free,APAC,Partner,SMB,1,0,1.0,0,,0
U109462,2025-05-31,Free,EMEA,Paid,SMB,1,0,8.0,0,,0
U109463,2024-12-24,Business,APAC,Paid,SMB,37,1073,29.0,7,1.5,1
U109464,2025-02-09,Business,EMEA,Referral,SMB,27,783,24.0,3,4.6,1
U109465,2024-07-26,Business,NA,Organic,SMB,21,609,21.0,1,4.2,0
U109466,2024-01-10,Starter,NA,Organic,Mid-Market,6,72,12.0,0,,0
U109467,2024-04-07,Starter,EMEA,Organic,SMB,5,60,8.0,0,,0
U109468,2024-05-25,Starter,EMEA,Partner,Mid-Market,3,36,13.0,0,,0
U109469,2025-03-18,Starter,NA,Organic,Enterprise,4,48,5.0,2,4.2,0
U109470,2024-01-26,Starter,EMEA,Paid,Enterprise,2,24,8.0,1,3.3,1
U109471,2024-08-09,Free,NA,Organic,Mid-Market,1,0,,0,,0
U109472,2025-02-12,Business,EMEA,Organic,SMB,21,609,14.0,0,,1
U109473,2025-03-22,Free,NA,Organic,SMB,1,0,0.0,0,,1
U109474,2025-06-16,Business,NA,Organic,SMB,5,145,20.0,1,5.0,1
U109475,2024-05-11,Business,EMEA,Organic,Mid-Market,14,406,24.0,0,,0
U109476,2024-07-30,Business,APAC,Organic,SMB,12,348,36.0,2,3.0,0
U109477,2024-05-20,Starter,APAC,Organic,Mid-Market,4,48,11.0,1,4.5,0
U109478,2025-06-11,Free,APAC,Paid,SMB,1,0,11.0,0,,0
U109479,2025-03-13,Business,EMEA,Organic,Mid-Market,29,841,25.0,1,3.2,0
U109480,2024-09-23,Free,EMEA,Referral,SMB,1,0,4.0,0,,0
U109481,2024-05-03,Free,EMEA,Referral,SMB,1,0,13.0,0,,0
U109482,2024-10-16,Starter,APAC,Organic,Mid-Market,4,48,11.0,0,,0
U109483,2024-10-24,Enterprise,APAC,Organic,SMB,57,2793,30.0,2,4.1,0
U109484,2025-03-28,Starter,NA,Referral,SMB,5,60,16.0,2,3.5,1
U109485,2024-08-10,Free,EMEA,Organic,Enterprise,1,0,13.0,1,3.7,0
U109486,2025-03-14,Business,NA,Referral,SMB,15,435,38.0,1,3.5,1
U109487,2024-05-03,Free,NA,Organic,SMB,1,0,0.0,0,,0
U109488,2025-01-28,Business,APAC,Organic,SMB,19,551,6.0,3,4.1,1
U109489,2024-02-20,Free,APAC,Paid,SMB,1,0,3.0,0,,0
U109490,2025-01-26,Free,LATAM,Organic,SMB,1,0,18.0,1,3.7,0
U109491,2024-07-04,Free,LATAM,Referral,Mid-Market,1,0,1.0,0,,0
U109492,2024-08-27,Free,EMEA,Paid,SMB,1,0,9.0,1,3.7,0
U109493,2024-07-16,Business,NA,Paid,SMB,24,696,22.0,2,5.0,1
U109494,2025-01-18,Starter,NA,Paid,Mid-Market,5,60,11.0,0,,0
U109495,2025-05-06,Free,NA,Paid,SMB,1,0,10.0,0,,0
U109496,2024-06-25,Enterprise,NA,Paid,Mid-Market,74,3626,32.0,3,4.8,0
U109497,2025-01-26,Starter,APAC,Paid,Mid-Market,2,24,8.0,1,2.6,1
U109498,2024-03-16,Free,APAC,Paid,Enterprise,1,0,4.0,0,,1
U109499,2024-04-01,Free,EMEA,Paid,SMB,1,0,7.0,0,,0
U109500,2024-07-28,Starter,EMEA,Partner,Mid-Market,3,36,15.0,0,,0
U109501,2024-10-11,Free,NA,Organic,SMB,1,0,5.0,0,,0
U109502,2025-02-28,Free,APAC,Referral,SMB,1,0,4.0,1,3.7,1
U109503,2024-06-04,Free,NA,Organic,SMB,1,0,3.0,0,,0
U109504,2025-04-12,Free,EMEA,Paid,Mid-Market,1,0,0.0,0,,1
U109505,2025-05-10,Business,LATAM,Partner,SMB,21,609,,2,2.2,0
U109506,2025-03-01,Starter,NA,Organic,Enterprise,7,84,15.0,1,5.0,0
U109507,2025-03-10,Free,EMEA,Organic,Mid-Market,1,0,19.0,1,4.9,1
U109508,2024-10-14,Starter,NA,Referral,SMB,5,60,18.0,1,4.7,0
U109509,2024-01-06,Starter,EMEA,Paid,Mid-Market,5,60,3.0,0,,0
U109510,2024-03-04,Free,NA,Organic,Enterprise,1,0,2.0,0,,0
U109511,2024-12-09,Free,APAC,Partner,Mid-Market,1,0,8.0,1,3.7,0
U109512,2024-03-25,Business,NA,Paid,SMB,6,174,36.0,3,4.6,0
U109513,2025-06-02,Starter,APAC,Organic,SMB,5,60,27.0,0,,0
U109514,2024-10-15,Business,NA,Organic,SMB,11,319,19.0,5,3.6,0
U109515,2024-09-21,Starter,APAC,Partner,SMB,4,48,7.0,0,,0
U109516,2024-10-31,Starter,EMEA,Organic,SMB,4,48,20.0,0,,0
U109517,2025-01-18,Free,EMEA,Paid,SMB,1,0,16.0,0,,0
U109518,2024-11-07,Free,EMEA,Organic,SMB,1,0,2.0,1,4.7,0
U109519,2024-09-27,Free,NA,Organic,SMB,1,0,0.0,0,,1
U109520,2025-03-10,Business,APAC,Organic,Enterprise,17,493,4.0,3,2.9,0
U109521,2024-12-04,Free,NA,Organic,SMB,1,0,11.0,1,4.4,0
U109522,2025-06-10,Starter,EMEA,Partner,SMB,4,48,21.0,0,,0
U109523,2025-01-25,Starter,LATAM,Paid,SMB,6,72,,0,,1
U109524,2024-05-31,Free,APAC,Paid,SMB,1,0,8.0,1,3.2,0
U109525,2024-06-23,Starter,NA,Paid,SMB,6,72,21.0,1,4.5,0
U109526,2024-10-27,Free,APAC,Partner,Mid-Market,1,0,0.0,0,,1
U109527,2024-07-11,Free,EMEA,Organic,SMB,1,0,1.0,0,,0
U109528,2024-03-04,Starter,APAC,Paid,SMB,5,60,11.0,0,,0
U109529,2024-09-29,Free,NA,Referral,Enterprise,1,0,9.0,0,,0
U109530,2025-04-12,Free,NA,Partner,SMB,1,0,1.0,0,,0
U109531,2024-08-13,Business,LATAM,Partner,Mid-Market,7,203,8.0,0,,0
U109532,2025-03-31,Business,EMEA,Paid,SMB,27,783,16.0,2,3.9,0
U109533,2025-05-25,Business,LATAM,Organic,Mid-Market,11,319,27.0,1,4.9,0
U109534,2024-05-12,Business,NA,Organic,SMB,9,261,17.0,1,4.3,0
U109535,2024-01-21,Business,NA,Organic,SMB,37,1073,27.0,1,4.2,0
U109536,2025-05-09,Business,NA,Organic,SMB,34,986,19.0,1,4.2,0
U109537,2024-05-30,Free,APAC,Paid,Enterprise,1,0,0.0,0,,1
U109538,2024-12-21,Free,LATAM,Organic,Enterprise,1,0,6.0,0,,1
U109539,2024-12-20,Free,APAC,Organic,Mid-Market,1,0,,0,,0
U109540,2024-07-11,Free,EMEA,Organic,SMB,1,0,5.0,0,,0
U109541,2024-03-23,Free,NA,Paid,SMB,1,0,1.0,0,,0
U109542,2025-03-25,Free,NA,Paid,SMB,1,0,0.0,0,,0
U109543,2024-04-13,Starter,NA,Paid,Enterprise,5,60,5.0,0,,0
U109544,2025-04-27,Free,EMEA,Paid,SMB,1,0,0.0,0,,1
U109545,2024-07-21,Starter,EMEA,Referral,Enterprise,3,36,14.0,1,3.6,0
U109546,2024-02-22,Free,EMEA,Organic,SMB,1,0,6.0,1,3.1,0
U109547,2025-05-10,Free,LATAM,Organic,SMB,1,0,3.0,0,,1
U109548,2025-05-05,Free,NA,Paid,SMB,1,0,9.0,0,,0
U109549,2025-01-19,Free,LATAM,Paid,SMB,1,0,0.0,0,,0
U109550,2025-05-02,Free,NA,Organic,SMB,1,0,1.0,0,,0
U109551,2025-01-21,Starter,APAC,Organic,SMB,7,84,13.0,1,4.2,0
U109552,2024-12-05,Starter,LATAM,Paid,SMB,5,60,24.0,2,4.2,0
U109553,2024-11-12,Business,APAC,Organic,SMB,39,1131,4.0,4,2.1,0
U109554,2024-10-28,Business,APAC,Organic,Enterprise,39,1131,15.0,6,1.1,1
U109555,2024-02-18,Starter,NA,Organic,SMB,6,72,8.0,2,3.6,0
U109556,2024-10-21,Starter,LATAM,Paid,Mid-Market,2,24,20.0,2,4.6,0
U109557,2025-02-18,Free,EMEA,Paid,Enterprise,1,0,26.0,0,,0
U109558,2024-04-25,Business,APAC,Organic,Mid-Market,37,1073,21.0,0,,1
U109559,2024-08-24,Free,LATAM,Referral,SMB,1,0,14.0,2,3.7,0
U109560,2024-12-18,Starter,NA,Partner,Enterprise,7,84,18.0,2,3.9,0
U109561,2024-09-03,Starter,APAC,Organic,SMB,7,84,14.0,0,,0
U109562,2025-03-29,Free,EMEA,Paid,SMB,1,0,4.0,0,,0
U109563,2024-04-15,Starter,EMEA,Organic,Enterprise,2,24,27.0,1,3.8,1
U109564,2025-06-03,Free,EMEA,Paid,SMB,1,0,9.0,1,3.4,1
U109565,2024-12-16,Starter,EMEA,Organic,Mid-Market,2,24,10.0,1,4.6,0
U109566,2024-10-20,Enterprise,NA,Referral,SMB,112,5488,13.0,4,4.9,0
U109567,2025-01-05,Free,LATAM,Organic,Mid-Market,1,0,11.0,0,,0
U109568,2024-02-03,Starter,EMEA,Organic,Enterprise,5,60,20.0,3,4.2,0
U109569,2024-10-09,Business,EMEA,Organic,SMB,11,319,22.0,1,3.9,0
U109570,2025-02-03,Free,NA,Referral,SMB,1,0,0.0,1,4.6,0
U109571,2025-02-20,Business,EMEA,Organic,SMB,24,696,5.0,0,,0
U109572,2024-01-11,Starter,NA,Paid,SMB,6,72,21.0,1,3.7,1
U109573,2024-04-14,Business,NA,Referral,SMB,36,1044,18.0,0,,0
U109574,2024-02-22,Enterprise,LATAM,Organic,SMB,228,11172,26.0,2,3.9,0
U109575,2024-12-25,Enterprise,NA,Organic,SMB,233,11417,27.0,2,3.2,0
U109576,2024-11-10,Business,APAC,Organic,Mid-Market,23,667,21.0,4,1.0,1
U109577,2025-01-17,Starter,EMEA,Organic,SMB,4,48,4.0,1,3.9,0
U109578,2024-06-28,Free,LATAM,Referral,Enterprise,1,0,12.0,1,4.4,0
U109579,2024-05-18,Free,EMEA,Referral,SMB,1,0,0.0,0,,1
U109580,2024-11-04,Business,NA,Paid,Mid-Market,31,899,17.0,0,,0
U109581,2024-01-06,Enterprise,NA,Referral,SMB,67,3283,31.0,1,4.2,0
U109582,2025-03-26,Free,APAC,Referral,SMB,1,0,0.0,1,3.7,1
U109583,2024-01-20,Free,,Organic,SMB,1,0,7.0,0,,0
U109584,2025-01-20,Starter,APAC,Organic,SMB,5,60,15.0,0,,1
U109585,2024-11-01,Starter,NA,Organic,SMB,5,60,12.0,0,,0
U109586,2024-09-30,Business,NA,Referral,Mid-Market,35,1015,25.0,1,3.8,0
U109587,2025-03-02,Free,LATAM,Organic,SMB,1,0,5.0,0,,0
U109588,2025-03-31,Free,NA,Paid,Mid-Market,1,0,5.0,0,,0
U109589,2025-05-01,Enterprise,EMEA,Paid,SMB,162,7938,32.0,0,,0
U109590,2024-12-18,Free,APAC,Organic,Mid-Market,1,0,3.0,1,4.2,0
U109591,2025-04-21,Free,EMEA,Partner,SMB,1,0,2.0,0,,0
U109592,2025-03-02,Free,NA,Organic,SMB,1,0,7.0,0,,0
U109593,2024-01-07,Free,EMEA,Paid,SMB,1,0,0.0,0,,0
U109594,2024-01-25,Business,NA,Organic,SMB,25,725,13.0,5,3.4,0
U109595,2025-04-02,business,EMEA,Partner,Enterprise,13,377,26.0,1,3.2,0
U109596,2025-05-19,Starter,EMEA,Organic,SMB,7,84,13.0,1,4.3,0
U109597,2024-06-13,Starter,NA,Partner,SMB,6,72,6.0,1,3.6,0
U109598,2024-08-30,Free,EMEA,Organic,Enterprise,1,0,4.0,0,,0
U109599,2024-11-13,Starter,LATAM,Organic,Mid-Market,6,72,12.0,1,4.5,1
U109600,2024-09-02,Free,,Referral,SMB,1,0,7.0,0,,0
U109601,2024-05-31,Enterprise,NA,Organic,SMB,261,12789,20.0,1,3.8,0
U109602,2024-05-11,Starter,NA,Paid,SMB,3,36,17.0,2,3.9,0
U109603,2024-06-04,Starter,EMEA,Organic,SMB,2,24,3.0,1,4.7,1
U109604,2024-12-27,Free,NA,Paid,SMB,1,0,4.0,1,3.7,1
U109605,2024-08-27,Business,NA,Referral,SMB,22,638,17.0,3,4.3,0
U109606,2024-10-30,Free,EMEA,Organic,SMB,1,0,2.0,0,,0
U109607,2025-03-06,Free,NA,Referral,SMB,1,0,0.0,0,,0
U109608,2024-10-19,Free,NA,Paid,SMB,1,0,5.0,0,,0
U109609,2024-08-10,Starter,NA,Organic,SMB,7,84,27.0,0,,0
U109610,2024-01-04,Free,NA,Organic,SMB,1,0,7.0,0,,0
U109611,2025-05-11,Starter,LATAM,Organic,SMB,6,72,22.0,1,4.2,0
U109612,2024-09-25,Starter,EMEA,Organic,Mid-Market,7,84,27.0,0,,0
U109613,2024-02-19,business,NA,Paid,SMB,23,667,16.0,1,4.5,0
U109614,2024-06-18,Business,APAC,Organic,SMB,29,841,16.0,1,3.9,0
U109615,2024-09-21,Starter,APAC,Paid,Mid-Market,6,72,11.0,2,4.1,0
U109616,2024-10-21,Business,EMEA,Organic,SMB,33,957,14.0,3,3.7,0
U109617,2024-07-09,Free,NA,Organic,SMB,1,0,0.0,0,,0
U109618,2024-02-14,Business,NA,Organic,SMB,5,145,5.0,1,4.0,0
U109619,2024-03-03,Free,LATAM,Paid,Enterprise,1,0,8.0,0,,0
U109620,2024-02-17,Free,NA,Organic,SMB,1,0,0.0,0,,0
U109621,2025-05-08,Starter,NA,Paid,Enterprise,3,36,2.0,0,,0
U109622,2024-07-24,Business,EMEA,Organic,SMB,6,174,12.0,1,4.9,0
U109623,2024-05-03,Free,EMEA,Paid,Enterprise,1,0,0.0,0,,0
U109624,2024-01-16,Starter,,Organic,Mid-Market,6,72,23.0,1,4.1,0
U109625,2024-12-12,Business,EMEA,Paid,SMB,36,1044,21.0,0,,0
U109626,2024-02-21,Starter,NA,Organic,SMB,5,60,15.0,0,,0
U109627,2025-02-01,Starter,APAC,Paid,Enterprise,3,36,8.0,0,,1
U109628,2024-05-23,Business,NA,Referral,SMB,34,986,17.0,1,3.5,0
U109629,2025-02-02,Free,,Organic,SMB,1,0,0.0,1,4.3,0
U109630,2024-08-26,Business,NA,Paid,SMB,14,406,15.0,2,3.4,0
U109631,2024-10-20,Free,,Organic,SMB,1,0,6.0,0,,0
U109632,2025-04-09,Starter,NA,Referral,Mid-Market,2,24,13.0,0,,0
U109633,2024-06-12,Free,NA,Organic,Mid-Market,1,0,15.0,0,,1
U109634,2024-08-25,Business,NA,Organic,Mid-Market,36,1044,26.0,1,4.8,0
U109635,2024-01-05,Starter,NA,Organic,Enterprise,4,48,22.0,1,4.0,0
U109636,2025-02-28,Enterprise,EMEA,Referral,SMB,172,8428,25.0,1,4.9,0
U109637,2025-03-19,Free,NA,Partner,SMB,1,0,7.0,0,,0
U109638,2024-06-28,Business,EMEA,Referral,Mid-Market,33,957,21.0,1,2.1,0
U109639,2024-08-02,Business,EMEA,Partner,Mid-Market,19,551,20.0,1,3.4,1
U109640,2024-09-25,Business,APAC,Paid,SMB,28,812,17.0,4,1.7,1
U109641,2024-08-08,Free,NA,Organic,SMB,1,0,14.0,0,,0
U109642,2025-05-06,Starter,APAC,Paid,Mid-Market,2,24,14.0,2,3.4,0
U109643,2024-05-11,Free,EMEA,Paid,SMB,1,0,0.0,0,,0
U109644,2024-04-04,Free,NA,Organic,SMB,1,0,0.0,1,4.7,0
U109645,2024-05-02,Free,LATAM,Referral,Mid-Market,1,0,6.0,0,,0
U109646,2024-01-09,Starter,APAC,Organic,SMB,5,60,12.0,1,3.7,1
U109647,2024-09-30,Free,EMEA,Organic,SMB,1,0,0.0,0,,0
U109648,2024-12-26,Starter,APAC,Organic,SMB,7,84,14.0,0,,0
U109649,2024-10-20,enterprise,NA,Paid,SMB,85,4165,31.0,4,3.6,0
U109650,2025-01-12,Free,EMEA,Partner,SMB,1,0,0.0,0,,0
U109651,2025-02-17,Business,APAC,Organic,SMB,31,899,12.0,4,2.5,0
U109652,2025-06-08,starter,APAC,Referral,SMB,6,72,10.0,1,3.9,0
U109653,2024-02-28,Free,LATAM,Organic,SMB,1,0,17.0,0,,0
U109654,2025-05-06,Starter,APAC,Partner,Mid-Market,5,60,3.0,1,5.0,1
U109655,2024-10-09,Free,EMEA,Paid,SMB,1,0,3.0,0,,0
U109656,2024-09-04,Free,EMEA,Organic,SMB,1,0,6.0,0,,0
U109657,2024-08-11,Free,NA,Organic,Mid-Market,1,0,10.0,1,3.4,0
U109658,2024-09-15,Free,NA,Organic,SMB,1,0,0.0,2,4.8,0
U109659,2024-10-13,Starter,NA,Referral,SMB,4,48,0.0,1,4.7,0
U109660,2024-07-21,Business,NA,Paid,Mid-Market,5,145,10.0,2,3.5,0
U109661,2024-01-25,Free,LATAM,Organic,Mid-Market,1,0,7.0,2,3.6,1
U109662,2024-07-25,Starter,APAC,Paid,SMB,5,60,9.0,1,2.7,0
U109663,2024-11-17,Starter,NA,Paid,SMB,3,36,12.0,2,4.2,0
U109664,2025-02-05,Free,NA,Organic,SMB,1,0,13.0,0,,0
U109665,2024-10-04,Starter,EMEA,Organic,Mid-Market,4,48,11.0,0,,0
U109666,2024-11-30,Business,APAC,Paid,SMB,9,261,16.0,4,2.1,0
U109667,2024-10-27,Starter,APAC,Partner,SMB,2,24,10.0,1,3.3,0
U109668,2024-07-03,Free,NA,Referral,SMB,1,0,2.0,0,,0
U109669,2024-04-11,Free,EMEA,Organic,SMB,1,0,1.0,0,,0
U109670,2024-02-29,Business,NA,Organic,SMB,29,841,29.0,2,4.9,0
U109671,2024-04-28,Free,NA,Paid,Enterprise,1,0,16.0,0,,0
U109672,2024-09-24,Enterprise,APAC,Organic,SMB,173,8477,17.0,2,3.9,0
U109673,2024-05-02,Free,EMEA,Organic,Mid-Market,1,0,0.0,1,4.2,0
U109674,2025-01-16,Business,NA,Paid,Mid-Market,34,986,13.0,3,4.3,0
U109675,2024-04-05,Enterprise,LATAM,Organic,SMB,187,9163,31.0,0,,0
U109676,2024-10-11,Starter,EMEA,Organic,SMB,3,36,4.0,1,3.4,0
U109677,2024-08-19,Business,NA,Paid,Mid-Market,11,319,19.0,2,4.0,1
U109678,2024-07-14,Free,NA,Partner,SMB,1,0,5.0,0,,0
U109679,2024-11-15,Free,LATAM,Organic,SMB,1,0,0.0,0,,0
U109680,2024-04-16,Free,NA,Referral,Enterprise,1,0,0.0,0,,0
U109681,2024-11-04,Free,APAC,Organic,Mid-Market,1,0,9.0,1,3.5,0
U109682,2024-11-24,Free,NA,Organic,SMB,1,0,9.0,0,,0
U109683,2024-04-14,Starter,APAC,Paid,SMB,4,48,2.0,0,,0
U109684,2025-01-06,Free,NA,Paid,Mid-Market,1,0,4.0,0,,0
U109685,2024-10-07,Free,NA,Organic,Mid-Market,1,0,6.0,0,,0
U109686,2024-02-24,Starter,LATAM,Organic,SMB,3,36,14.0,1,4.8,0
U109687,2024-08-19,Free,APAC,Paid,Mid-Market,1,0,1.0,1,3.6,0
U109688,2024-09-02,free,EMEA,Paid,SMB,1,0,8.0,0,,0
U109689,2025-05-11,Free,APAC,Organic,Mid-Market,1,0,5.0,0,,0
U109690,2024-10-30,Free,NA,Referral,SMB,1,0,4.0,0,,1
U109691,2024-10-10,Enterprise,EMEA,Partner,SMB,230,11270,23.0,5,3.4,0
U109692,2024-01-23,Free,EMEA,Partner,SMB,1,0,6.0,0,,0
U109693,2024-06-30,Free,EMEA,Organic,SMB,1,0,0.0,1,3.2,0
U109694,2024-10-24,Free,NA,Organic,SMB,1,0,4.0,0,,0
U109695,2024-09-26,Starter,EMEA,Referral,Mid-Market,5,60,11.0,0,,0
U109696,2024-11-30,Enterprise,NA,Partner,Mid-Market,104,5096,34.0,2,4.6,1
U109697,2024-05-29,Starter,NA,Referral,Mid-Market,3,36,12.0,2,4.6,0
U109698,2024-03-16,Free,NA,Paid,SMB,1,0,17.0,1,4.4,0
U109699,2025-01-12,Free,NA,Partner,SMB,1,0,12.0,0,,0
U109700,2024-11-08,Free,LATAM,Organic,SMB,1,0,0.0,0,,1
U109701,2024-03-07,Enterprise,NA,Paid,SMB,245,12005,30.0,1,3.5,0
U109702,2024-11-18,Free,NA,Organic,SMB,1,0,0.0,0,,0
U109703,2024-05-28,Business,NA,Organic,SMB,22,638,15.0,0,,0
U109704,2024-09-18,Free,APAC,Organic,Mid-Market,1,0,0.0,0,,1
U109705,2024-10-07,Free,EMEA,Organic,Mid-Market,1,0,9.0,0,,0
U109706,2024-05-25,Enterprise,NA,Paid,SMB,280,13720,10.0,4,4.7,0
U109707,2024-03-08,Starter,LATAM,Paid,SMB,6,72,21.0,2,4.3,0
U109708,2024-07-09,Free,NA,Partner,Mid-Market,1,0,0.0,1,3.8,0
U109709,2024-09-13,Free,EMEA,Organic,Enterprise,1,0,8.0,0,,0
U109710,2025-01-01,Free,APAC,Organic,Mid-Market,1,0,0.0,0,,0
U109711,2024-04-05,Starter,LATAM,Referral,Mid-Market,2,24,16.0,0,,0
U109712,2025-04-09,Starter,EMEA,Referral,Mid-Market,4,48,9.0,0,,0
U109713,2025-01-27,Free,NA,Paid,SMB,1,0,0.0,2,4.0,0
U109714,2025-04-10,Free,EMEA,Organic,SMB,1,0,0.0,0,,1
U109715,2025-05-19,Free,EMEA,Organic,SMB,1,0,3.0,2,5.0,0
U109716,2025-03-25,Starter,NA,Organic,Enterprise,6,72,6.0,0,,0
U109717,2024-01-14,Business,NA,Organic,SMB,34,986,28.0,2,2.8,0
U109718,2025-05-01,Business,NA,Organic,SMB,22,638,21.0,0,,0
U109719,2024-06-12,Free,EMEA,Organic,Mid-Market,1,0,16.0,2,3.2,0
U109720,2024-09-03,Starter,NA,Referral,SMB,6,72,9.0,1,4.6,0
U109721,2024-10-13,Free,NA,Paid,SMB,1,0,25.0,0,,0
U109722,2024-06-24,Free,APAC,Organic,SMB,1,0,10.0,0,,0
U109723,2025-02-03,Enterprise,NA,Paid,Mid-Market,189,9261,23.0,1,2.9,0
U109724,2025-01-13,Free,EMEA,Organic,SMB,1,0,20.0,0,,0
U109725,2024-03-15,Free,APAC,Organic,SMB,1,0,25.0,0,,0
U109726,2024-10-05,Free,LATAM,Paid,SMB,1,0,11.0,1,2.7,1
U109727,2024-02-12,Free,NA,Organic,Mid-Market,1,0,1.0,1,4.3,0
U109728,2024-01-01,Business,EMEA,Partner,Mid-Market,16,464,21.0,2,4.8,0
U109729,2025-02-07,Starter,NA,Organic,Mid-Market,7,84,18.0,0,,0
U109730,2024-12-27,Starter,EMEA,Organic,SMB,3,36,14.0,1,3.4,0
U109731,2024-04-16,Free,EMEA,Organic,SMB,1,0,6.0,1,4.1,0
U109732,2024-10-25,Free,EMEA,Organic,SMB,1,0,0.0,1,4.4,0
U109733,2024-08-04,Free,NA,Paid,SMB,1,0,5.0,0,,0
U109734,2024-02-09,Free,LATAM,Referral,SMB,1,0,0.0,0,,0
U109735,2024-08-25,Starter,APAC,Paid,SMB,4,48,,0,,0
U109736,2024-03-31,Starter,NA,Organic,SMB,3,36,7.0,0,,1
U109737,2025-05-12,Free,APAC,Organic,SMB,1,0,6.0,3,3.7,0
U109738,2024-05-04,Starter,EMEA,Organic,SMB,4,48,12.0,0,,0
U109739,2025-02-27,Free,NA,Organic,SMB,1,0,5.0,0,,0
U109740,2024-03-10,Starter,NA,Paid,SMB,6,72,6.0,1,4.7,0
U109741,2024-04-14,Starter,EMEA,Organic,SMB,7,84,20.0,3,4.3,0
U109742,2024-09-28,Free,EMEA,Paid,SMB,1,0,14.0,0,,0
U109743,2024-12-16,Free,APAC,Referral,SMB,1,0,11.0,0,,0
U109744,2024-03-22,Starter,EMEA,Referral,SMB,7,84,17.0,2,4.0,0
U109745,2024-06-22,Free,EMEA,Paid,SMB,1,0,15.0,0,,0
U109746,2024-07-08,Free,NA,Referral,SMB,1,0,1.0,0,,1
U109747,2025-06-07,Free,LATAM,Organic,SMB,1,0,0.0,0,,0
U109748,2024-09-01,Free,EMEA,Paid,Enterprise,1,0,10.0,0,,0
U109749,2024-02-06,Starter,APAC,Organic,Mid-Market,2,24,23.0,1,4.8,0
U109750,2024-05-27,Starter,EMEA,Organic,SMB,4,48,10.0,1,3.9,1
U109751,2024-11-12,Free,EMEA,Organic,Mid-Market,1,0,5.0,0,,0
U109752,2024-03-30,Enterprise,APAC,Paid,Mid-Market,188,9212,37.0,0,,0
U109753,2024-10-01,Free,NA,Organic,SMB,1,0,11.0,0,,0
U109754,2024-12-13,Business,EMEA,Referral,SMB,17,493,16.0,3,5.0,0
U109755,2024-01-15,Free,LATAM,Organic,Enterprise,1,0,4.0,0,,1
U109756,2024-05-21,Free,NA,Referral,Enterprise,1,0,5.0,1,4.2,0
U109757,2024-02-16,Starter,EMEA,Organic,Enterprise,2,24,4.0,1,5.0,1
U109758,2025-04-26,Starter,EMEA,Organic,SMB,2,24,10.0,0,,0
U109759,2024-10-16,Free,EMEA,Organic,SMB,1,0,6.0,0,,0
U109760,2025-06-09,Business,NA,Referral,SMB,18,522,19.0,3,4.3,0
U109761,2025-03-25,Starter,APAC,Paid,SMB,5,60,5.0,3,3.6,0
U109762,2025-05-12,Business,EMEA,Organic,Enterprise,19,551,20.0,0,,0
U109763,2024-02-05,Starter,NA,Referral,SMB,4,48,14.0,1,4.8,1
U109764,2024-12-24,Free,LATAM,Organic,Mid-Market,1,0,0.0,0,,0
U109765,2024-03-06,Starter,NA,Organic,SMB,6,72,14.0,1,4.0,0
U109766,2025-01-20,Free,NA,Organic,SMB,1,0,0.0,1,4.4,0
U109767,2024-02-09,Free,NA,Paid,SMB,1,0,14.0,0,,0
U109768,2024-11-01,Business,LATAM,Organic,Mid-Market,35,1015,24.0,1,4.3,0
U109769,2024-12-24,Free,APAC,Referral,SMB,1,0,4.0,0,,0
U109770,2024-03-13,Starter,LATAM,Organic,Enterprise,7,84,21.0,1,5.0,0
U109771,2025-04-21,Starter,NA,Referral,SMB,6,72,22.0,1,4.3,0
U109772,2024-07-16,Starter,NA,Paid,Enterprise,6,72,6.0,1,4.1,1
U109773,2024-10-04,Free,NA,Partner,SMB,1,0,2.0,0,,0
U109774,2024-04-22,Starter,EMEA,Paid,Mid-Market,4,48,10.0,1,3.9,0
U109775,2025-03-28,Free,NA,Organic,Enterprise,1,0,0.0,1,4.0,0
U109776,2024-08-09,Free,NA,Paid,SMB,1,0,9.0,0,,0
U109777,2025-04-02,Starter,NA,Paid,SMB,5,60,3.0,0,,0
U109778,2024-12-28,Free,,Referral,Mid-Market,1,0,16.0,0,,0
U109779,2025-01-18,Free,EMEA,Referral,Enterprise,1,0,11.0,0,,0
U109780,2024-03-19,Free,APAC,Organic,SMB,1,0,0.0,0,,0
U109781,2024-05-10,Free,APAC,Organic,Mid-Market,1,0,0.0,0,,1
U109782,2025-06-20,Free,NA,Organic,SMB,1,0,0.0,1,4.6,0
U109783,2024-12-15,Free,EMEA,Paid,Enterprise,1,0,5.0,1,4.6,1
U109784,2024-12-07,Business,EMEA,Paid,SMB,5,145,12.0,1,2.3,1
U109785,2024-08-27,Free,NA,Partner,SMB,1,0,0.0,0,,1
U109786,2024-09-25,Starter,NA,Organic,Mid-Market,3,36,15.0,1,5.0,0
U109787,2025-01-12,Free,NA,Organic,SMB,1,0,11.0,0,,1
U109788,2025-03-15,Business,APAC,Organic,SMB,38,1102,20.0,2,2.7,1
U109789,2024-11-08,Business,APAC,Organic,SMB,16,464,20.0,3,2.9,0
U109790,2024-06-28,Business,EMEA,Organic,SMB,10,290,,1,3.8,1
U109791,2024-06-14,Enterprise,EMEA,Paid,SMB,264,12936,31.0,3,3.4,0
U109792,2024-04-30,Starter,LATAM,Paid,SMB,7,84,1.0,1,5.0,0
U109793,2025-02-14,Free,LATAM,Paid,Mid-Market,1,0,15.0,0,,0
U109794,2024-02-25,Starter,NA,Organic,SMB,7,84,20.0,2,4.4,0
U109795,2025-03-25,Free,NA,Organic,Mid-Market,1,0,11.0,0,,0
U109796,2024-03-17,Business,APAC,Organic,Mid-Market,37,1073,18.0,1,5.0,0
U109797,2025-06-03,Business,APAC,Organic,SMB,6,174,8.0,2,2.3,1
U109798,2024-01-18,Free,EMEA,Referral,SMB,1,0,18.0,1,4.7,0
U109799,2025-01-08,Starter,LATAM,Organic,SMB,6,72,2.0,2,3.2,0
U109800,2024-09-30,Free,APAC,Organic,SMB,1,0,13.0,0,,0
U109801,2024-01-11,Business,EMEA,Organic,SMB,20,580,23.0,2,3.5,1
U109802,2024-10-31,Free,NA,Organic,Enterprise,1,0,15.0,2,5.0,1
U109803,2024-03-12,Starter,NA,Paid,Enterprise,2,24,1.0,0,,0
U109804,2024-08-19,Starter,NA,Paid,Mid-Market,4,48,13.0,1,2.7,0
U109805,2024-01-04,Free,APAC,Organic,Mid-Market,1,0,10.0,0,,0
U109806,2024-06-12,Free,APAC,Partner,SMB,1,0,5.0,1,3.9,0
U109807,2025-06-10,free,APAC,Referral,Mid-Market,1,0,15.0,1,4.7,0
U109808,2025-04-11,Business,LATAM,Paid,SMB,39,1131,9.0,2,3.5,0
U109809,2024-12-04,Free,EMEA,Referral,Mid-Market,1,0,4.0,0,,0
U109810,2024-12-17,Starter,EMEA,Organic,SMB,7,84,8.0,0,,0
U109811,2024-01-29,Starter,NA,Paid,SMB,6,72,8.0,1,4.4,1
U109812,2024-12-27,Free,LATAM,Organic,SMB,1,0,13.0,0,,0
U109813,2024-11-05,Business,NA,Organic,Mid-Market,6,174,17.0,1,4.5,0
U109814,2024-02-16,Free,NA,Referral,SMB,1,0,4.0,0,,0
U109815,2024-12-21,Free,APAC,Organic,SMB,1,0,0.0,0,,1
U109816,2024-10-14,Starter,EMEA,Referral,SMB,5,60,25.0,0,,1
U109817,2024-02-02,Free,NA,Organic,SMB,1,0,17.0,0,,0
U109818,2024-12-05,Business,NA,Organic,SMB,27,783,24.0,1,3.8,0
U109819,2024-07-26,Free,EMEA,Organic,SMB,1,0,13.0,0,,0
U109820,2024-10-27,Free,NA,Paid,SMB,1,0,0.0,0,,1
U109821,2024-01-01,Starter,EMEA,Referral,SMB,5,60,11.0,0,,0
U109822,2024-03-15,Enterprise,,Paid,Enterprise,208,10192,26.0,4,2.9,0
U109823,2025-05-28,Starter,APAC,Paid,Mid-Market,3,36,11.0,0,,0
U109824,2024-03-01,Business,EMEA,Referral,SMB,37,1073,21.0,1,3.7,0
U109825,2024-12-26,Starter,NA,Partner,SMB,6,72,21.0,1,3.9,0
U109826,2024-03-05,Free,APAC,Paid,Enterprise,1,0,9.0,0,,0
U109827,2025-02-25,Free,EMEA,Organic,SMB,1,0,5.0,0,,1
U109828,2025-06-14,Starter,EMEA,Organic,Mid-Market,5,60,12.0,1,3.7,0
U109829,2024-06-05,Business,APAC,Referral,Enterprise,18,522,35.0,5,3.3,0
U109830,2024-03-11,Starter,LATAM,Partner,Enterprise,7,84,19.0,2,2.9,0
U109831,2025-05-23,Business,NA,Organic,Enterprise,27,783,40.0,4,2.3,0
U109832,2025-06-07,Starter,EMEA,Referral,SMB,5,60,7.0,0,,0
U109833,2025-02-11,Starter,EMEA,Organic,SMB,4,48,9.0,0,,0
U109834,2024-02-16,Free,NA,Organic,SMB,1,0,6.0,0,,0
U109835,2025-05-01,Enterprise,NA,Organic,SMB,130,6370,33.0,8,3.7,0
U109836,2025-05-11,Starter,EMEA,Organic,Enterprise,3,36,24.0,2,3.7,0
U109837,2025-05-02,Free,NA,Organic,Mid-Market,1,0,8.0,1,3.3,1
U109838,2024-12-02,Starter,EMEA,Organic,SMB,2,24,5.0,2,3.7,1
U109839,2025-02-19,Free,APAC,Organic,SMB,1,0,2.0,1,3.7,1
U109840,2024-05-17,Starter,NA,Organic,Mid-Market,4,48,20.0,0,,0
U109841,2025-03-07,Business,NA,Organic,SMB,16,464,18.0,0,,0
U109842,2025-01-12,Business,EMEA,Referral,SMB,21,609,,0,,0
U109843,2025-03-25,Business,LATAM,Paid,SMB,17,493,9.0,1,3.8,0
U109844,2025-06-03,Starter,LATAM,Paid,SMB,2,24,15.0,1,4.0,0
U109845,2024-06-20,Free,LATAM,Partner,Enterprise,1,0,11.0,0,,1
U109846,2025-03-29,Free,NA,Paid,Enterprise,1,0,,0,,0
U109847,2024-02-11,Business,EMEA,Organic,SMB,28,812,25.0,1,4.3,0
U109848,2024-08-14,Starter,NA,Partner,Mid-Market,2,24,3.0,1,3.4,0
U109849,2025-03-25,Starter,NA,Referral,Mid-Market,2,24,17.0,1,4.3,0
U109850,2024-09-23,Free,APAC,Paid,SMB,1,0,6.0,3,3.2,0
U109851,2024-06-23,Business,LATAM,Organic,SMB,13,377,10.0,0,,0
U109852,2024-07-16,Starter,NA,Referral,SMB,2,24,22.0,1,4.2,1
U109853,2025-02-27,Free,NA,Organic,SMB,1,0,0.0,0,,0
U109854,2024-08-22,Enterprise,NA,Paid,Enterprise,85,4165,31.0,1,4.1,0
U109855,2025-01-05,Starter,NA,Organic,SMB,2,24,5.0,3,5.0,0
U109856,2024-07-12,Free,NA,Paid,Mid-Market,1,0,1.0,1,4.7,1
U109857,2024-09-09,Starter,APAC,Partner,Enterprise,3,36,12.0,2,2.8,1
U109858,2024-09-06,Free,APAC,Organic,Mid-Market,1,0,13.0,0,,0
U109859,2025-05-10,Free,APAC,Referral,SMB,1,0,7.0,0,,0
U109860,2025-06-12,Starter,APAC,Partner,Mid-Market,7,84,0.0,2,3.8,0
U109861,2025-03-31,Free,EMEA,Referral,Mid-Market,1,0,0.0,0,,0
U109862,2025-02-21,Free,EMEA,Referral,SMB,1,0,4.0,1,3.5,0
U109863,2024-11-28,Starter,LATAM,Organic,Enterprise,2,24,13.0,0,,0
U109864,2024-07-29,Free,NA,Paid,SMB,1,0,4.0,2,4.7,1
U109865,2024-08-14,Free,EMEA,Referral,Mid-Market,1,0,6.0,0,,0
U109866,2024-07-17,Enterprise,EMEA,Paid,Enterprise,150,7350,19.0,2,5.0,0
U109867,2024-07-11,Free,NA,Organic,SMB,1,0,0.0,0,,0
U109868,2025-01-22,Business,NA,Paid,Mid-Market,27,783,13.0,0,,0
U109869,2024-09-29,Starter,NA,Paid,Mid-Market,4,48,5.0,2,4.4,1
U109870,2024-06-30,Free,NA,Paid,SMB,1,0,0.0,1,3.3,0
U109871,2024-05-28,Free,APAC,Referral,SMB,1,0,3.0,1,4.2,0
U109872,2024-10-25,Starter,NA,Referral,SMB,4,48,10.0,1,5.0,0
U109873,2024-09-21,Free,APAC,Paid,SMB,1,0,0.0,0,,1
U109874,2024-08-03,Free,EMEA,Organic,SMB,1,0,8.0,0,,0
U109875,2024-03-18,Free,APAC,Referral,SMB,1,0,7.0,2,4.6,0
U109876,2024-06-12,Business,LATAM,Organic,Mid-Market,11,319,16.0,1,4.3,0
U109877,2024-06-29,Starter,EMEA,Organic,Enterprise,4,48,6.0,2,5.0,0
U109878,2024-10-28,Free,EMEA,Paid,Enterprise,1,0,0.0,0,,0
U109879,2024-11-12,Enterprise,NA,Paid,Mid-Market,139,6811,15.0,1,3.6,0
U109880,2025-04-28,Starter,APAC,Organic,SMB,6,72,7.0,3,5.0,0
U109881,2024-08-07,Free,APAC,Paid,Mid-Market,1,0,28.0,0,,0
U109882,2025-03-25,Free,APAC,Partner,SMB,1,0,4.0,0,,1
U109883,2024-09-22,Enterprise,APAC,Organic,SMB,250,12250,31.0,3,3.3,0
U109884,2024-04-09,Business,LATAM,Organic,SMB,21,609,27.0,1,4.0,0
U109885,2025-06-14,Free,NA,Organic,SMB,1,0,,1,2.7,0
U109886,2024-12-15,Free,APAC,Paid,Mid-Market,1,0,6.0,0,,0
U109887,2024-02-02,Free,NA,Referral,SMB,1,0,0.0,0,,0
U109888,2024-10-30,Free,NA,Referral,SMB,1,0,5.0,0,,0
U109889,2024-10-05,Business,NA,Organic,SMB,18,522,15.0,2,3.6,1
U109890,2024-01-22,Free,APAC,Referral,Enterprise,1,0,0.0,0,,1
U109891,2024-03-27,Free,EMEA,Organic,SMB,1,0,21.0,0,,0
U109892,2025-04-02,Free,APAC,Organic,SMB,1,0,18.0,0,,0
U109893,2025-04-17,Free,EMEA,Organic,SMB,1,0,3.0,1,5.0,1
U109894,2025-03-30,Business,LATAM,Paid,Mid-Market,27,783,26.0,1,5.0,0
U109895,2024-10-27,Enterprise,APAC,Organic,SMB,297,14553,20.0,2,3.6,0
U109896,2024-10-31,Starter,NA,Organic,Mid-Market,7,84,18.0,3,3.9,0
U109897,2025-05-17,Business,LATAM,Referral,SMB,13,377,21.0,2,3.8,1
U109898,2025-01-24,Free,LATAM,Organic,SMB,1,0,6.0,1,3.4,1
U109899,2025-01-23,Starter,EMEA,Organic,Enterprise,4,48,8.0,0,,0
U109900,2024-10-16,Free,LATAM,Partner,Mid-Market,1,0,0.0,0,,0
U109901,2024-11-06,Starter,EMEA,Organic,SMB,4,48,17.0,0,,0
U109902,2024-11-28,Free,NA,Paid,Mid-Market,1,0,1.0,0,,0
U109903,2025-06-12,Starter,EMEA,Paid,SMB,4,48,23.0,0,,1
U109904,2024-01-29,Starter,NA,Referral,SMB,4,48,16.0,1,4.0,0
U109905,2024-12-22,Free,NA,Paid,SMB,1,0,0.0,0,,0
U109906,2024-07-08,Starter,APAC,Organic,Mid-Market,2,24,9.0,0,,0
U109907,2024-09-09,Starter,LATAM,Paid,SMB,5,60,19.0,1,5.0,0
U109908,2024-04-16,Free,NA,Partner,SMB,1,0,6.0,0,,1
U109909,2024-05-28,Free,NA,Paid,Mid-Market,1,0,3.0,0,,0
U109910,2025-06-18,Starter,APAC,Organic,Mid-Market,6,72,14.0,0,,0
U109911,2024-03-30,Free,EMEA,Referral,SMB,1,0,2.0,0,,0
U109912,2024-03-29,Free,EMEA,Organic,SMB,1,0,2.0,0,,0
U109913,2024-06-28,Starter,NA,Organic,SMB,3,36,8.0,1,3.3,1
U109914,2024-10-02,Business,NA,Paid,SMB,16,464,29.0,1,3.2,0
U109915,2024-11-15,Business,EMEA,Referral,Mid-Market,27,783,2.0,0,,0
U109916,2024-10-08,Free,APAC,Organic,Mid-Market,1,0,1.0,0,,0
U109917,2024-08-17,Free,LATAM,Organic,SMB,1,0,2.0,0,,1
U109918,2024-11-04,Free,EMEA,Organic,SMB,1,0,15.0,0,,1
U109919,2024-07-21,Free,NA,Referral,SMB,1,0,0.0,1,4.6,0
U109920,2024-09-08,Free,APAC,Organic,Enterprise,1,0,5.0,0,,1
U109921,2024-11-05,Starter,NA,Organic,Mid-Market,5,60,,0,,0
U109922,2024-07-23,Starter,APAC,Partner,Enterprise,5,60,27.0,1,4.1,0
U109923,2025-03-04,Enterprise,NA,Organic,SMB,78,3822,,4,3.8,0
U109924,2024-02-24,Business,NA,Paid,Mid-Market,39,1131,6.0,1,3.9,1
U109925,2025-02-05,free,EMEA,Organic,SMB,1,0,0.0,0,,0
U109926,2024-05-02,Starter,NA,Paid,SMB,5,60,23.0,1,3.3,0
U109927,2025-01-18,Business,NA,Organic,SMB,8,232,29.0,0,,0
U109928,2025-04-29,Starter,,Paid,SMB,3,36,17.0,0,,0
U109929,2024-06-30,Free,EMEA,Referral,Mid-Market,1,0,13.0,1,4.4,0
U109930,2024-05-14,Starter,LATAM,Paid,Enterprise,7,84,12.0,1,3.5,0
U109931,2024-05-06,Starter,APAC,Referral,SMB,7,84,13.0,1,3.9,0
U109932,2025-03-01,Starter,APAC,Referral,SMB,2,24,25.0,1,3.5,0
U109933,2025-04-18,Enterprise,LATAM,Organic,SMB,233,11417,17.0,4,3.3,0
U109934,2024-09-01,Starter,APAC,Organic,Mid-Market,3,36,17.0,1,3.4,0
U109935,2024-12-30,Business,NA,Referral,SMB,24,696,23.0,1,3.9,0
U109936,2024-06-05,Starter,EMEA,Organic,Mid-Market,4,48,11.0,0,,0
U109937,2024-07-17,Free,NA,Referral,Mid-Market,1,0,0.0,1,4.1,0
U109938,2024-03-31,Free,NA,Paid,Enterprise,1,0,7.0,0,,0
U109939,2024-10-23,Free,NA,Organic,Mid-Market,1,0,6.0,2,3.5,1
U109940,2024-02-21,Business,NA,Organic,Enterprise,37,1073,17.0,2,4.2,1
U109941,2025-05-22,Business,APAC,Organic,Mid-Market,14,406,12.0,3,2.2,1
U109942,2024-08-07,Free,NA,Organic,SMB,1,0,6.0,0,,0
U109943,2025-05-27,Starter,NA,Organic,Mid-Market,5,60,11.0,0,,0
U109944,2024-10-18,Free,NA,Organic,SMB,1,0,0.0,0,,0
U109945,2025-06-03,Business,EMEA,Paid,SMB,37,1073,14.0,1,2.9,0
U109946,2025-02-23,Business,EMEA,Organic,SMB,17,493,5.0,2,3.2,1
U109947,2024-06-23,Business,EMEA,Paid,SMB,39,1131,17.0,1,4.1,1
U109948,2025-01-11,Free,NA,Organic,SMB,1,0,0.0,0,,1
U109949,2024-11-21,Business,NA,Referral,SMB,28,812,14.0,1,3.5,0
U109950,2025-01-09,Free,APAC,Organic,SMB,1,0,6.0,0,,0
U109951,2024-01-20,Business,APAC,Organic,SMB,6,174,21.0,1,4.3,0
U109952,2025-05-22,Business,NA,Paid,SMB,25,725,23.0,1,3.0,0
U109953,2024-07-10,Starter,APAC,Organic,SMB,2,24,25.0,2,5.0,0
U109954,2025-04-11,Free,NA,Organic,Mid-Market,1,0,11.0,1,4.1,0
U109955,2025-02-11,Business,NA,Referral,SMB,10,290,27.0,3,4.0,0
U109956,2024-11-04,Free,EMEA,Partner,SMB,1,0,0.0,1,3.2,0
U109957,2025-03-28,Free,EMEA,Referral,Mid-Market,1,0,10.0,0,,0
U109958,2024-06-13,Free,APAC,Partner,SMB,1,0,1.0,0,,0
U109959,2025-03-01,Free,EMEA,Organic,Mid-Market,1,0,4.0,0,,0
U109960,2025-03-16,Enterprise,APAC,Referral,SMB,230,11270,24.0,3,3.6,0
U109961,2024-11-03,Free,NA,Organic,Mid-Market,1,0,3.0,0,,0
U109962,2024-04-15,Business,EMEA,Organic,Enterprise,18,522,13.0,2,4.0,1
U109963,2025-02-25,Starter,EMEA,Referral,SMB,4,48,0.0,2,4.0,0
U109964,2024-09-26,Free,NA,Paid,Mid-Market,1,0,2.0,0,,0
U109965,2024-10-31,Starter,LATAM,Organic,Mid-Market,3,36,7.0,2,3.4,1
U109966,2024-06-23,Starter,APAC,Organic,SMB,5,60,22.0,0,,0
U109967,2024-02-24,Free,,Paid,Enterprise,1,0,8.0,1,5.0,1
U109968,2024-07-21,Starter,APAC,Paid,SMB,3,36,11.0,0,,0
U109969,2024-05-31,Business,EMEA,Paid,Mid-Market,39,1131,13.0,1,4.3,0
U109970,2025-02-05,Free,NA,Organic,SMB,1,0,0.0,0,,0
U109971,2024-01-14,Free,LATAM,Organic,SMB,1,0,7.0,0,,1
U109972,2024-10-26,Starter,NA,Organic,Enterprise,6,72,14.0,2,5.0,0
U109973,2025-04-07,Free,EMEA,Referral,SMB,1,0,1.0,0,,0
U109974,2024-11-23,Free,APAC,Organic,SMB,1,0,0.0,1,3.3,0
U109975,2024-06-07,Free,NA,Paid,SMB,1,0,0.0,2,4.5,0
U109976,2025-02-14,Starter,EMEA,Organic,Mid-Market,5,60,14.0,0,,1
U109977,2025-06-19,Starter,APAC,Organic,Mid-Market,7,84,6.0,0,,1
U109978,2024-04-24,Starter,NA,Referral,SMB,7,84,9.0,2,3.6,0
U109979,2025-03-08,Enterprise,,Organic,Mid-Market,190,9310,21.0,3,2.6,0
U109980,2025-03-14,Free,EMEA,Organic,SMB,1,0,3.0,0,,1
U109981,2024-07-27,Starter,LATAM,Organic,SMB,7,84,21.0,2,3.4,0
U109982,2025-02-05,Free,APAC,Referral,SMB,1,0,0.0,0,,0
U109983,2025-01-14,Free,EMEA,Paid,Mid-Market,1,0,16.0,1,3.1,0
U109984,2025-02-23,Free,NA,Organic,SMB,1,0,0.0,1,4.2,0
U109985,2024-06-02,Enterprise,NA,Organic,Mid-Market,242,11858,15.0,6,3.4,0
U109986,2024-09-10,Free,NA,Referral,SMB,1,0,0.0,0,,0
U109987,2024-03-02,Enterprise,NA,Paid,Enterprise,88,4312,24.0,3,3.4,0
U109988,2025-06-05,Free,EMEA,Organic,SMB,1,0,5.0,0,,0
U109989,2025-04-29,Starter,EMEA,Paid,SMB,4,48,15.0,0,,0
U109990,2025-05-04,Enterprise,APAC,Partner,SMB,131,6419,31.0,1,3.9,0
U109991,2025-02-08,Starter,APAC,Organic,SMB,2,24,4.0,0,,0
U109992,2024-12-11,Free,NA,Paid,SMB,1,0,1.0,0,,0
U109993,2024-06-25,Free,EMEA,Referral,Enterprise,1,0,0.0,0,,1
U109994,2025-03-31,Starter,NA,Organic,SMB,4,48,23.0,2,4.1,0
U109995,2024-11-22,Starter,LATAM,Organic,SMB,7,84,22.0,0,,0
U109996,2024-10-08,Business,NA,Organic,SMB,35,1015,16.0,1,3.6,0
U109997,2025-04-17,Business,NA,Referral,SMB,25,725,13.0,2,4.8,0
U109998,2024-01-11,Free,EMEA,Paid,SMB,1,0,1.0,0,,0
U109999,2024-11-29,Starter,EMEA,Organic,SMB,3,36,10.0,1,4.6,0
U110000,2024-07-22,Free,APAC,Organic,SMB,1,0,5.0,0,,0
U110001,2024-02-02,Starter,APAC,Paid,Mid-Market,2,24,12.0,0,,0
U110002,2025-01-11,Free,APAC,Organic,SMB,1,0,8.0,0,,0
U110003,2025-03-04,Starter,,Organic,SMB,7,84,14.0,0,,0
U110004,2024-07-19,Free,NA,Paid,SMB,1,0,4.0,0,,0
U110005,2024-11-21,Starter,EMEA,Paid,SMB,4,48,16.0,3,4.0,0
U110006,2025-02-15,Free,NA,Paid,SMB,1,0,9.0,0,,0
U110007,2024-04-30,Free,NA,Organic,Mid-Market,1,0,9.0,0,,0
U110008,2025-01-02,Free,NA,Referral,SMB,1,0,7.0,1,3.8,0
U110009,2024-09-20,Free,EMEA,Organic,Enterprise,1,0,22.0,0,,0
U110010,2024-04-04,Free,EMEA,Organic,Mid-Market,1,0,7.0,0,,1
U110011,2024-11-20,Free,NA,Organic,Mid-Market,1,0,1.0,2,5.0,0
U110012,2024-10-26,Starter,NA,Paid,SMB,5,60,0.0,1,3.3,0
U110013,2025-04-15,Free,APAC,Partner,SMB,1,0,6.0,1,3.2,0
U110014,2024-11-03,Free,APAC,Organic,Mid-Market,1,0,0.0,0,,1
U110015,2024-07-04,Business,LATAM,Organic,Mid-Market,13,377,27.0,1,4.5,0
U110016,2024-09-14,Free,LATAM,Organic,Mid-Market,1,0,6.0,1,3.5,1
U110017,2024-01-31,Free,EMEA,Organic,Mid-Market,1,0,4.0,0,,0
U110018,2024-08-07,Free,NA,Organic,SMB,1,0,10.0,0,,0
U110019,2024-12-10,Free,APAC,Partner,Mid-Market,1,0,13.0,0,,1
U110020,2024-07-13,Free,APAC,Organic,SMB,1,0,0.0,0,,0
U110021,2024-06-21,Free,LATAM,Organic,SMB,1,0,8.0,0,,0
U110022,2024-09-16,Enterprise,NA,Paid,SMB,136,6664,20.0,4,5.0,1
U110023,2024-09-07,Starter,NA,Organic,SMB,2,24,19.0,1,4.7,0
U110024,2024-01-28,Free,EMEA,Organic,Mid-Market,1,0,2.0,0,,0
U110025,2024-10-01,Business,EMEA,Organic,SMB,18,522,27.0,3,4.4,0
U110026,2024-06-10,Business,EMEA,Paid,SMB,26,754,22.0,0,,0
U110027,2024-06-01,Free,NA,Organic,Enterprise,1,0,11.0,0,,0
U110028,2025-01-17,Starter,EMEA,Organic,SMB,6,72,21.0,2,3.7,0
U110029,2024-01-01,Business,LATAM,Referral,SMB,26,754,19.0,1,3.5,0
U110030,2025-06-10,Starter,APAC,Organic,SMB,7,84,9.0,1,4.7,1
U110031,2024-11-07,Starter,EMEA,Organic,Mid-Market,6,72,14.0,1,4.1,0
U110032,2024-07-01,Free,EMEA,Organic,SMB,1,0,14.0,0,,0
U110033,2024-09-28,Business,,Referral,Enterprise,34,986,20.0,0,,0
U110034,2025-03-05,Free,NA,Organic,Enterprise,1,0,0.0,0,,0
U110035,2024-04-14,Free,NA,Paid,SMB,1,0,4.0,0,,0
U110036,2024-02-11,Free,NA,Paid,SMB,1,0,1.0,0,,0
U110037,2025-04-28,Business,APAC,Organic,SMB,33,957,12.0,5,1.8,1
U110038,2024-06-21,Free,LATAM,Organic,SMB,1,0,8.0,1,4.4,0
U110039,2024-08-04,Free,APAC,Organic,Mid-Market,1,0,6.0,1,4.5,0
U110040,2024-03-25,Enterprise,APAC,Paid,Enterprise,199,9751,22.0,1,4.8,0
U110041,2024-05-22,Free,EMEA,Referral,SMB,1,0,0.0,1,4.8,0
U110042,2024-01-09,Starter,EMEA,Organic,SMB,2,24,15.0,1,2.5,0
U110043,2024-08-31,Free,EMEA,Referral,SMB,1,0,5.0,0,,0
U110044,2024-10-20,Free,NA,Organic,Mid-Market,1,0,0.0,0,,0
U110045,2024-01-15,Starter,NA,Organic,SMB,6,72,1.0,1,4.1,0
U110046,2025-02-21,Free,LATAM,Organic,Mid-Market,1,0,1.0,0,,1
U110047,2024-05-01,Free,APAC,Referral,SMB,1,0,3.0,0,,0
U110048,2024-11-21,Free,,Organic,SMB,1,0,0.0,0,,0
U110049,2024-04-12,Free,NA,Organic,SMB,1,0,8.0,1,3.2,0
U110050,2024-07-24,Business,EMEA,Organic,Mid-Market,25,725,19.0,1,4.2,0
U110051,2025-06-17,Free,NA,Organic,Mid-Market,1,0,7.0,0,,0
U110052,2024-07-23,Free,NA,Organic,SMB,1,0,0.0,0,,1
U110053,2024-04-05,Business,EMEA,Organic,Mid-Market,37,1073,13.0,3,3.7,0
U110054,2024-06-03,Starter,EMEA,Organic,SMB,7,84,25.0,0,,0
U110055,2025-04-21,Business,NA,Organic,SMB,16,464,24.0,1,4.2,0
U110056,2025-06-07,Starter,APAC,Partner,SMB,4,48,23.0,0,,0
U110057,2024-12-09,Starter,EMEA,Paid,Mid-Market,3,36,18.0,0,,0
U110058,2024-08-25,Free,NA,Organic,Mid-Market,1,0,21.0,0,,1
U110059,2024-09-24,Business,NA,Organic,SMB,9,261,29.0,1,4.3,0
U110060,2025-01-08,Enterprise,NA,Referral,Mid-Market,178,8722,21.0,0,,0
U110061,2025-04-16,Starter,EMEA,Paid,SMB,3,36,15.0,3,2.4,1
U110062,2025-04-29,Starter,APAC,Organic,SMB,7,84,5.0,2,5.0,0
U110063,2024-03-12,Starter,NA,Organic,Mid-Market,5,60,23.0,0,,0
U110064,2024-08-05,Starter,APAC,Organic,Mid-Market,6,72,10.0,3,4.2,0
U110065,2024-09-08,Business,EMEA,Partner,SMB,27,783,19.0,1,3.9,0
U110066,2024-03-26,Enterprise,EMEA,Organic,SMB,105,5145,35.0,2,5.0,0
U110067,2024-01-19,Business,APAC,Referral,SMB,38,1102,14.0,1,5.0,1
U110068,2025-03-21,Business,NA,Referral,SMB,37,1073,3.0,0,,0
U110069,2024-03-04,Business,,Paid,Mid-Market,7,203,19.0,5,3.7,0
U110070,2024-06-08,Starter,NA,Referral,SMB,7,84,1.0,1,4.9,0
U110071,2024-08-29,Enterprise,NA,Organic,Mid-Market,249,12201,32.0,5,4.8,0
U110072,2024-07-28,Free,EMEA,Referral,SMB,1,0,3.0,0,,0
U110073,2024-06-05,Enterprise,,Partner,SMB,153,7497,25.0,0,,0
U110074,2024-04-16,Enterprise,NA,Referral,SMB,119,5831,24.0,4,3.1,0
U110075,2024-07-10,Free,NA,Partner,SMB,1,0,24.0,1,4.2,0
U110076,2024-03-01,Free,APAC,Organic,SMB,1,0,8.0,1,4.6,0
U110077,2024-10-10,Free,APAC,Partner,Mid-Market,1,0,15.0,0,,0
U110078,2024-07-17,Starter,NA,Organic,SMB,4,48,18.0,1,3.1,0
U110079,2024-07-22,Starter,EMEA,Paid,SMB,6,72,10.0,0,,0
U110080,2024-04-12,Free,APAC,Organic,Mid-Market,1,0,4.0,1,4.3,0
U110081,2024-05-08,Business,APAC,Paid,SMB,21,609,11.0,0,,0
U110082,2025-04-07,Free,APAC,Organic,Mid-Market,1,0,0.0,0,,0
U110083,2024-01-20,Business,EMEA,Organic,SMB,24,696,37.0,0,,0
U110084,2024-06-10,Free,APAC,Organic,SMB,1,0,14.0,1,5.0,0
U110085,2024-11-18,Free,APAC,Referral,Enterprise,1,0,19.0,0,,1
U110086,2024-07-31,Free,NA,Organic,Mid-Market,1,0,5.0,0,,1
U110087,2024-06-25,Starter,NA,Referral,Mid-Market,7,84,19.0,1,3.7,0
U110088,2025-04-15,Free,EMEA,Referral,SMB,1,0,0.0,0,,0
U110089,2024-07-24,Starter,NA,Referral,SMB,4,48,21.0,2,4.0,0
U110090,2025-02-07,Free,EMEA,Organic,SMB,1,0,0.0,0,,0
U110091,2024-03-18,Starter,LATAM,Organic,Mid-Market,6,72,18.0,2,5.0,1
U110092,2025-06-11,Starter,LATAM,Partner,Mid-Market,4,48,8.0,2,3.7,0
U110093,2025-03-30,Business,NA,Paid,Enterprise,12,348,15.0,0,,1
U110094,2025-04-19,Business,APAC,Organic,SMB,33,957,21.0,5,2.3,1
U110095,2025-06-18,Starter,APAC,Organic,SMB,5,60,16.0,2,4.0,0
U110096,2024-01-31,Free,EMEA,Referral,Mid-Market,1,0,14.0,0,,0
U110097,2024-10-07,Starter,NA,Organic,SMB,7,84,8.0,0,,0
U110098,2024-12-17,Business,APAC,Organic,Mid-Market,39,1131,12.0,5,2.5,0
U110099,2024-06-24,Free,APAC,Organic,SMB,1,0,0.0,0,,0
U110100,2024-08-18,Free,EMEA,Organic,SMB,1,0,1.0,1,4.4,0
U110101,2024-07-14,Free,NA,Partner,SMB,1,0,19.0,0,,0
U110102,2025-04-29,Starter,LATAM,Paid,SMB,3,36,16.0,0,,0
U110103,2025-04-26,Free,APAC,Organic,SMB,1,0,5.0,0,,0
U110104,2024-02-09,Starter,NA,Organic,Enterprise,7,84,18.0,0,,0
U110105,2024-02-15,Free,EMEA,Organic,Mid-Market,1,0,7.0,0,,0
U110106,2025-05-10,Starter,NA,Organic,Mid-Market,6,72,2.0,1,5.0,0
U110107,2024-01-21,Free,NA,Partner,SMB,1,0,0.0,0,,0
U110108,2025-06-11,Free,NA,Organic,Mid-Market,1,0,3.0,0,,0
U110109,2024-07-29,Starter,NA,Organic,SMB,2,24,0.0,0,,1
U110110,2025-04-18,Free,APAC,Organic,Enterprise,1,0,2.0,0,,1
U110111,2024-10-26,Starter,EMEA,Paid,SMB,7,84,6.0,0,,1
U110112,2025-02-23,Starter,NA,Organic,Enterprise,5,60,0.0,0,,0
U110113,2024-10-29,Starter,NA,Organic,SMB,5,60,11.0,1,5.0,1
U110114,2024-04-24,Free,NA,Paid,SMB,1,0,4.0,0,,0
U110115,2024-12-21,Free,NA,Organic,Mid-Market,1,0,3.0,1,5.0,0
U110116,2025-03-11,Free,APAC,Organic,Mid-Market,1,0,15.0,0,,0
U110117,2024-12-25,Starter,NA,Paid,SMB,7,84,12.0,0,,0
U110118,2025-05-05,Starter,NA,Referral,SMB,7,84,17.0,0,,0
U110119,2025-01-15,Free,EMEA,Organic,SMB,1,0,8.0,0,,1
U110120,2024-07-28,Free,NA,Partner,Enterprise,1,0,4.0,1,4.2,1
U110121,2025-03-13,Free,,Organic,SMB,1,0,3.0,1,3.7,1
U110122,2024-10-07,Free,NA,Organic,SMB,1,0,11.0,1,3.9,0
U110123,2024-12-14,Free,NA,Referral,Mid-Market,1,0,11.0,0,,0
U110124,2024-09-08,Free,NA,Paid,Mid-Market,1,0,7.0,0,,1
U110125,2025-01-31,Starter,EMEA,Partner,SMB,7,84,0.0,1,2.7,0
U110126,2025-05-10,Free,NA,Partner,SMB,1,0,10.0,1,3.2,0
U110127,2024-02-07,Starter,EMEA,Organic,Enterprise,3,36,20.0,1,5.0,0
U110128,2025-05-27,Free,NA,Paid,Enterprise,1,0,5.0,2,4.3,0
U110129,2024-01-22,Free,APAC,Organic,Mid-Market,1,0,0.0,0,,0
U110130,2024-11-16,Starter,EMEA,Paid,Mid-Market,5,60,5.0,0,,1
U110131,2024-09-26,Free,EMEA,Partner,SMB,1,0,2.0,1,4.4,1
U110132,2025-03-10,Starter,LATAM,Referral,SMB,4,48,14.0,0,,0
U110133,2024-04-18,Free,EMEA,Paid,SMB,1,0,6.0,0,,0
U110134,2025-01-16,Starter,NA,Organic,SMB,4,48,12.0,0,,0
U110135,2024-08-03,Free,LATAM,Organic,Enterprise,1,0,23.0,0,,0
U110136,2024-01-30,Free,EMEA,Partner,SMB,1,0,7.0,2,3.8,0
U110137,2024-02-13,Free,LATAM,Organic,SMB,1,0,12.0,0,,1
U110138,2024-12-15,Free,NA,Organic,Mid-Market,1,0,3.0,0,,0
U110139,2024-11-20,Free,NA,Organic,SMB,1,0,4.0,0,,0
U110140,2025-01-24,Business,EMEA,Organic,SMB,38,1102,,2,4.5,0
U110141,2024-09-28,Free,APAC,Organic,Mid-Market,1,0,7.0,0,,1
U110142,2024-01-30,Business,NA,Paid,Enterprise,13,377,16.0,1,4.7,0
U110143,2024-05-27,Free,NA,Organic,SMB,1,0,9.0,0,,0
U110144,2024-07-13,Free,EMEA,Paid,Mid-Market,1,0,13.0,0,,0
U110145,2025-01-22,Free,APAC,Referral,Enterprise,1,0,5.0,0,,0
U110146,2024-12-19,Business,EMEA,Referral,SMB,26,754,22.0,2,4.0,0
U110147,2024-06-20,Starter,EMEA,Partner,Enterprise,3,36,10.0,1,4.2,0
U110148,2024-10-03,Starter,EMEA,Paid,Mid-Market,7,84,6.0,0,,0
U110149,2025-01-22,Enterprise,APAC,Referral,SMB,130,6370,30.0,2,3.5,0
U110150,2024-08-02,Starter,EMEA,Organic,Enterprise,5,60,9.0,0,,0
U110151,2024-12-11,free,NA,Organic,Mid-Market,1,0,5.0,0,,1
U110152,2024-03-16,Enterprise,APAC,Organic,Mid-Market,44,2156,27.0,2,4.2,0
U110153,2024-06-29,Business,EMEA,Referral,SMB,5,145,33.0,1,3.3,0
U110154,2025-05-25,Enterprise,NA,Partner,SMB,152,7448,31.0,5,3.5,0
U110155,2025-04-24,Free,,Organic,SMB,1,0,10.0,1,5.0,1
U110156,2025-06-09,Free,APAC,Organic,Mid-Market,1,0,7.0,0,,0
U110157,2025-03-23,Free,APAC,Organic,SMB,1,0,8.0,0,,1
U110158,2024-11-02,Starter,NA,Referral,SMB,5,60,3.0,0,,0
U110159,2025-01-19,Starter,EMEA,Referral,SMB,3,36,13.0,0,,0
U110160,2024-08-16,Enterprise,EMEA,Partner,SMB,298,14602,33.0,5,4.3,1
U110161,2025-01-20,Free,NA,Organic,SMB,1,0,0.0,1,3.7,0
U110162,2025-05-04,Business,NA,Organic,SMB,25,725,20.0,1,4.1,0
U110163,2025-04-18,Business,LATAM,Paid,SMB,5,145,17.0,1,3.4,0
U110164,2025-01-28,Free,NA,Organic,Mid-Market,1,0,3.0,0,,0
U110165,2024-04-16,Business,NA,Organic,SMB,21,609,20.0,4,3.3,0
U110166,2024-04-22,Starter,LATAM,Paid,SMB,4,48,6.0,2,2.5,0
U110167,2024-07-26,Starter,NA,Organic,SMB,6,72,11.0,1,4.2,0
U110168,2025-01-25,Free,NA,Paid,Mid-Market,1,0,15.0,0,,0
U110169,2025-04-02,Starter,EMEA,Partner,Mid-Market,6,72,14.0,0,,1
U110170,2024-08-12,Starter,EMEA,Paid,SMB,3,36,18.0,1,3.4,0
U110171,2025-03-26,Starter,APAC,Partner,Enterprise,2,24,0.0,1,3.3,0
U110172,2025-06-03,Business,APAC,Partner,SMB,9,261,22.0,2,3.3,1
U110173,2024-03-28,Starter,NA,Partner,SMB,6,72,14.0,0,,0
U110174,2024-03-11,starter,EMEA,Paid,Mid-Market,2,24,17.0,0,,0
U110175,2024-10-17,free,EMEA,Organic,Mid-Market,1,0,0.0,0,,1
U110176,2024-11-30,Starter,EMEA,Paid,Mid-Market,7,84,32.0,3,4.4,1
U110177,2024-05-22,Starter,NA,Paid,SMB,5,60,16.0,0,,0
U110178,2025-04-01,Free,,Paid,SMB,1,0,7.0,0,,1
U110179,2025-04-02,Free,EMEA,Organic,SMB,1,0,0.0,0,,0
U110180,2025-03-26,Starter,EMEA,Paid,Mid-Market,7,84,17.0,1,4.4,0
U110181,2025-06-01,Free,NA,Partner,SMB,1,0,20.0,0,,0
U110182,2024-02-17,Free,EMEA,Organic,SMB,1,0,10.0,1,3.7,1
U110183,2025-03-09,Starter,EMEA,Organic,SMB,6,72,8.0,1,4.7,0
U110184,2024-10-12,Free,NA,Paid,SMB,1,0,3.0,0,,0
U110185,2025-02-01,Free,EMEA,Organic,Mid-Market,1,0,0.0,0,,0
U110186,2024-01-30,Starter,NA,Organic,SMB,6,72,13.0,0,,0
U110187,2025-06-01,Starter,LATAM,Partner,SMB,2,24,13.0,1,3.6,0
U110188,2025-05-19,Free,EMEA,Organic,SMB,1,0,6.0,0,,1
U110189,2025-03-27,Free,APAC,Paid,SMB,1,0,17.0,0,,0
U110190,2024-11-04,Free,NA,Organic,Mid-Market,1,0,15.0,0,,0
U110191,2025-05-31,Starter,EMEA,Paid,SMB,3,36,13.0,1,4.2,1
U110192,2024-04-12,Starter,NA,Paid,SMB,2,24,15.0,3,4.4,0
U110193,2024-09-17,Enterprise,EMEA,Paid,Enterprise,164,8036,23.0,3,3.1,0
U110194,2024-09-22,Free,EMEA,Paid,SMB,1,0,0.0,2,3.6,1
U110195,2024-12-01,Free,EMEA,Organic,Mid-Market,1,0,6.0,2,4.4,0
U110196,2024-12-19,Free,NA,Paid,Enterprise,1,0,9.0,0,,0
U110197,2024-09-01,Free,NA,Paid,SMB,1,0,4.0,0,,0
U110198,2025-05-15,Business,NA,Partner,Mid-Market,11,319,7.0,2,4.7,0
U110199,2025-04-14,Enterprise,EMEA,Paid,SMB,166,8134,26.0,1,4.2,0
U110200,2025-05-14,Free,LATAM,Organic,SMB,1,0,0.0,0,,0
U110201,2024-06-26,Starter,EMEA,Organic,SMB,4,48,12.0,3,3.6,0
U110202,2024-11-25,Starter,NA,Paid,SMB,6,72,9.0,2,3.9,0
U110203,2024-09-01,Free,NA,Organic,Enterprise,1,0,6.0,0,,0
U110204,2025-04-30,Starter,EMEA,Organic,SMB,2,24,18.0,1,4.8,0
U110205,2025-03-19,Free,APAC,Organic,SMB,1,0,16.0,0,,0
U110206,2024-07-04,Free,EMEA,Organic,SMB,1,0,6.0,0,,1
U110207,2024-01-17,Free,EMEA,Organic,Mid-Market,1,0,18.0,0,,0
U110208,2025-02-19,Starter,NA,Paid,SMB,4,48,18.0,2,3.7,0
U110209,2024-01-02,Free,APAC,Organic,SMB,1,0,6.0,0,,1
U110210,2024-05-22,Free,NA,Organic,Enterprise,1,0,3.0,0,,1
U110211,2024-01-03,Free,EMEA,Paid,SMB,1,0,0.0,0,,0
U110212,2024-04-15,Starter,EMEA,Organic,Mid-Market,4,48,20.0,0,,0
U110213,2024-12-15,Free,EMEA,Organic,SMB,1,0,9.0,0,,0
U110214,2024-03-15,Business,LATAM,Partner,SMB,7,203,18.0,2,2.7,1
U110215,2025-02-20,Starter,NA,Organic,SMB,3,36,11.0,0,,0
U110216,2025-04-26,Starter,APAC,Organic,SMB,3,36,10.0,0,,0
U110217,2025-04-16,Starter,EMEA,Partner,SMB,2,24,15.0,0,,0
U110218,2024-05-15,Starter,NA,Paid,SMB,6,72,0.0,0,,0
U110219,2024-08-23,Starter,EMEA,Paid,SMB,2,24,12.0,0,,0
U110220,2024-07-14,Free,APAC,Referral,Mid-Market,1,0,5.0,2,5.0,0
U110221,2025-04-21,Free,EMEA,Paid,Mid-Market,1,0,3.0,1,5.0,0
U110222,2024-12-10,Free,EMEA,Organic,SMB,1,0,3.0,0,,0
U110223,2025-06-23,Starter,EMEA,Organic,Mid-Market,6,72,19.0,1,4.4,0
U110224,2024-06-28,Starter,NA,Organic,SMB,4,48,22.0,0,,0
U110225,2024-08-12,Free,EMEA,Organic,Enterprise,1,0,0.0,0,,1
U110226,2025-06-08,Free,NA,Paid,SMB,1,0,20.0,1,3.6,0
U110227,2024-07-01,Starter,,Organic,SMB,4,48,,2,3.4,0
U110228,2025-02-16,Starter,EMEA,Organic,Mid-Market,5,60,20.0,2,4.7,0
U110229,2024-09-29,Free,APAC,Organic,Mid-Market,1,0,5.0,1,5.0,0
U110230,2025-06-21,Enterprise,NA,Referral,Enterprise,274,13426,28.0,4,3.9,0
U110231,2024-09-27,Business,LATAM,Paid,SMB,33,957,33.0,2,4.5,0
U110232,2024-06-12,Starter,EMEA,Referral,SMB,7,84,21.0,1,4.7,0
U110233,2024-03-14,Free,EMEA,Organic,Mid-Market,1,0,12.0,0,,0
U110234,2024-12-08,Free,NA,Paid,SMB,1,0,10.0,0,,0
U110235,2025-01-14,Starter,NA,Organic,Mid-Market,5,60,19.0,0,,0
U110236,2025-03-17,Free,LATAM,Organic,SMB,1,0,0.0,1,3.4,0
U110237,2024-03-07,Starter,APAC,Organic,SMB,5,60,18.0,2,3.7,1
U110238,2024-02-26,Starter,LATAM,Referral,Mid-Market,3,36,9.0,2,3.5,1
U110239,2024-04-11,Business,NA,Paid,Mid-Market,11,319,1.0,1,4.9,0
U110240,2024-10-27,Free,EMEA,Referral,SMB,1,0,0.0,0,,1
U110241,2025-03-28,Free,APAC,Partner,SMB,1,0,7.0,0,,0
U110242,2025-02-28,Free,NA,Referral,SMB,1,0,0.0,0,,1
U110243,2024-03-25,Starter,LATAM,Paid,SMB,7,84,20.0,0,,0
U110244,2024-09-17,Free,NA,Paid,SMB,1,0,8.0,0,,0
U110245,2024-03-12,Free,LATAM,Partner,SMB,1,0,16.0,0,,0
U110246,2024-04-29,Free,LATAM,Organic,Mid-Market,1,0,6.0,1,3.3,0
U110247,2024-05-04,Starter,NA,Organic,Mid-Market,6,72,12.0,0,,1
U110248,2025-06-05,Free,NA,Organic,SMB,1,0,0.0,0,,0
U110249,2024-05-30,Free,NA,Paid,Mid-Market,1,0,9.0,1,4.3,0
U110250,2024-12-17,Starter,LATAM,Organic,SMB,4,48,19.0,1,3.3,0
U110251,2024-05-24,Free,EMEA,Paid,Mid-Market,1,0,7.0,1,4.4,1
U110252,2025-06-22,Free,NA,Referral,SMB,1,0,0.0,1,4.4,1
U110253,2024-12-04,Enterprise,EMEA,Organic,Mid-Market,67,3283,20.0,3,4.5,0
U110254,2024-09-06,Business,APAC,Paid,SMB,21,609,27.0,2,2.4,0
U110255,2024-11-13,Free,EMEA,Referral,SMB,1,0,20.0,0,,0
U110256,2024-03-01,Free,APAC,Paid,Mid-Market,1,0,0.0,0,,0
U110257,2024-08-15,Free,NA,Organic,SMB,1,0,8.0,0,,0
U110258,2024-05-17,Free,NA,Organic,Mid-Market,1,0,4.0,0,,0
U110259,2024-12-04,Free,EMEA,Organic,Mid-Market,1,0,0.0,0,,0
U110260,2024-07-11,Free,NA,Organic,SMB,1,0,4.0,0,,1
U110261,2024-07-14,Starter,NA,Organic,SMB,3,36,5.0,0,,0
U110262,2024-05-16,Free,EMEA,Organic,SMB,1,0,7.0,0,,0
U110263,2024-07-19,Starter,EMEA,Referral,SMB,4,48,12.0,0,,0
U110264,2024-05-13,Free,EMEA,Organic,Enterprise,1,0,0.0,0,,0
U110265,2025-04-25,Starter,APAC,Paid,Enterprise,2,24,27.0,1,4.5,0
U110266,2024-05-12,Free,EMEA,Partner,SMB,1,0,0.0,0,,0
U110267,2024-12-29,Free,EMEA,Organic,SMB,1,0,5.0,0,,0
U110268,2025-05-15,Free,,Paid,Mid-Market,1,0,0.0,0,,0
U110269,2025-03-25,Enterprise,LATAM,Organic,Enterprise,242,11858,12.0,3,4.3,0
U110270,2024-07-28,Free,NA,Partner,SMB,1,0,7.0,0,,0
U110271,2024-05-05,Enterprise,LATAM,Organic,Enterprise,228,11172,7.0,0,,0
U110272,2025-02-03,Free,NA,Referral,SMB,1,0,3.0,1,3.7,0
U110273,2024-06-28,Business,APAC,Organic,Enterprise,18,522,17.0,1,4.3,0
U110274,2024-12-19,Starter,APAC,Paid,SMB,3,36,3.0,1,3.5,0
U110275,2025-04-15,Free,APAC,Paid,SMB,1,0,12.0,1,4.4,0
U110276,2024-05-22,Free,EMEA,Paid,SMB,1,0,2.0,0,,0
U110277,2025-03-20,Free,APAC,Organic,SMB,1,0,3.0,0,,1
U110278,2024-08-29,Enterprise,LATAM,Organic,SMB,275,13475,34.0,0,,0
U110279,2025-06-20,Starter,EMEA,Organic,SMB,4,48,12.0,0,,0
U110280,2024-11-02,Free,EMEA,Paid,SMB,1,0,11.0,0,,0
U110281,2024-03-20,Starter,APAC,Referral,Enterprise,5,60,28.0,1,3.6,0
U110282,2025-01-07,Free,,Organic,SMB,1,0,7.0,0,,0
U110283,2024-03-03,Starter,NA,Referral,Mid-Market,4,48,12.0,1,4.1,0
U110284,2025-04-10,Free,NA,Paid,Mid-Market,1,0,5.0,0,,0
U110285,2025-05-08,free,NA,Paid,SMB,1,0,13.0,0,,0
U110286,2025-03-25,Free,NA,Organic,Mid-Market,1,0,9.0,0,,0
U110287,2024-08-10,Business,APAC,Referral,Mid-Market,24,696,9.0,0,,0
U110288,2024-12-02,Starter,APAC,Paid,Enterprise,3,36,16.0,1,4.7,0
U110289,2024-01-22,Free,LATAM,Organic,Mid-Market,1,0,0.0,0,,0
U110290,2025-01-06,Starter,APAC,Paid,SMB,5,60,6.0,1,3.0,1
U110291,2025-04-17,Business,LATAM,Paid,Enterprise,10,290,10.0,1,3.6,0
U110292,2025-04-16,Starter,EMEA,Organic,SMB,6,72,0.0,2,4.3,1
U110293,2024-05-30,Starter,NA,Paid,Enterprise,7,84,10.0,1,2.9,0
U110294,2025-03-26,Starter,NA,Partner,Mid-Market,2,24,18.0,1,4.3,0
U110295,2025-03-12,Free,NA,Partner,SMB,1,0,5.0,0,,1
U110296,2024-11-20,Starter,EMEA,Paid,Mid-Market,5,60,19.0,1,5.0,0
U110297,2025-04-01,Free,NA,Paid,SMB,1,0,0.0,0,,0
U110298,2024-12-16,Starter,NA,Organic,Mid-Market,6,72,11.0,0,,0
U110299,2025-04-29,Free,APAC,Organic,SMB,1,0,12.0,1,3.8,1
U110300,2024-12-01,Free,EMEA,Organic,Enterprise,1,0,13.0,0,,0
U110301,2024-08-09,Starter,LATAM,Organic,SMB,3,36,18.0,0,,0
U110302,2024-02-08,Free,NA,Organic,Mid-Market,1,0,15.0,0,,0
U110303,2024-07-10,Starter,LATAM,Organic,Mid-Market,7,84,16.0,0,,0
U110304,2024-08-22,Free,NA,Organic,SMB,1,0,0.0,0,,0
U110305,2024-10-07,Starter,EMEA,Paid,SMB,3,36,11.0,1,4.7,0
U110306,2024-05-28,Starter,APAC,Organic,SMB,5,60,5.0,3,4.3,0
U110307,2024-09-03,Free,NA,Organic,Mid-Market,1,0,8.0,0,,0
U110308,2025-04-01,Free,NA,Referral,Enterprise,1,0,6.0,2,4.0,0
U110309,2024-04-04,Business,NA,Paid,Mid-Market,7,203,23.0,2,3.3,0
U110310,2024-04-29,Free,NA,Organic,SMB,1,0,,1,4.1,0
U110311,2024-03-27,Business,APAC,Paid,Mid-Market,23,667,26.0,4,4.0,0
U110312,2024-07-27,Free,NA,Organic,Mid-Market,1,0,11.0,0,,0
U110313,2024-09-20,Free,NA,Organic,Mid-Market,1,0,0.0,0,,0
U110314,2025-04-30,Starter,EMEA,Organic,SMB,7,84,5.0,1,2.3,0
U110315,2025-02-23,Starter,EMEA,Organic,SMB,4,48,18.0,2,2.8,0
U110316,2025-03-11,Free,APAC,Organic,SMB,1,0,0.0,0,,1
U110317,2024-02-07,Enterprise,NA,Referral,SMB,46,2254,22.0,1,4.4,0
U110318,2024-07-20,Starter,NA,Paid,SMB,3,36,5.0,0,,0
U110319,2025-06-01,Free,APAC,Organic,Enterprise,1,0,11.0,0,,1
U110320,2024-11-28,Free,LATAM,Organic,SMB,1,0,5.0,0,,0
U110321,2024-08-06,Free,APAC,Referral,Mid-Market,1,0,7.0,0,,0
U110322,2025-04-25,Starter,NA,Partner,SMB,6,72,0.0,0,,0
U110323,2024-09-25,Free,EMEA,Paid,SMB,1,0,0.0,0,,0
U110324,2024-08-28,Business,NA,Organic,Mid-Market,39,1131,19.0,0,,0
U110325,2025-05-25,Business,NA,Organic,SMB,17,493,14.0,1,4.8,1
U110326,2024-09-23,Free,,Organic,SMB,1,0,0.0,2,4.1,0
U110327,2024-08-28,Free,LATAM,Organic,SMB,1,0,0.0,0,,1
U110328,2025-03-02,Free,EMEA,Paid,Enterprise,1,0,5.0,0,,0
U110329,2025-02-23,Starter,APAC,Organic,Mid-Market,6,72,,0,,0
U110330,2025-04-04,Free,APAC,Partner,SMB,1,0,2.0,0,,0
U110331,2024-02-11,Free,EMEA,Paid,Enterprise,1,0,9.0,1,4.2,1
U110332,2024-05-05,Starter,EMEA,Referral,Mid-Market,7,84,3.0,0,,0
U110333,2024-02-19,Starter,NA,Organic,Mid-Market,4,48,9.0,1,2.4,1
U110334,2024-10-12,Free,APAC,Organic,SMB,1,0,9.0,1,3.8,1
U110335,2025-03-27,Free,NA,Organic,SMB,1,0,5.0,0,,0
U110336,2024-09-26,Business,LATAM,Referral,Enterprise,33,957,8.0,1,2.9,0
U110337,2024-09-29,Business,EMEA,Paid,Enterprise,35,1015,21.0,2,5.0,0
U110338,2024-10-02,Free,APAC,Paid,SMB,1,0,13.0,0,,0
U110339,2025-06-07,enterprise,NA,Partner,SMB,89,4361,30.0,3,4.4,0
U110340,2024-09-05,Business,EMEA,Paid,Enterprise,14,406,25.0,3,4.2,0
U110341,2025-05-15,Starter,NA,Paid,Enterprise,7,84,8.0,0,,0
U110342,2025-02-15,Starter,EMEA,Organic,SMB,2,24,24.0,0,,0
U110343,2025-06-07,Enterprise,NA,Organic,SMB,215,10535,37.0,4,3.2,0
U110344,2025-01-25,Business,NA,Paid,Enterprise,23,667,7.0,2,4.4,0
U110345,2024-03-01,Free,NA,Partner,Enterprise,1,0,11.0,2,3.3,1
U110346,2024-02-11,Free,NA,Partner,Enterprise,1,0,9.0,0,,0
U110347,2025-01-23,Business,EMEA,Organic,SMB,24,696,24.0,4,4.0,0
U110348,2025-04-06,Free,LATAM,Referral,SMB,1,0,9.0,0,,0
U110349,2024-05-05,Starter,EMEA,Organic,Mid-Market,6,72,11.0,2,4.0,1
U110350,2025-03-20,Starter,APAC,Organic,SMB,4,48,11.0,2,4.6,0
U110351,2024-04-21,Business,NA,Paid,SMB,5,145,21.0,1,4.3,0
U110352,2024-12-19,Business,NA,Organic,SMB,31,899,18.0,0,,0
U110353,2024-08-09,Starter,EMEA,Organic,SMB,6,72,1.0,2,4.4,0
U110354,2024-06-04,Free,APAC,Organic,Enterprise,1,0,16.0,0,,0
U110355,2024-11-28,Business,EMEA,Referral,Enterprise,20,580,21.0,1,3.4,0
U110356,2025-06-04,Business,NA,Partner,SMB,29,841,21.0,1,5.0,0
U110357,2025-01-18,Free,NA,Paid,SMB,1,0,7.0,0,,0
U110358,2024-05-01,Free,NA,Paid,SMB,1,0,0.0,0,,0
U110359,2024-01-09,Free,APAC,Organic,SMB,1,0,1.0,1,5.0,0
U110360,2024-10-23,Starter,EMEA,Paid,SMB,3,36,1.0,2,3.4,0
U110361,2024-01-05,Free,NA,Partner,SMB,1,0,5.0,1,4.6,0
U110362,2025-04-09,Free,NA,Organic,SMB,1,0,16.0,0,,1
U110363,2024-12-29,Starter,LATAM,Paid,Mid-Market,5,60,10.0,2,3.7,0
U110364,2024-06-06,Starter,APAC,Organic,Enterprise,3,36,0.0,3,3.6,1
U110365,2024-06-04,Free,EMEA,Paid,Mid-Market,1,0,5.0,1,3.9,0
U110366,2024-03-27,Free,NA,Paid,Enterprise,1,0,0.0,0,,0
U110367,2024-02-12,Free,NA,Organic,Mid-Market,1,0,2.0,0,,0
U110368,2025-06-18,Free,APAC,Organic,SMB,1,0,17.0,0,,1
U110369,2024-07-10,Free,LATAM,Organic,SMB,1,0,0.0,0,,0
U110370,2024-11-01,Starter,NA,Paid,SMB,2,24,10.0,0,,0
U110371,2025-03-22,Starter,,Referral,Enterprise,5,60,17.0,0,,0
U110372,2025-01-29,Enterprise,NA,Organic,Enterprise,178,8722,28.0,0,,0
U110373,2024-11-03,Free,NA,Organic,Mid-Market,1,0,7.0,1,4.6,1
U110374,2025-06-06,Free,APAC,Paid,SMB,1,0,8.0,0,,0
U110375,2025-05-29,Enterprise,APAC,Organic,Enterprise,78,3822,33.0,1,4.4,0
U110376,2025-03-11,Starter,EMEA,Organic,SMB,6,72,25.0,0,,0
U110377,2024-03-21,Free,NA,Paid,Mid-Market,1,0,3.0,1,3.8,0
U110378,2025-03-11,Enterprise,APAC,Organic,Mid-Market,96,4704,21.0,2,3.8,0
U110379,2024-09-19,Business,NA,Referral,SMB,22,638,7.0,1,3.5,0
U110380,2025-02-04,Enterprise,NA,Paid,SMB,153,7497,26.0,2,3.4,0
U110381,2024-07-09,free,EMEA,Organic,SMB,1,0,6.0,1,3.9,0
U110382,2024-10-06,Free,,Organic,Mid-Market,1,0,6.0,0,,0
U110383,2024-09-23,Free,NA,Organic,Enterprise,1,0,8.0,0,,0
U110384,2024-03-10,Starter,EMEA,Organic,Enterprise,2,24,17.0,3,3.1,0
U110385,2024-04-06,Free,,Organic,SMB,1,0,0.0,0,,1
U110386,2024-06-10,Business,APAC,Organic,Mid-Market,39,1131,23.0,2,3.5,0
U110387,2025-04-28,Starter,APAC,Organic,SMB,3,36,7.0,1,3.0,0
U110388,2024-12-23,Starter,,Referral,SMB,4,48,10.0,1,5.0,0
U110389,2024-04-21,Free,NA,Organic,SMB,1,0,0.0,1,3.7,1
U110390,2024-06-16,Starter,EMEA,Referral,SMB,7,84,20.0,0,,0
U110391,2024-11-30,Free,LATAM,Paid,SMB,1,0,3.0,0,,0
U110392,2024-08-25,Starter,EMEA,Organic,Mid-Market,2,24,15.0,0,,0
U110393,2025-04-15,Starter,EMEA,Referral,SMB,7,84,13.0,0,,1
U110394,2024-07-08,Business,APAC,Paid,Enterprise,28,812,17.0,0,,0
U110395,2024-08-07,Free,,Organic,Mid-Market,1,0,23.0,0,,0
U110396,2025-06-19,free,NA,Organic,Enterprise,1,0,2.0,0,,0
U110397,2024-02-13,Starter,NA,Organic,SMB,3,36,11.0,1,4.7,0
U110398,2025-04-01,Business,EMEA,Paid,Mid-Market,33,957,23.0,2,3.6,0
U110399,2024-06-12,Free,EMEA,Paid,Mid-Market,1,0,8.0,1,4.2,0
U110400,2025-04-17,Business,EMEA,Referral,SMB,27,783,10.0,3,4.6,0
U110401,2024-04-10,Free,NA,Paid,Mid-Market,1,0,0.0,0,,0
U110402,2024-10-26,Free,NA,Paid,SMB,1,0,11.0,2,4.0,0
U110403,2024-11-26,Free,APAC,Referral,SMB,1,0,7.0,1,4.1,0
U110404,2025-06-17,Free,APAC,Paid,SMB,1,0,0.0,0,,0
U110405,2025-05-04,Starter,EMEA,Paid,SMB,4,48,14.0,1,5.0,0
U110406,2025-04-10,Free,EMEA,Partner,Enterprise,1,0,0.0,1,4.3,0
U110407,2024-08-21,Starter,APAC,Referral,SMB,5,60,19.0,1,5.0,0
U110408,2025-05-13,Free,APAC,Referral,Mid-Market,1,0,7.0,0,,0
U110409,2024-04-06,Enterprise,EMEA,Organic,SMB,166,8134,21.0,1,4.2,0
U110410,2024-03-30,Free,LATAM,Organic,SMB,1,0,10.0,1,4.0,0
U110411,2024-04-30,Free,LATAM,Referral,Mid-Market,1,0,8.0,2,4.1,1
U110412,2024-06-01,Starter,EMEA,Paid,SMB,4,48,15.0,1,3.1,0
U110413,2025-06-20,Free,NA,Referral,SMB,1,0,10.0,0,,1
U110414,2025-01-13,Business,EMEA,Referral,SMB,14,406,16.0,1,4.3,0
U110415,2024-07-14,Starter,,Organic,Mid-Market,6,72,5.0,1,5.0,0
U110416,2024-12-27,Starter,LATAM,Organic,SMB,7,84,17.0,1,4.1,0
U110417,2024-10-04,Starter,LATAM,Paid,Mid-Market,7,84,16.0,1,4.3,0
U110418,2024-10-30,Enterprise,NA,Partner,Mid-Market,144,7056,33.0,2,4.2,0
U110419,2024-02-06,Free,EMEA,Paid,SMB,1,0,17.0,0,,0
U110420,2024-07-25,Starter,NA,Organic,SMB,4,48,11.0,1,3.9,0
U110421,2024-03-05,Free,APAC,Paid,Enterprise,1,0,7.0,0,,0
U110422,2024-09-13,Enterprise,APAC,Paid,Mid-Market,103,5047,33.0,1,5.0,0
U110423,2025-05-23,Free,EMEA,Paid,Enterprise,1,0,10.0,0,,0
U110424,2024-02-05,Starter,NA,Organic,SMB,6,72,11.0,0,,0
U110425,2025-06-04,Enterprise,EMEA,Organic,SMB,78,3822,41.0,4,4.2,0
U110426,2024-10-12,Free,LATAM,Paid,SMB,1,0,0.0,0,,0
U110427,2025-01-24,Starter,NA,Organic,SMB,5,60,0.0,2,4.0,0
U110428,2025-01-10,Free,NA,Partner,Mid-Market,1,0,0.0,0,,0
U110429,2025-06-23,Enterprise,NA,Organic,Mid-Market,43,2107,24.0,3,3.0,0
U110430,2024-07-18,Starter,EMEA,Organic,SMB,7,84,6.0,0,,0
U110431,2024-12-15,Starter,NA,Referral,Mid-Market,3,36,9.0,0,,0
U110432,2025-01-25,Free,EMEA,Organic,SMB,1,0,10.0,0,,0
U110433,2024-06-11,Business,NA,Referral,SMB,15,435,17.0,0,,0
U110434,2025-04-06,Free,EMEA,Organic,SMB,1,0,22.0,0,,0
U110435,2024-05-18,Free,EMEA,Paid,SMB,1,0,13.0,1,3.1,0
U110436,2024-04-09,Free,NA,Referral,SMB,1,0,8.0,0,,0
U110437,2024-12-08,Starter,NA,Paid,SMB,7,84,11.0,1,4.3,1
U110438,2024-07-17,Business,EMEA,Organic,SMB,7,203,23.0,1,4.8,0
U110439,2024-01-27,Free,APAC,Paid,Mid-Market,1,0,16.0,0,,0
U110440,2025-05-30,Starter,LATAM,Organic,SMB,3,36,23.0,1,4.5,0
U110441,2024-01-07,Starter,EMEA,Referral,Mid-Market,5,60,15.0,0,,0
U110442,2025-03-10,Free,NA,Organic,SMB,1,0,9.0,1,4.2,0
U110443,2025-06-19,Free,APAC,Partner,Enterprise,1,0,0.0,0,,1
U110444,2024-05-05,Free,EMEA,Partner,Mid-Market,1,0,2.0,0,,0
U110445,2024-07-14,Business,NA,Paid,SMB,21,609,16.0,0,,0
U110446,2024-08-16,Starter,NA,Organic,Mid-Market,6,72,5.0,1,5.0,1
U110447,2025-03-19,Business,NA,Partner,SMB,12,348,24.0,2,3.5,0
U110448,2025-03-07,Free,EMEA,Paid,Mid-Market,1,0,4.0,1,3.9,1
U110449,2024-08-11,Enterprise,APAC,Partner,SMB,262,12838,18.0,5,4.2,1
U110450,2025-01-23,Starter,APAC,Organic,Mid-Market,6,72,13.0,0,,0
U110451,2024-01-28,Enterprise,EMEA,Organic,SMB,54,2646,27.0,4,3.4,0
U110452,2024-04-09,free,,Organic,Mid-Market,1,0,5.0,0,,0
U110453,2025-04-29,Starter,NA,Organic,SMB,5,60,20.0,1,3.7,0
U110454,2024-02-26,Starter,EMEA,Partner,SMB,5,60,30.0,0,,0
U110455,2024-06-06,Starter,APAC,Organic,SMB,5,60,14.0,3,2.9,0
U110456,2024-09-30,Free,EMEA,Organic,SMB,1,0,15.0,0,,0
U110457,2024-02-09,Starter,EMEA,Organic,SMB,4,48,16.0,0,,0
U110458,2025-04-28,Free,NA,Organic,Mid-Market,1,0,0.0,0,,0
U110459,2025-06-03,Starter,NA,Partner,SMB,4,48,24.0,2,3.8,0
U110460,2025-03-24,Starter,APAC,Partner,Mid-Market,7,84,27.0,1,3.5,0
U110461,2024-09-19,Free,LATAM,Organic,Enterprise,1,0,9.0,0,,0
U110462,2024-12-10,Free,NA,Organic,Mid-Market,1,0,11.0,0,,0
U110463,2024-05-07,Starter,EMEA,Organic,Mid-Market,5,60,0.0,3,4.4,0
U110464,2024-12-12,Free,NA,Paid,Mid-Market,1,0,5.0,0,,1
U110465,2025-03-22,Free,LATAM,Paid,SMB,1,0,3.0,0,,1
U110466,2024-03-27,Enterprise,NA,Organic,Enterprise,110,5390,30.0,2,5.0,0
U110467,2024-11-30,Business,APAC,Paid,SMB,36,1044,36.0,1,3.2,0
U110468,2024-11-16,Free,NA,Partner,Enterprise,1,0,0.0,0,,0
U110469,2024-06-14,Free,APAC,Paid,SMB,1,0,0.0,0,,1
U110470,2024-12-02,Free,EMEA,Organic,SMB,1,0,0.0,0,,0
U110471,2025-03-21,Starter,NA,Organic,SMB,5,60,13.0,1,3.4,1
U110472,2024-05-20,Free,NA,Organic,SMB,1,0,5.0,0,,0
U110473,2025-02-18,Business,LATAM,Paid,SMB,15,435,25.0,0,,1
U110474,2024-05-05,Starter,NA,Referral,Enterprise,5,60,18.0,1,5.0,0
U110475,2024-09-24,Free,NA,Organic,Enterprise,1,0,12.0,0,,0
U110476,2024-04-15,Enterprise,EMEA,Paid,SMB,115,5635,31.0,5,4.0,0
U110477,2025-05-14,Free,LATAM,Organic,Enterprise,1,0,0.0,1,4.4,0
U110478,2025-04-26,Free,LATAM,Organic,SMB,1,0,9.0,0,,0
U110479,2024-02-02,Business,NA,Paid,SMB,9,261,28.0,4,4.1,0
U110480,2025-02-10,Free,EMEA,Organic,SMB,1,0,8.0,0,,0
U110481,2024-07-03,Free,NA,Referral,SMB,1,0,2.0,0,,0
U110482,2025-04-10,Free,EMEA,Organic,Mid-Market,1,0,10.0,0,,0
U110483,2024-03-14,Starter,NA,Organic,Mid-Market,5,60,11.0,0,,0
U110484,2025-05-07,Free,EMEA,Paid,Mid-Market,1,0,19.0,0,,0
U110485,2024-08-08,Free,NA,Organic,SMB,1,0,0.0,1,3.5,0
U110486,2025-03-17,Starter,LATAM,Organic,Mid-Market,7,84,12.0,2,3.9,0
U110487,2025-05-10,Business,APAC,Referral,SMB,29,841,22.0,1,3.2,0
U110488,2025-02-15,Starter,APAC,Paid,SMB,7,84,11.0,0,,0
U110489,2024-08-27,Free,NA,Partner,Mid-Market,1,0,2.0,1,3.9,0
U110490,2024-02-02,Free,APAC,Referral,Enterprise,1,0,6.0,1,2.9,0
U110491,2024-03-28,Free,EMEA,Referral,SMB,1,0,2.0,0,,1
U110492,2025-01-17,Business,EMEA,Paid,SMB,14,406,30.0,1,3.0,0
U110493,2024-07-19,Free,NA,Organic,SMB,1,0,9.0,1,3.6,0
U110494,2024-02-11,Free,NA,Paid,Mid-Market,1,0,,0,,0
U110495,2024-06-19,Starter,APAC,Paid,SMB,7,84,28.0,1,3.8,0
U110496,2024-04-30,Business,EMEA,Organic,SMB,23,667,18.0,2,4.2,0
U110497,2024-03-28,Free,,Organic,Enterprise,1,0,0.0,0,,0
U110498,2024-07-26,Starter,APAC,Organic,Enterprise,7,84,19.0,1,4.7,1
U110499,2024-06-08,Free,EMEA,Referral,SMB,1,0,6.0,0,,0
U110500,2025-01-20,Enterprise,EMEA,Organic,Mid-Market,180,8820,27.0,0,,0
U110501,2024-09-05,Free,NA,Paid,SMB,1,0,6.0,0,,0
U110502,2024-03-04,Free,LATAM,Paid,SMB,1,0,8.0,0,,0
U110503,2025-02-23,Starter,APAC,Paid,Mid-Market,4,48,10.0,0,,0
U110504,2024-07-04,Business,LATAM,Organic,SMB,20,580,9.0,2,3.5,0
U110505,2024-10-01,Business,APAC,Paid,SMB,26,754,22.0,1,1.9,0
U110506,2025-03-15,Starter,NA,Referral,SMB,5,60,16.0,0,,0
U110507,2025-02-18,Starter,EMEA,Paid,SMB,4,48,6.0,1,4.9,0
U110508,2024-08-02,Starter,APAC,Organic,SMB,7,84,9.0,2,3.7,0
U110509,2025-01-04,Free,NA,Organic,Mid-Market,1,0,12.0,1,4.6,0
U110510,2024-04-30,Business,EMEA,Partner,SMB,12,348,18.0,2,4.7,0
U110511,2025-02-07,Free,EMEA,Paid,SMB,1,0,0.0,0,,0
U110512,2024-12-20,Starter,NA,Paid,SMB,5,60,7.0,2,4.6,1
U110513,2025-04-20,Enterprise,EMEA,Referral,Mid-Market,240,11760,23.0,2,4.6,0
U110514,2025-01-27,Free,APAC,Paid,SMB,1,0,13.0,0,,0
U110515,2024-07-27,Free,EMEA,Partner,Mid-Market,1,0,1.0,0,,0
U110516,2025-05-19,Enterprise,LATAM,Organic,Enterprise,270,13230,20.0,1,3.9,0
U110517,2024-09-08,Starter,NA,Organic,Mid-Market,6,72,15.0,3,3.5,0
U110518,2025-04-15,Free,NA,Partner,Enterprise,1,0,0.0,0,,1
U110519,2024-10-23,Free,NA,Organic,SMB,1,0,15.0,0,,0
U110520,2024-12-21,free,NA,Organic,SMB,1,0,1.0,1,4.4,1
U110521,2024-09-11,Free,NA,Organic,Enterprise,1,0,0.0,0,,0
U110522,2024-09-10,Free,EMEA,Paid,SMB,1,0,10.0,0,,0
U110523,2025-04-21,Free,EMEA,Organic,SMB,1,0,0.0,0,,0
U110524,2025-03-18,Free,LATAM,Referral,Mid-Market,1,0,3.0,0,,0
U110525,2024-07-01,Free,EMEA,Partner,Enterprise,1,0,8.0,0,,0
U110526,2025-05-12,Free,NA,Partner,SMB,1,0,16.0,0,,0
U110527,2024-12-08,Free,EMEA,Partner,SMB,1,0,17.0,0,,0
U110528,2024-04-17,Free,NA,Organic,SMB,1,0,3.0,1,3.7,0
U110529,2024-07-23,Free,,Organic,SMB,1,0,8.0,0,,0
U110530,2024-02-28,Starter,APAC,Paid,SMB,5,60,20.0,0,,0
U110531,2024-05-21,Enterprise,LATAM,Paid,Mid-Market,249,12201,18.0,1,3.8,0
U110532,2025-03-18,Free,EMEA,Organic,Mid-Market,1,0,21.0,0,,0
U110533,2025-01-12,Enterprise,EMEA,Paid,SMB,290,14210,38.0,1,5.0,0
U110534,2024-04-04,Free,NA,Referral,SMB,1,0,1.0,2,4.0,0
U110535,2024-03-25,Free,LATAM,Partner,SMB,1,0,3.0,0,,1
U110536,2025-03-16,Free,EMEA,Paid,Enterprise,1,0,5.0,0,,0
U110537,2024-03-02,Starter,NA,Organic,SMB,5,60,17.0,1,4.0,0
U110538,2024-11-07,Enterprise,EMEA,Partner,SMB,187,9163,38.0,4,3.2,0
U110539,2025-01-15,Starter,NA,Organic,SMB,7,84,11.0,3,4.8,0
U110540,2024-12-17,Business,NA,Organic,SMB,21,609,24.0,1,5.0,0
U110541,2024-07-28,Business,,Partner,SMB,25,725,28.0,1,4.6,0
U110542,2024-10-27,Starter,,Organic,SMB,4,48,11.0,1,4.8,0
U110543,2024-03-26,Starter,EMEA,Partner,Mid-Market,2,24,13.0,0,,1
U110544,2024-05-23,Free,EMEA,Paid,SMB,1,0,15.0,0,,1
U110545,2024-09-13,Business,EMEA,Organic,SMB,9,261,6.0,4,3.0,0
U110546,2024-12-11,Free,EMEA,Organic,Mid-Market,1,0,4.0,1,4.3,0
U110547,2025-05-03,Free,NA,Organic,Enterprise,1,0,0.0,0,,0
U110548,2024-09-18,Free,NA,Organic,SMB,1,0,5.0,1,3.7,0
U110549,2024-06-12,Enterprise,EMEA,Referral,Mid-Market,169,8281,20.0,4,3.7,1
U110550,2025-05-21,Starter,NA,Paid,Enterprise,7,84,26.0,0,,0
U110551,2024-08-26,Starter,NA,Paid,SMB,5,60,12.0,0,,0
U110552,2024-06-07,Starter,EMEA,Organic,Mid-Market,2,24,18.0,3,3.6,0
U110553,2024-12-18,Free,EMEA,Organic,SMB,1,0,19.0,1,4.5,1
U110554,2025-03-01,Business,,Organic,SMB,24,696,31.0,3,3.5,1
U110555,2024-03-24,Business,EMEA,Organic,Mid-Market,14,406,13.0,0,,0
U110556,2024-08-13,Free,LATAM,Organic,Mid-Market,1,0,2.0,0,,0
U110557,2024-03-23,Free,APAC,Organic,SMB,1,0,4.0,1,4.3,1
U110558,2024-09-18,Free,EMEA,Organic,Mid-Market,1,0,0.0,0,,1
U110559,2024-04-23,Free,EMEA,Organic,SMB,1,0,2.0,1,4.2,0
U110560,2025-01-10,Free,EMEA,Organic,SMB,1,0,3.0,0,,0
U110561,2024-01-09,Free,APAC,Referral,SMB,1,0,8.0,0,,0
U110562,2024-08-25,enterprise,APAC,Paid,SMB,61,2989,24.0,2,3.4,0
U110563,2024-03-23,Business,EMEA,Paid,SMB,31,899,11.0,1,3.8,0
U110564,2024-01-17,Starter,APAC,Partner,Mid-Market,6,72,13.0,0,,0
U110565,2024-05-23,Business,NA,Organic,SMB,31,899,31.0,3,2.8,0
U110566,2025-03-31,Enterprise,LATAM,Paid,SMB,264,12936,17.0,2,3.3,0
U110567,2024-09-05,Free,NA,Paid,SMB,1,0,0.0,0,,0
U110568,2024-06-17,Business,EMEA,Organic,SMB,32,928,20.0,2,3.2,0
U110569,2024-03-27,Free,NA,Organic,Mid-Market,1,0,6.0,0,,0
U110570,2025-04-22,Free,NA,Referral,SMB,1,0,4.0,0,,0
U110571,2024-11-24,Free,EMEA,Referral,SMB,1,0,0.0,0,,0
U110572,2025-02-24,business,EMEA,Paid,Mid-Market,26,754,17.0,1,3.3,0
U110573,2025-02-08,Business,NA,Paid,SMB,26,754,20.0,1,4.9,1
U110574,2024-10-09,Free,LATAM,Partner,Enterprise,1,0,0.0,0,,0
U110575,2025-05-10,Free,LATAM,Partner,Mid-Market,1,0,13.0,1,4.7,0
U110576,2025-05-31,Free,APAC,Organic,SMB,1,0,0.0,0,,0
U110577,2024-03-22,Starter,NA,Organic,SMB,7,84,7.0,2,3.3,0
U110578,2024-07-28,Starter,APAC,Organic,SMB,6,72,0.0,1,4.4,1
U110579,2025-04-17,Free,,Paid,SMB,1,0,6.0,0,,0
U110580,2024-07-10,Free,APAC,Organic,SMB,1,0,0.0,1,4.5,0
U110581,2025-01-02,Business,EMEA,Paid,SMB,15,435,17.0,2,4.3,0
U110582,2024-07-20,Free,NA,Paid,Enterprise,1,0,10.0,0,,1
U110583,2024-11-30,Free,NA,Organic,SMB,1,0,8.0,1,3.4,0
U110584,2024-08-23,Free,APAC,Organic,SMB,1,0,7.0,0,,0
U110585,2025-04-01,Free,NA,Paid,SMB,1,0,9.0,1,2.7,1
U110586,2025-02-11,Business,APAC,Referral,SMB,19,551,21.0,3,2.2,1
U110587,2025-05-23,Starter,EMEA,Referral,SMB,2,24,17.0,2,3.0,0
U110588,2024-04-06,Starter,NA,Organic,SMB,3,36,11.0,0,,0
U110589,2025-03-15,Free,NA,Paid,Mid-Market,1,0,9.0,0,,0
U110590,2024-04-21,Free,NA,Organic,Mid-Market,1,0,5.0,0,,0
U110591,2024-01-04,Business,EMEA,Organic,SMB,8,232,25.0,1,4.5,0
U110592,2025-03-21,Free,NA,Organic,SMB,1,0,7.0,1,3.6,1
U110593,2025-02-05,Free,EMEA,Referral,SMB,1,0,12.0,0,,0
U110594,2024-06-07,Free,NA,Referral,SMB,1,0,0.0,1,4.2,0
U110595,2024-08-11,Free,LATAM,Paid,Enterprise,1,0,15.0,1,4.0,0
U110596,2024-10-30,Business,NA,Referral,SMB,14,406,15.0,2,3.6,0
U110597,2024-07-13,Enterprise,NA,Paid,SMB,209,10241,,2,3.1,0
U110598,2024-03-12,Free,EMEA,Organic,Enterprise,1,0,2.0,0,,0
U110599,2024-10-09,Free,EMEA,Organic,Mid-Market,1,0,8.0,0,,0
U110600,2025-04-03,Free,LATAM,Referral,SMB,1,0,17.0,0,,0
U110601,2024-06-30,Starter,NA,Organic,SMB,4,48,6.0,2,3.8,0
U110602,2024-04-25,Starter,APAC,Partner,Enterprise,7,84,9.0,0,,0
U110603,2024-12-15,Business,,Paid,Enterprise,17,493,22.0,4,3.3,0
U110604,2024-09-28,Enterprise,EMEA,Organic,SMB,196,9604,24.0,1,4.0,0
U110605,2024-11-27,Free,LATAM,Paid,Enterprise,1,0,0.0,0,,0
U110606,2025-02-24,business,NA,Organic,Enterprise,9,261,20.0,1,4.1,0
U110607,2024-07-16,Starter,LATAM,Organic,SMB,7,84,4.0,0,,0
U110608,2024-04-19,Business,EMEA,Organic,Enterprise,39,1131,30.0,0,,0
U110609,2024-12-24,Free,LATAM,Partner,SMB,1,0,6.0,0,,0
U110610,2025-05-10,Free,NA,Paid,Mid-Market,1,0,0.0,1,3.7,0
U110611,2025-02-05,Free,APAC,Organic,SMB,1,0,15.0,0,,0
U110612,2024-08-02,Starter,EMEA,Paid,SMB,3,36,21.0,0,,0
U110613,2024-06-13,Free,NA,Organic,Mid-Market,1,0,10.0,0,,0
U110614,2024-06-08,Starter,NA,Organic,SMB,5,60,17.0,1,4.2,0
U110615,2025-06-21,Business,APAC,Paid,Mid-Market,13,377,19.0,2,2.4,0
U110616,2024-04-22,Free,NA,Organic,SMB,1,0,0.0,0,,0
U110617,2025-02-09,Starter,EMEA,Paid,SMB,6,72,18.0,3,3.3,0
U110618,2025-02-24,Business,LATAM,Paid,SMB,14,406,16.0,4,4.0,0
U110619,2025-03-11,Business,APAC,Organic,Mid-Market,21,609,8.0,2,2.4,1
U110620,2024-03-21,Free,EMEA,Organic,Mid-Market,1,0,11.0,0,,0
U110621,2024-04-07,Business,APAC,Paid,SMB,36,1044,24.0,0,,0
U110622,2024-04-02,business,LATAM,Organic,SMB,7,203,25.0,1,5.0,0
U110623,2024-07-12,Starter,EMEA,Organic,SMB,2,24,17.0,1,2.8,0
U110624,2024-08-27,Free,NA,Paid,Mid-Market,1,0,4.0,0,,0
U110625,2024-12-18,Starter,NA,Referral,SMB,2,24,21.0,3,3.7,0
U110626,2025-05-17,Business,EMEA,Referral,SMB,5,145,18.0,3,3.7,0
U110627,2024-05-09,Free,APAC,Referral,SMB,1,0,10.0,1,4.7,0
U110628,2025-03-18,Free,NA,Organic,SMB,1,0,0.0,0,,0
U110629,2024-12-09,Free,EMEA,Organic,SMB,1,0,5.0,0,,0
U110630,2024-03-06,Free,NA,Organic,SMB,1,0,6.0,1,4.1,0
U110631,2024-04-09,Free,APAC,Organic,Mid-Market,1,0,0.0,1,3.0,0
U110632,2024-10-24,Starter,NA,Paid,Mid-Market,4,48,13.0,0,,0
U110633,2024-09-05,Free,EMEA,Organic,Enterprise,1,0,9.0,0,,0
U110634,2024-12-20,Starter,NA,Partner,SMB,2,24,9.0,0,,0
U110635,2024-11-30,Starter,EMEA,Organic,Enterprise,4,48,10.0,1,5.0,0
U110636,2024-12-06,Business,APAC,Organic,Mid-Market,6,174,21.0,7,1.0,1
U110637,2025-04-08,Free,NA,Organic,Mid-Market,1,0,11.0,0,,0
U110638,2024-01-10,Free,APAC,Paid,SMB,1,0,4.0,0,,0
U110639,2024-03-30,Enterprise,NA,Organic,Mid-Market,100,4900,25.0,0,,0
U110640,2025-01-24,Starter,LATAM,Referral,SMB,2,24,21.0,2,4.3,0
U110641,2024-09-25,Free,LATAM,Organic,SMB,1,0,4.0,0,,0
U110642,2024-08-25,Enterprise,EMEA,Referral,SMB,244,11956,25.0,5,3.7,0
U110643,2025-04-30,Free,NA,Partner,SMB,1,0,0.0,0,,0
U110644,2024-06-14,Free,EMEA,Referral,SMB,1,0,11.0,0,,1
U110645,2024-03-29,Business,NA,Organic,Mid-Market,34,986,13.0,3,3.8,0
U110646,2025-05-29,Starter,NA,Paid,SMB,4,48,8.0,1,5.0,0
U110647,2024-03-04,Free,EMEA,Organic,SMB,1,0,3.0,0,,1
U110648,2024-02-23,Starter,NA,Organic,Enterprise,5,60,15.0,1,4.7,0
U110649,2024-12-11,Free,APAC,Organic,Mid-Market,1,0,5.0,0,,0
U110650,2024-08-31,Starter,NA,Organic,Enterprise,2,24,16.0,0,,0
U110651,2024-10-15,Free,EMEA,Organic,SMB,1,0,14.0,0,,0
U110652,2024-07-14,Free,NA,Organic,Mid-Market,1,0,10.0,1,4.1,0
U110653,2024-04-17,Starter,NA,Referral,Enterprise,4,48,15.0,0,,0
U110654,2024-02-24,Starter,APAC,Paid,SMB,5,60,19.0,1,4.4,0
U110655,2025-04-04,Starter,EMEA,Organic,Mid-Market,4,48,16.0,1,4.1,0
U110656,2024-10-11,Free,NA,Organic,SMB,1,0,0.0,0,,0
U110657,2024-12-02,Business,NA,Organic,Enterprise,19,551,23.0,1,4.4,0
U110658,2024-08-05,Business,APAC,Organic,SMB,7,203,0.0,2,3.6,1
U110659,2025-01-28,Starter,EMEA,Organic,SMB,3,36,4.0,0,,1
U110660,2024-09-16,Free,LATAM,Paid,Enterprise,1,0,0.0,0,,0
U110661,2024-10-25,Free,NA,Organic,SMB,1,0,12.0,1,5.0,0
U110662,2024-07-13,Free,EMEA,Paid,SMB,1,0,1.0,1,4.0,0
U110663,2024-11-06,Business,EMEA,Paid,Enterprise,11,319,13.0,4,2.5,1
U110664,2024-01-24,Free,APAC,Organic,SMB,1,0,0.0,1,4.4,1
U110665,2025-04-05,Free,NA,Organic,Mid-Market,1,0,14.0,1,5.0,1
U110666,2025-06-09,Starter,EMEA,Organic,Mid-Market,7,84,15.0,0,,0
U110667,2024-11-26,Starter,APAC,Paid,SMB,6,72,4.0,3,4.2,0
U110668,2024-08-27,Business,NA,Organic,Mid-Market,19,551,15.0,1,5.0,0
U110669,2024-12-18,Starter,APAC,Paid,SMB,3,36,13.0,1,3.5,0
U110670,2025-03-14,Business,NA,Organic,Mid-Market,22,638,21.0,0,,0
U110671,2025-05-15,Free,EMEA,Organic,SMB,1,0,17.0,0,,0
U110672,2024-04-17,Starter,EMEA,Organic,SMB,7,84,16.0,2,3.5,1
U110673,2024-01-05,Free,EMEA,Organic,SMB,1,0,11.0,0,,0
U110674,2025-03-02,Free,APAC,Paid,SMB,1,0,3.0,0,,0
U110675,2025-06-04,Enterprise,LATAM,Referral,SMB,37,1813,,3,4.4,0
U110676,2024-07-22,starter,APAC,Paid,SMB,5,60,16.0,0,,0
U110677,2024-11-02,Enterprise,NA,Paid,Mid-Market,55,2695,27.0,7,3.0,1
U110678,2024-04-10,Free,APAC,Paid,SMB,1,0,8.0,1,4.9,0
U110679,2024-12-03,Free,LATAM,Paid,SMB,1,0,12.0,0,,0
U110680,2025-04-09,Free,EMEA,Partner,SMB,1,0,13.0,0,,1
U110681,2024-06-23,free,NA,Organic,Mid-Market,1,0,5.0,0,,1
U110682,2024-01-01,Business,EMEA,Organic,SMB,18,522,26.0,1,3.6,0
U110683,2024-05-03,Starter,EMEA,Organic,SMB,4,48,19.0,1,4.1,1
U110684,2024-12-02,Free,APAC,Organic,SMB,1,0,9.0,1,4.0,0
U110685,2024-04-06,Starter,NA,Paid,Mid-Market,4,48,11.0,1,2.6,0
U110686,2024-06-21,Free,EMEA,Paid,Mid-Market,1,0,10.0,0,,0
U110687,2025-04-14,Starter,EMEA,Organic,Enterprise,3,36,8.0,1,3.7,0
U110688,2024-07-03,Enterprise,EMEA,Organic,SMB,240,11760,15.0,6,4.3,0
U110689,2024-02-04,starter,NA,Organic,Mid-Market,4,48,1.0,0,,0
U110690,2024-08-13,Starter,EMEA,Paid,SMB,7,84,27.0,0,,0
U110691,2024-12-17,Free,NA,Organic,SMB,1,0,0.0,0,,0
U110692,2024-04-25,Free,NA,Organic,SMB,1,0,2.0,1,2.9,1
U110693,2025-04-12,Business,EMEA,Referral,SMB,39,1131,23.0,3,5.0,0
U110694,2024-04-13,Free,APAC,Organic,Enterprise,1,0,10.0,0,,0
U110695,2024-11-18,Free,NA,Organic,Mid-Market,1,0,14.0,0,,0
U110696,2024-12-15,Free,APAC,Paid,SMB,1,0,0.0,1,5.0,0
U110697,2024-03-25,Starter,NA,Partner,Enterprise,6,72,10.0,1,4.5,0
U110698,2024-09-23,Free,EMEA,Referral,SMB,1,0,16.0,1,4.1,0
U110699,2024-01-04,Free,NA,Organic,SMB,1,0,,0,,0
U110700,2024-09-13,Free,EMEA,Paid,SMB,1,0,1.0,0,,0
U110701,2024-10-31,Free,EMEA,Paid,SMB,1,0,0.0,0,,0
U110702,2024-04-12,Business,EMEA,Organic,SMB,29,841,23.0,2,4.1,0
U110703,2024-10-12,Free,EMEA,Organic,Mid-Market,1,0,2.0,0,,0
U110704,2024-01-07,Free,APAC,Organic,SMB,1,0,5.0,1,2.5,0
U110705,2025-03-15,Starter,APAC,Organic,SMB,3,36,16.0,0,,0
U110706,2024-10-01,Enterprise,NA,Paid,SMB,94,4606,24.0,2,4.4,0
U110707,2024-08-07,Starter,APAC,Organic,SMB,2,24,20.0,0,,0
U110708,2025-03-29,Starter,EMEA,Referral,Mid-Market,3,36,18.0,0,,0
U110709,2024-09-10,Business,EMEA,Organic,SMB,35,1015,26.0,0,,0
U110710,2024-07-22,Starter,NA,Paid,Enterprise,7,84,14.0,0,,0
U110711,2024-11-03,free,LATAM,Organic,SMB,1,0,0.0,0,,0
U110712,2024-01-04,Free,EMEA,Paid,Mid-Market,1,0,5.0,0,,1
U110713,2024-08-05,Business,NA,Organic,Enterprise,14,406,20.0,1,4.5,0
U110714,2025-05-01,Business,NA,Paid,SMB,13,377,10.0,2,4.1,0
U110715,2024-07-12,Free,NA,Partner,Mid-Market,1,0,9.0,1,4.4,0
U110716,2024-04-30,Free,APAC,Organic,SMB,1,0,0.0,1,4.1,0
U110717,2024-05-03,Starter,EMEA,Organic,SMB,5,60,27.0,0,,0
U110718,2024-11-29,Starter,EMEA,Organic,SMB,4,48,26.0,1,3.6,0
U110719,2024-03-29,Free,NA,Organic,SMB,1,0,0.0,1,4.4,0
U110720,2025-01-20,Free,APAC,Organic,SMB,1,0,0.0,0,,0
U110721,2024-08-29,Business,EMEA,Referral,SMB,19,551,22.0,2,4.4,0
U110722,2024-01-03,Free,NA,Organic,Mid-Market,1,0,4.0,0,,0
U110723,2024-08-23,Free,EMEA,Referral,SMB,1,0,0.0,1,4.0,0
U110724,2024-01-31,Free,EMEA,Organic,SMB,1,0,1.0,0,,1
U110725,2024-10-27,Starter,NA,Referral,SMB,7,84,26.0,0,,0
U110726,2024-01-07,Free,APAC,Paid,SMB,1,0,10.0,1,3.8,0
U110727,2025-04-05,Starter,LATAM,Paid,Mid-Market,5,60,8.0,0,,0
U110728,2025-04-09,Free,LATAM,Organic,SMB,1,0,10.0,0,,1
U110729,2024-07-04,Free,APAC,Paid,Mid-Market,1,0,5.0,0,,0
U110730,2024-09-14,Starter,APAC,Referral,Enterprise,5,60,15.0,1,4.4,0
U110731,2024-03-30,Free,EMEA,Organic,Mid-Market,1,0,6.0,1,4.0,1
U110732,2024-03-10,Starter,LATAM,Organic,SMB,4,48,9.0,0,,1
U110733,2025-04-17,Business,NA,Referral,Mid-Market,20,580,21.0,2,4.4,0
U110734,2024-09-02,Starter,EMEA,Organic,SMB,3,36,15.0,0,,1
U110735,2024-03-23,Starter,EMEA,Organic,Mid-Market,7,84,14.0,0,,0
U110736,2024-03-09,Free,APAC,Partner,SMB,1,0,7.0,0,,0
U110737,2024-12-31,Starter,APAC,Organic,Mid-Market,7,84,15.0,2,3.0,0
U110738,2024-03-05,Starter,NA,Referral,Mid-Market,6,72,14.0,1,4.1,1
U110739,2024-08-13,Free,NA,Organic,SMB,1,0,0.0,0,,0
U110740,2025-04-10,Starter,APAC,Partner,Mid-Market,4,48,18.0,1,3.3,0
U110741,2024-04-19,Free,EMEA,Referral,SMB,1,0,3.0,0,,0
U110742,2025-04-04,Free,APAC,Organic,SMB,1,0,9.0,0,,0
U110743,2024-01-01,Business,NA,Organic,SMB,39,1131,,0,,0
U110744,2024-11-11,Business,EMEA,Organic,SMB,10,290,23.0,2,2.8,0
U110745,2024-08-15,Business,APAC,Paid,SMB,20,580,26.0,0,,0
U110746,2025-06-18,Business,EMEA,Organic,Mid-Market,6,174,,4,4.0,0
U110747,2024-10-24,Free,EMEA,Paid,SMB,1,0,2.0,0,,1
U110748,2025-02-17,Business,LATAM,Organic,Enterprise,18,522,23.0,1,3.5,0
U110749,2024-06-03,Enterprise,APAC,Referral,Mid-Market,204,9996,23.0,3,3.0,0
U110750,2024-07-02,Free,APAC,Organic,Enterprise,1,0,0.0,0,,1
U110751,2025-05-22,Starter,EMEA,Referral,SMB,7,84,11.0,0,,0
U110752,2024-06-01,Free,NA,Referral,Enterprise,1,0,0.0,2,4.1,0
U110753,2024-06-12,Free,EMEA,Organic,SMB,1,0,17.0,2,3.6,0
U110754,2024-04-28,free,LATAM,Paid,SMB,1,0,10.0,1,4.4,0
U110755,2024-07-16,Free,APAC,Organic,Mid-Market,1,0,17.0,0,,0
U110756,2025-03-16,Free,NA,Paid,SMB,1,0,0.0,0,,0
U110757,2024-08-08,Enterprise,NA,Organic,SMB,193,9457,20.0,1,4.6,0
U110758,2024-07-26,Starter,EMEA,Organic,SMB,4,48,16.0,0,,0
U110759,2025-06-18,Free,NA,Organic,Enterprise,1,0,3.0,0,,0
U110760,2024-09-14,Starter,EMEA,Organic,SMB,4,48,7.0,0,,1
U110761,2024-12-20,Starter,EMEA,Organic,SMB,2,24,11.0,0,,1
U110762,2024-02-04,Starter,EMEA,Partner,SMB,7,84,23.0,0,,0
U110763,2024-08-26,Free,APAC,Referral,Mid-Market,1,0,16.0,0,,0
U110764,2024-03-10,Free,EMEA,Paid,SMB,1,0,11.0,0,,0
U110765,2024-06-02,Starter,NA,Organic,Mid-Market,2,24,20.0,2,5.0,0
U110766,2024-12-25,Starter,NA,Paid,SMB,2,24,6.0,1,3.6,0
U110767,2025-05-02,Starter,APAC,Partner,SMB,5,60,6.0,1,3.3,0
U110768,2025-01-25,Free,APAC,Partner,Mid-Market,1,0,6.0,0,,0
U110769,2024-02-04,Starter,EMEA,Partner,Mid-Market,6,72,23.0,0,,0
U110770,2024-10-22,Starter,NA,Organic,SMB,3,36,7.0,2,3.5,0
U110771,2025-02-04,Free,EMEA,Paid,Enterprise,1,0,0.0,0,,0
U110772,2024-12-09,Starter,EMEA,Partner,SMB,6,72,22.0,2,3.3,0
U110773,2024-01-19,Free,EMEA,Paid,Mid-Market,1,0,1.0,0,,1
U110774,2025-03-03,Free,EMEA,Paid,Mid-Market,1,0,4.0,0,,0
U110775,2024-04-05,Enterprise,EMEA,Organic,Mid-Market,52,2548,39.0,2,4.6,0
U110776,2024-05-03,Starter,EMEA,Organic,Enterprise,7,84,19.0,1,2.2,0
U110777,2024-10-25,Business,NA,Referral,Mid-Market,31,899,19.0,0,,0
U110778,2025-06-22,Free,NA,Paid,Enterprise,1,0,0.0,0,,0
U110779,2024-09-13,Starter,NA,Organic,SMB,6,72,5.0,0,,0
U110780,2024-09-24,Starter,APAC,Organic,SMB,6,72,19.0,1,3.7,0
U110781,2024-04-22,Free,EMEA,Organic,Mid-Market,1,0,5.0,1,3.6,0
U110782,2024-05-28,Business,EMEA,Paid,Enterprise,21,609,7.0,1,3.7,0
U110783,2024-06-14,Business,NA,Organic,Mid-Market,16,464,17.0,2,3.7,0
U110784,2025-06-10,Free,LATAM,Partner,SMB,1,0,7.0,0,,0
U110785,2024-12-19,Business,LATAM,Referral,SMB,16,464,14.0,1,4.7,0
U110786,2024-06-27,Free,,Partner,SMB,1,0,0.0,0,,0
U110787,2024-05-02,Business,NA,Organic,Enterprise,29,841,,0,,0
U110788,2024-10-18,Business,LATAM,Paid,SMB,34,986,12.0,2,2.7,1
U110789,2025-04-25,Starter,LATAM,Partner,SMB,2,24,12.0,0,,0
U110790,2024-02-22,Starter,EMEA,Referral,Mid-Market,2,24,13.0,3,4.3,0
U110791,2024-12-29,Free,APAC,Organic,Mid-Market,1,0,6.0,0,,0
U110792,2025-01-20,Starter,LATAM,Partner,SMB,3,36,9.0,2,5.0,0
U110793,2024-07-04,Free,,Referral,SMB,1,0,4.0,0,,1
U110794,2024-08-11,Starter,EMEA,Organic,SMB,3,36,18.0,1,3.2,0
U110795,2024-08-10,Free,NA,Paid,Enterprise,1,0,11.0,0,,0
U110796,2024-09-07,Starter,NA,Organic,SMB,4,48,24.0,0,,0
U110797,2024-12-08,Business,NA,Referral,SMB,16,464,15.0,1,4.6,0
U110798,2025-01-01,Free,APAC,Organic,Mid-Market,1,0,2.0,0,,0
U110799,2024-07-24,Free,LATAM,Organic,SMB,1,0,0.0,0,,0
U110800,2024-05-07,Free,EMEA,Partner,SMB,1,0,6.0,0,,0
U110801,2024-02-04,Free,APAC,Organic,SMB,1,0,0.0,0,,0
U110802,2024-11-23,Starter,APAC,Partner,Mid-Market,3,36,15.0,2,4.5,0
U110803,2024-12-19,Starter,NA,Organic,SMB,4,48,18.0,2,4.6,0
U110804,2024-12-07,Free,NA,Organic,SMB,1,0,1.0,0,,0
U110805,2025-02-01,Starter,APAC,Organic,Enterprise,7,84,12.0,1,4.3,0
U110806,2024-02-20,Free,NA,Partner,SMB,1,0,0.0,0,,1
U110807,2025-01-09,Business,NA,Paid,SMB,6,174,26.0,5,3.2,1
U110808,2025-04-18,Free,NA,Organic,Enterprise,1,0,10.0,0,,0
U110809,2024-05-03,Free,NA,Paid,SMB,1,0,9.0,1,4.2,0
U110810,2024-05-03,Starter,EMEA,Organic,SMB,3,36,17.0,0,,0
U110811,2024-01-05,Free,NA,Organic,SMB,1,0,15.0,0,,0
U110812,2024-11-06,Free,NA,Referral,Enterprise,1,0,9.0,0,,0
U110813,2024-02-25,Starter,NA,Organic,Mid-Market,3,36,20.0,1,4.3,0
U110814,2024-10-15,Free,NA,Organic,Enterprise,1,0,10.0,0,,0
U110815,2025-06-06,Free,NA,Paid,SMB,1,0,4.0,1,4.8,1
U110816,2024-08-01,Free,EMEA,Partner,SMB,1,0,11.0,1,4.5,0
U110817,2024-07-09,Business,APAC,Organic,Enterprise,22,638,14.0,2,5.0,0
U110818,2024-07-17,Starter,LATAM,Paid,SMB,3,36,8.0,1,4.8,1
U110819,2024-07-04,Free,LATAM,Paid,Mid-Market,1,0,11.0,0,,1
U110820,2025-05-21,Free,NA,Organic,Mid-Market,1,0,3.0,0,,0
U110821,2025-01-27,free,NA,Organic,Enterprise,1,0,0.0,0,,1
U110822,2024-12-22,Free,APAC,Referral,Mid-Market,1,0,10.0,0,,0
U110823,2024-01-12,Starter,EMEA,Organic,Enterprise,5,60,25.0,0,,0
U110824,2025-06-19,Business,,Referral,Mid-Market,13,377,17.0,2,4.4,0
U110825,2025-05-14,Enterprise,NA,Organic,Enterprise,164,8036,25.0,1,3.8,0
U110826,2024-03-21,Free,EMEA,Organic,Mid-Market,1,0,2.0,0,,0
U110827,2024-12-21,Starter,NA,Referral,Mid-Market,4,48,25.0,0,,0
U110828,2024-11-04,Business,EMEA,Referral,SMB,14,406,24.0,5,3.3,0
U110829,2025-04-04,Free,EMEA,Paid,Enterprise,1,0,9.0,0,,0
U110830,2025-04-19,Business,NA,Organic,Mid-Market,17,493,28.0,0,,0
U110831,2024-09-16,Business,NA,Paid,Mid-Market,26,754,27.0,2,3.3,0
U110832,2024-11-14,Starter,NA,Organic,SMB,2,24,19.0,1,5.0,0
U110833,2025-05-27,Free,EMEA,Referral,SMB,1,0,6.0,0,,0
U110834,2024-08-25,Business,EMEA,Organic,SMB,11,319,23.0,1,4.3,0
U110835,2025-05-28,Starter,EMEA,Referral,SMB,7,84,26.0,0,,0
U110836,2024-02-21,Free,EMEA,Organic,Mid-Market,1,0,6.0,0,,0
U110837,2024-09-03,Starter,EMEA,Organic,SMB,6,72,15.0,0,,0
U110838,2025-04-22,Business,NA,Organic,Mid-Market,8,232,23.0,0,,0
U110839,2024-10-06,Free,APAC,Organic,SMB,1,0,7.0,0,,0
U110840,2024-09-30,Starter,LATAM,Partner,SMB,2,24,12.0,3,4.0,0
U110841,2025-03-30,Free,EMEA,Paid,SMB,1,0,8.0,1,4.1,1
U110842,2024-04-19,Free,EMEA,Paid,SMB,1,0,1.0,1,4.3,1
U110843,2024-04-13,Business,APAC,Paid,SMB,28,812,15.0,0,,0
U110844,2024-06-27,Business,NA,Organic,SMB,12,348,14.0,1,4.2,0
U110845,2025-03-05,Business,NA,Referral,Mid-Market,22,638,23.0,3,4.6,0
U110846,2024-03-24,Free,NA,Referral,SMB,1,0,2.0,0,,1
U110847,2024-06-20,Free,APAC,Organic,SMB,1,0,0.0,1,3.5,0
U110848,2025-01-08,Starter,NA,Partner,Mid-Market,6,72,18.0,1,3.7,0
U110849,2025-01-08,Starter,,Partner,SMB,7,84,15.0,0,,0
U110850,2024-01-26,Business,NA,Partner,Enterprise,25,725,,1,3.9,1
U110851,2024-04-05,Starter,,Paid,Mid-Market,5,60,13.0,0,,0
U110852,2024-03-02,Starter,NA,Organic,Mid-Market,4,48,19.0,1,5.0,0
U110853,2024-04-23,Enterprise,NA,Organic,SMB,241,11809,22.0,5,3.1,0
U110854,2025-01-31,Free,APAC,Organic,Mid-Market,1,0,10.0,0,,0
U110855,2024-05-18,Free,LATAM,Paid,SMB,1,0,0.0,1,4.4,0
U110856,2024-01-10,Free,EMEA,Organic,SMB,1,0,9.0,0,,0
U110857,2024-10-15,Starter,EMEA,Organic,SMB,5,60,0.0,0,,0
U110858,2025-02-27,Business,EMEA,Paid,Mid-Market,12,348,14.0,2,4.4,1
U110859,2024-10-29,Business,NA,Organic,SMB,29,841,30.0,1,5.0,0
U110860,2025-04-08,Starter,NA,Partner,SMB,3,36,15.0,3,3.3,0
U110861,2025-01-01,Free,NA,Referral,Mid-Market,1,0,15.0,0,,1
U110862,2025-04-17,Free,APAC,Organic,SMB,1,0,16.0,0,,0
U110863,2024-09-28,Business,EMEA,Referral,SMB,17,493,17.0,4,4.0,0
U110864,2024-07-29,Starter,EMEA,Organic,SMB,3,36,32.0,1,3.7,0
U110865,2025-01-29,Starter,APAC,Partner,Mid-Market,7,84,9.0,0,,0
U110866,2025-02-04,Starter,EMEA,Organic,SMB,5,60,12.0,1,2.9,0
U110867,2025-03-05,Starter,LATAM,Paid,SMB,7,84,15.0,1,4.5,1
U110868,2025-06-16,Free,NA,Organic,Mid-Market,1,0,21.0,0,,0
U110869,2024-06-02,Business,LATAM,Paid,SMB,32,928,19.0,0,,0
U110870,2024-12-28,Free,NA,Organic,Mid-Market,1,0,0.0,0,,0
U110871,2024-03-17,Starter,EMEA,Referral,SMB,4,48,13.0,1,4.0,0
U110872,2025-03-26,Free,EMEA,Organic,SMB,1,0,9.0,2,4.1,1
U110873,2024-08-17,Free,APAC,Organic,SMB,1,0,19.0,0,,0
U110874,2024-02-08,Free,NA,Organic,SMB,1,0,12.0,0,,0
U110875,2024-03-19,Business,EMEA,Organic,SMB,10,290,19.0,3,2.6,0
U110876,2024-03-12,Free,NA,Referral,SMB,1,0,2.0,1,5.0,0
U110877,2025-03-19,Starter,APAC,Organic,SMB,5,60,18.0,0,,0
U110878,2024-04-14,Free,APAC,Partner,SMB,1,0,0.0,0,,0
U110879,2024-04-25,Starter,LATAM,Paid,Mid-Market,3,36,0.0,1,5.0,0
U110880,2025-03-26,Business,APAC,Partner,SMB,20,580,30.0,2,1.5,0
U110881,2025-03-01,Free,APAC,Referral,Mid-Market,1,0,5.0,1,3.7,0
U110882,2024-11-10,Enterprise,NA,Partner,Mid-Market,191,9359,25.0,3,3.0,0
U110883,2024-03-19,Free,EMEA,Referral,SMB,1,0,3.0,0,,0
U110884,2024-11-07,Business,NA,Organic,Mid-Market,26,754,22.0,1,3.2,0
U110885,2025-02-28,Free,NA,Partner,Enterprise,1,0,0.0,2,3.8,1
U110886,2024-10-29,Free,NA,Organic,Mid-Market,1,0,6.0,0,,0
U110887,2025-06-17,Business,EMEA,Organic,SMB,37,1073,20.0,4,2.9,0
U110888,2024-02-08,Free,EMEA,Organic,SMB,1,0,8.0,1,5.0,0
U110889,2024-09-11,Free,APAC,Paid,SMB,1,0,0.0,0,,0
U110890,2024-02-23,Free,NA,Organic,SMB,1,0,0.0,0,,0
U110891,2025-05-30,Business,APAC,Organic,SMB,28,812,,4,2.4,1
U110892,2024-07-23,Starter,EMEA,Paid,SMB,7,84,10.0,1,4.3,0
U110893,2025-03-11,Free,EMEA,Referral,Mid-Market,1,0,17.0,0,,0
U110894,2025-04-11,Starter,NA,Organic,Mid-Market,3,36,,1,4.9,0
U110895,2024-11-11,Starter,NA,Referral,Enterprise,3,36,4.0,2,3.8,1
U110896,2024-07-18,Free,,Partner,SMB,1,0,0.0,1,4.4,0
U110897,2024-10-16,Starter,NA,Organic,SMB,3,36,14.0,1,4.0,0
U110898,2025-03-23,Business,NA,Paid,Mid-Market,20,580,18.0,2,3.6,0
U110899,2024-09-06,Starter,EMEA,Organic,SMB,5,60,17.0,4,5.0,0
U110900,2025-01-06,Starter,APAC,Paid,Mid-Market,3,36,17.0,0,,0
U110901,2024-01-15,Free,APAC,Organic,Enterprise,1,0,18.0,0,,0
U110902,2025-06-23,Free,LATAM,Organic,SMB,1,0,5.0,0,,0
U110903,2024-08-03,Free,EMEA,Paid,SMB,1,0,7.0,1,5.0,0
U110904,2024-02-03,Free,NA,Referral,SMB,1,0,0.0,2,3.2,0
U110905,2025-04-19,Enterprise,,Organic,SMB,113,5537,32.0,4,3.3,0
U110906,2024-01-10,Free,NA,Organic,SMB,1,0,11.0,0,,0
U110907,2024-04-30,Starter,NA,Paid,Mid-Market,4,48,5.0,0,,1
U110908,2024-06-28,Free,NA,Organic,SMB,1,0,2.0,0,,0
U110909,2025-06-14,Starter,EMEA,Partner,SMB,4,48,18.0,1,4.6,1
U110910,2024-03-16,Free,EMEA,Organic,Mid-Market,1,0,6.0,0,,0
U110911,2024-10-21,Starter,APAC,Organic,Mid-Market,2,24,15.0,0,,0
U110912,2024-04-05,Starter,APAC,Partner,SMB,5,60,18.0,1,4.9,0
U110913,2024-05-30,Free,APAC,Organic,Mid-Market,1,0,4.0,2,4.5,0
U110914,2024-01-15,Free,NA,Organic,Enterprise,1,0,20.0,1,3.8,0
U110915,2025-01-30,Free,APAC,Partner,SMB,1,0,2.0,1,5.0,0
U110916,2025-06-20,Business,,Paid,SMB,38,1102,27.0,0,,0
U110917,2024-10-20,Starter,EMEA,Partner,Mid-Market,3,36,12.0,1,3.3,0
U110918,2024-07-29,Starter,NA,Partner,Enterprise,6,72,17.0,0,,0
U110919,2025-04-29,Free,LATAM,Organic,Mid-Market,1,0,0.0,0,,1
U110920,2024-09-15,Free,NA,Paid,Enterprise,1,0,6.0,0,,0
U110921,2024-07-23,Free,EMEA,Paid,Mid-Market,1,0,7.0,0,,0
U110922,2024-05-21,Free,LATAM,Organic,SMB,1,0,1.0,0,,1
U110923,2024-06-05,Starter,EMEA,Organic,SMB,6,72,15.0,2,2.8,1
U110924,2025-01-17,Free,EMEA,Paid,Mid-Market,1,0,11.0,0,,0
U110925,2024-09-26,Starter,NA,Organic,SMB,4,48,15.0,1,4.8,0
U110926,2025-04-07,Starter,EMEA,Paid,Mid-Market,6,72,6.0,0,,0
U110927,2025-05-16,Starter,APAC,Organic,SMB,5,60,14.0,1,5.0,0
U110928,2024-04-09,Business,LATAM,Organic,SMB,15,435,25.0,2,4.5,0
U110929,2024-06-06,Business,NA,Referral,Mid-Market,18,522,21.0,1,4.0,0
U110930,2025-02-14,Starter,EMEA,Organic,SMB,7,84,23.0,0,,0
U110931,2024-02-26,Starter,EMEA,Organic,Mid-Market,5,60,16.0,0,,1
U110932,2024-05-17,Business,EMEA,Partner,SMB,19,551,22.0,1,4.5,0
U110933,2024-04-25,Enterprise,APAC,Organic,SMB,158,7742,22.0,3,3.3,0
U110934,2025-06-05,Free,NA,Referral,Mid-Market,1,0,1.0,0,,0
U110935,2025-02-01,Free,EMEA,Paid,SMB,1,0,5.0,1,5.0,1
U110936,2024-03-09,Free,NA,Organic,SMB,1,0,10.0,1,4.1,1
U110937,2025-05-05,Enterprise,NA,Referral,SMB,115,5635,28.0,4,3.2,0
U110938,2024-08-24,Starter,APAC,Referral,Mid-Market,2,24,25.0,0,,0
U110939,2024-11-12,Free,EMEA,Organic,SMB,1,0,6.0,0,,0
U110940,2024-01-02,Free,EMEA,Organic,Mid-Market,1,0,2.0,0,,0
U110941,2025-04-13,Business,NA,Organic,Enterprise,21,609,21.0,3,1.9,0
U110942,2024-09-13,Business,NA,Paid,Enterprise,29,841,14.0,2,5.0,1
U110943,2024-09-20,Business,EMEA,Referral,SMB,15,435,19.0,2,3.9,0
U110944,2024-06-22,Starter,EMEA,Paid,SMB,4,48,19.0,1,5.0,1
U110945,2024-05-03,Starter,NA,Paid,SMB,4,48,11.0,0,,0
U110946,2025-04-26,free,EMEA,Organic,SMB,1,0,0.0,0,,0
U110947,2024-06-14,Starter,APAC,Paid,SMB,5,60,14.0,0,,0
U110948,2024-06-27,Free,LATAM,Organic,SMB,1,0,0.0,1,4.0,1
U110949,2024-02-14,Free,EMEA,Organic,SMB,1,0,11.0,0,,0
U110950,2025-04-04,Free,APAC,Referral,SMB,1,0,7.0,0,,0
U110951,2025-03-23,Free,NA,Organic,SMB,1,0,9.0,0,,0
U110952,2024-12-30,Starter,APAC,Organic,SMB,2,24,16.0,2,4.1,1
U110953,2024-06-15,Free,EMEA,Referral,Mid-Market,1,0,7.0,0,,0
U110954,2024-12-14,Business,NA,Paid,Enterprise,24,696,22.0,0,,0
U110955,2024-04-07,Starter,APAC,Organic,SMB,2,24,9.0,1,3.5,1
U110956,2024-06-07,Free,EMEA,Paid,SMB,1,0,14.0,0,,0
U110957,2024-09-11,Free,NA,Partner,SMB,1,0,7.0,0,,0
U110958,2024-08-31,free,EMEA,Paid,SMB,1,0,1.0,0,,0
U110959,2024-01-12,Business,EMEA,Organic,SMB,36,1044,27.0,0,,0
U110960,2024-06-15,Starter,APAC,Paid,SMB,4,48,31.0,0,,0
U110961,2025-03-19,Starter,NA,Referral,Mid-Market,7,84,14.0,2,4.0,0
U110962,2024-04-14,Business,NA,Paid,Mid-Market,35,1015,24.0,2,4.7,0
U110963,2025-06-23,Starter,NA,Organic,SMB,2,24,19.0,3,4.2,1
U110964,2024-01-29,Business,NA,Organic,Mid-Market,32,928,24.0,2,3.5,1
U110965,2025-01-18,Starter,EMEA,Organic,SMB,5,60,5.0,2,3.8,0
U110966,2025-04-16,Business,EMEA,Organic,SMB,27,783,12.0,1,4.2,0
U110967,2024-01-03,Free,NA,Organic,SMB,1,0,3.0,1,3.4,0
U110968,2025-05-11,Free,EMEA,Referral,SMB,1,0,8.0,0,,0
U110969,2024-05-12,Starter,APAC,Organic,Enterprise,4,48,10.0,1,4.8,0
U110970,2025-06-17,Enterprise,,Referral,Mid-Market,123,6027,20.0,2,5.0,0
U110971,2024-02-17,Business,NA,Paid,Mid-Market,35,1015,23.0,1,4.2,0
U110972,2024-06-12,Free,EMEA,Partner,Enterprise,1,0,11.0,0,,0
U110973,2025-05-07,Enterprise,,Referral,Mid-Market,295,14455,18.0,4,2.3,1
U110974,2024-11-24,Starter,NA,Paid,Mid-Market,4,48,13.0,2,3.3,0
U110975,2024-05-15,Free,NA,Paid,SMB,1,0,10.0,0,,0
U110976,2024-03-24,Free,APAC,Organic,Mid-Market,1,0,4.0,0,,1
U110977,2024-07-18,Free,NA,Organic,SMB,1,0,2.0,1,4.3,0
U110978,2025-04-25,Business,NA,Organic,SMB,28,812,36.0,5,4.6,0
U110979,2024-09-07,Starter,NA,Organic,SMB,5,60,17.0,0,,0
U110980,2025-05-23,Business,EMEA,Referral,SMB,21,609,24.0,4,5.0,0
U110981,2024-08-10,Business,LATAM,Referral,SMB,20,580,19.0,1,3.6,1
U110982,2024-07-24,Free,LATAM,Paid,Mid-Market,1,0,3.0,0,,1
U110983,2025-03-14,Starter,LATAM,Paid,SMB,6,72,24.0,1,3.8,0
U110984,2024-03-26,Free,LATAM,Organic,Enterprise,1,0,12.0,0,,0
U110985,2024-01-24,Free,EMEA,Organic,SMB,1,0,13.0,0,,0
U110986,2024-10-05,Starter,APAC,Organic,Mid-Market,2,24,24.0,1,4.4,0
U110987,2024-05-16,free,NA,Paid,SMB,1,0,14.0,0,,0
U110988,2024-05-22,Business,NA,Paid,SMB,6,174,29.0,2,4.7,0
U110989,2024-04-22,Business,APAC,Organic,Mid-Market,24,696,15.0,0,,0
U110990,2025-06-15,Starter,NA,Paid,SMB,2,24,4.0,1,4.1,0
U110991,2024-08-21,Free,APAC,Paid,SMB,1,0,0.0,0,,0
U110992,2024-05-06,Enterprise,NA,Paid,SMB,102,4998,24.0,3,3.4,0
U110993,2024-01-29,Free,EMEA,Organic,SMB,1,0,10.0,2,4.4,1
U110994,2024-06-11,Starter,NA,Organic,SMB,4,48,16.0,1,4.7,0
U110995,2024-09-23,Free,APAC,Referral,Enterprise,1,0,0.0,1,4.0,0
U110996,2025-03-28,Business,NA,Organic,Enterprise,20,580,28.0,3,3.3,0
U110997,2024-06-10,Starter,LATAM,Organic,Mid-Market,6,72,23.0,1,4.4,0
U110998,2025-02-08,Free,EMEA,Partner,Enterprise,1,0,0.0,0,,1
U110999,2024-02-26,Free,LATAM,Organic,SMB,1,0,11.0,0,,0
U111000,2024-01-09,Free,EMEA,Referral,SMB,1,0,6.0,0,,1
U111001,2024-01-24,Business,EMEA,Referral,SMB,38,1102,29.0,2,5.0,1
U111002,2024-02-26,Business,LATAM,Organic,SMB,11,319,11.0,3,2.7,0
U111003,2025-02-07,Business,EMEA,Organic,SMB,35,1015,16.0,3,3.7,1
U111004,2025-04-04,Starter,NA,Organic,SMB,4,48,5.0,1,3.0,0
U111005,2024-05-06,Starter,NA,Referral,Enterprise,3,36,11.0,0,,1
U111006,2024-12-21,Starter,NA,Referral,SMB,3,36,13.0,1,3.6,0
U111007,2024-09-19,Free,EMEA,Organic,Enterprise,1,0,0.0,0,,1
U111008,2024-06-03,Business,NA,Paid,SMB,39,1131,18.0,1,5.0,0
U111009,2025-01-20,Free,NA,Referral,SMB,1,0,0.0,0,,0
U111010,2024-08-10,Free,,Organic,SMB,1,0,6.0,0,,0
U111011,2024-07-08,Free,NA,Organic,SMB,1,0,11.0,0,,0
U111012,2024-07-13,Starter,NA,Organic,Mid-Market,5,60,16.0,0,,0
U111013,2025-02-19,Free,EMEA,Referral,SMB,1,0,13.0,0,,0
U111014,2024-04-11,Enterprise,NA,Organic,SMB,208,10192,22.0,2,3.9,0
U111015,2024-03-09,Starter,APAC,Referral,SMB,6,72,24.0,0,,0
U111016,2024-11-25,Free,NA,Organic,SMB,1,0,13.0,0,,0
U111017,2024-04-28,Free,EMEA,Organic,SMB,1,0,7.0,0,,0
U111018,2025-01-25,Free,EMEA,Organic,Enterprise,1,0,0.0,0,,0
U111019,2025-06-14,Free,EMEA,Partner,SMB,1,0,6.0,0,,0
U111020,2025-02-26,Business,LATAM,Paid,Mid-Market,10,290,14.0,0,,0
U111021,2025-03-18,Free,NA,Organic,SMB,1,0,0.0,0,,1
U111022,2024-01-08,Starter,APAC,Paid,SMB,4,48,16.0,0,,0
U111023,2024-02-27,Free,LATAM,Organic,Enterprise,1,0,4.0,1,5.0,0
U111024,2025-03-02,Business,EMEA,Organic,Mid-Market,25,725,17.0,1,4.6,0
U111025,2024-12-06,Free,NA,Organic,SMB,1,0,7.0,0,,1
U111026,2024-12-06,starter,NA,Paid,SMB,2,24,,0,,0
U111027,2025-04-07,Free,NA,Organic,Mid-Market,1,0,13.0,0,,0
U111028,2025-06-23,Starter,NA,Organic,Mid-Market,2,24,23.0,2,4.0,0
U111029,2024-10-14,business,NA,Organic,SMB,15,435,13.0,2,4.2,1
U111030,2024-11-16,Free,LATAM,Paid,SMB,1,0,2.0,0,,0
U111031,2025-05-20,Free,LATAM,Organic,SMB,1,0,2.0,0,,1
U111032,2025-06-08,Free,NA,Organic,SMB,1,0,0.0,2,2.7,1
U111033,2024-03-25,Free,NA,Paid,SMB,1,0,15.0,0,,0
U111034,2025-05-18,Free,NA,Partner,SMB,1,0,0.0,0,,0
U111035,2025-02-20,Enterprise,LATAM,Organic,Enterprise,137,6713,24.0,1,4.5,0
U111036,2025-05-26,Business,NA,Referral,SMB,25,725,28.0,2,4.8,0
U111037,2024-01-06,Starter,EMEA,Organic,SMB,3,36,14.0,1,4.5,0
U111038,2025-02-11,Starter,APAC,Organic,SMB,3,36,17.0,2,3.9,0
U111039,2024-04-25,Free,NA,Organic,SMB,1,0,1.0,0,,1
U111040,2025-05-02,Free,APAC,Partner,SMB,1,0,2.0,0,,0
U111041,2024-01-13,Free,EMEA,Paid,Mid-Market,1,0,2.0,1,5.0,0
U111042,2024-11-12,Free,NA,Paid,SMB,1,0,0.0,0,,0
U111043,2024-05-06,Business,EMEA,Paid,Mid-Market,33,957,18.0,1,4.0,0
U111044,2024-11-25,Enterprise,LATAM,Referral,SMB,263,12887,18.0,7,3.0,1
U111045,2024-12-29,Starter,APAC,Referral,SMB,3,36,7.0,1,3.4,1
U111046,2024-05-30,Free,NA,Organic,Mid-Market,1,0,17.0,0,,0
U111047,2025-05-22,Business,LATAM,Paid,Mid-Market,17,493,33.0,2,4.7,0
U111048,2024-03-04,Starter,NA,Organic,SMB,5,60,14.0,1,4.1,0
U111049,2024-04-26,Free,NA,Paid,Mid-Market,1,0,0.0,0,,1
U111050,2024-10-06,Free,NA,Organic,SMB,1,0,10.0,1,3.1,0
U111051,2024-07-24,Starter,NA,Organic,SMB,6,72,8.0,0,,0
U111052,2024-08-14,Business,NA,Partner,SMB,32,928,31.0,2,3.7,0
U111053,2024-09-07,Free,EMEA,Organic,Mid-Market,1,0,0.0,0,,0
U111054,2024-08-29,free,NA,Paid,Mid-Market,1,0,5.0,0,,0
U111055,2025-01-17,Enterprise,LATAM,Paid,SMB,159,7791,21.0,1,3.0,0
U111056,2024-07-23,Free,APAC,Paid,Mid-Market,1,0,0.0,0,,0
U111057,2024-07-10,Enterprise,LATAM,Organic,SMB,150,7350,32.0,3,2.9,0
U111058,2025-03-30,Enterprise,APAC,Organic,SMB,192,9408,21.0,2,3.9,0
U111059,2024-10-28,Free,EMEA,Paid,SMB,1,0,0.0,0,,0
U111060,2024-11-01,Business,LATAM,Organic,SMB,14,406,28.0,2,3.1,0
U111061,2025-01-16,Business,APAC,Referral,SMB,10,290,14.0,5,1.9,1
U111062,2024-12-07,Free,APAC,Referral,Enterprise,1,0,0.0,1,5.0,0
U111063,2024-03-29,Free,APAC,Organic,SMB,1,0,1.0,0,,1
U111064,2024-04-15,Enterprise,APAC,Paid,Enterprise,169,8281,34.0,3,3.6,0
U111065,2024-05-17,Starter,NA,Paid,SMB,7,84,14.0,1,4.8,0
U111066,2024-12-10,Free,EMEA,Organic,SMB,1,0,15.0,0,,0
U111067,2025-05-17,Free,APAC,Paid,SMB,1,0,,1,4.3,1
U111068,2024-05-04,Business,EMEA,Paid,Mid-Market,5,145,26.0,0,,1
U111069,2024-04-17,Free,NA,Organic,Mid-Market,1,0,1.0,1,4.5,0
U111070,2024-12-16,Free,NA,Organic,SMB,1,0,6.0,1,3.2,0
U111071,2024-12-04,Business,EMEA,Referral,Enterprise,38,1102,32.0,1,3.7,0
U111072,2025-06-07,Starter,NA,Organic,SMB,3,36,7.0,0,,0
U111073,2024-08-06,Starter,APAC,Referral,SMB,7,84,,1,4.2,1
U111074,2025-02-04,Starter,EMEA,Organic,Enterprise,2,24,9.0,1,4.0,0
U111075,2025-03-10,Free,NA,Paid,SMB,1,0,,0,,0
U111076,2024-02-10,Free,LATAM,Organic,Mid-Market,1,0,18.0,1,3.5,1
U111077,2025-05-10,Business,NA,Paid,SMB,29,841,12.0,0,,0
U111078,2024-08-18,Starter,LATAM,Organic,SMB,2,24,7.0,0,,0
U111079,2024-06-19,Enterprise,APAC,Paid,Mid-Market,61,2989,29.0,0,,0
U111080,2024-06-24,Free,NA,Organic,SMB,1,0,6.0,0,,0
U111081,2025-03-16,Starter,EMEA,Referral,Mid-Market,6,72,12.0,0,,0
U111082,2024-11-29,Free,NA,Paid,SMB,1,0,0.0,0,,0
U111083,2025-06-05,Business,NA,Paid,Mid-Market,24,696,20.0,2,3.0,1
U111084,2024-05-02,Free,EMEA,Paid,SMB,1,0,10.0,0,,0
U111085,2025-06-23,Starter,EMEA,Organic,Mid-Market,4,48,12.0,1,3.6,0
U111086,2024-11-07,Starter,NA,Organic,Mid-Market,3,36,17.0,0,,0
U111087,2025-01-26,Starter,NA,Referral,SMB,6,72,9.0,0,,0
U111088,2024-04-19,Business,NA,Organic,Enterprise,24,696,26.0,0,,0
U111089,2024-07-14,Free,NA,Paid,Mid-Market,1,0,24.0,0,,0
U111090,2024-11-04,Starter,NA,Organic,SMB,2,24,17.0,0,,0
U111091,2024-01-05,Free,EMEA,Paid,SMB,1,0,5.0,1,4.4,0
U111092,2025-06-13,Starter,NA,Organic,SMB,5,60,10.0,1,4.0,0
U111093,2025-04-20,Starter,NA,Paid,SMB,2,24,8.0,0,,0
U111094,2025-05-20,Free,EMEA,Referral,SMB,1,0,16.0,1,5.0,0
U111095,2024-12-17,Starter,LATAM,Referral,SMB,4,48,22.0,0,,0
U111096,2025-06-21,Starter,NA,Paid,SMB,6,72,3.0,1,4.2,0
U111097,2024-02-02,Free,EMEA,Referral,Mid-Market,1,0,6.0,2,4.1,0
U111098,2024-02-06,Free,LATAM,Referral,SMB,1,0,0.0,3,3.3,1
U111099,2024-04-01,Free,NA,Organic,SMB,1,0,5.0,1,4.0,0
U111100,2024-09-16,Free,EMEA,Referral,Mid-Market,1,0,3.0,0,,0
U111101,2024-02-12,Starter,NA,Paid,Mid-Market,4,48,14.0,0,,0
U111102,2025-02-04,Free,EMEA,Partner,Mid-Market,1,0,3.0,0,,0
U111103,2024-05-06,Starter,EMEA,Partner,Mid-Market,4,48,13.0,3,4.1,0
U111104,2024-01-05,Starter,EMEA,Organic,Mid-Market,2,24,12.0,2,3.8,0
U111105,2024-03-22,Starter,EMEA,Referral,Mid-Market,2,24,12.0,1,4.8,0
U111106,2024-07-10,Starter,APAC,Organic,SMB,4,48,16.0,0,,0
U111107,2025-06-10,Enterprise,EMEA,Paid,Mid-Market,112,5488,12.0,3,3.6,1
U111108,2024-01-17,Business,APAC,Paid,Mid-Market,25,725,16.0,2,4.7,0
U111109,2025-06-20,Starter,NA,Partner,SMB,5,60,21.0,1,3.8,0
U111110,2024-01-25,Free,NA,Organic,Mid-Market,1,0,0.0,1,2.7,1
U111111,2025-06-09,Business,NA,Paid,Mid-Market,30,870,15.0,3,3.2,0
U111112,2024-08-03,Business,APAC,Organic,SMB,16,464,23.0,0,,0
U111113,2024-08-10,Starter,EMEA,Paid,Mid-Market,7,84,10.0,0,,0
U111114,2025-06-15,Starter,NA,Paid,SMB,6,72,18.0,2,4.5,0
U111115,2025-03-22,Enterprise,APAC,Paid,Mid-Market,50,2450,19.0,3,3.1,0
U111116,2024-02-22,Free,EMEA,Paid,SMB,1,0,10.0,0,,0
U111117,2024-08-16,Starter,APAC,Paid,Mid-Market,5,60,14.0,1,4.4,0
U111118,2024-09-08,Business,APAC,Paid,Mid-Market,28,812,17.0,2,2.9,1
U111119,2025-02-27,Business,EMEA,Paid,Mid-Market,37,1073,25.0,2,3.9,0
U111120,2025-05-12,Free,NA,Organic,SMB,1,0,1.0,1,3.3,0
U111121,2025-04-03,Starter,EMEA,Paid,Mid-Market,5,60,8.0,1,5.0,0
U111122,2024-10-19,Free,NA,Organic,Enterprise,1,0,6.0,0,,0
U111123,2024-03-30,Free,NA,Organic,SMB,1,0,12.0,0,,0
U111124,2024-07-09,Free,EMEA,Organic,SMB,1,0,5.0,1,4.4,0
U111125,2024-02-15,Enterprise,EMEA,Referral,Mid-Market,59,2891,24.0,2,3.6,0
U111126,2025-05-07,Free,APAC,Organic,Mid-Market,1,0,10.0,0,,0
U111127,2024-11-30,starter,EMEA,Organic,Enterprise,5,60,13.0,0,,0
U111128,2024-10-20,Free,EMEA,Organic,Enterprise,1,0,0.0,0,,0
U111129,2025-03-15,Starter,APAC,Organic,Mid-Market,6,72,8.0,1,4.0,0
U111130,2024-08-03,Enterprise,APAC,Paid,SMB,170,8330,21.0,1,4.4,0
U111131,2025-04-18,Enterprise,,Organic,SMB,299,14651,21.0,2,4.7,0
U111132,2024-12-10,Free,NA,Organic,Mid-Market,1,0,0.0,0,,0
U111133,2024-04-30,Free,EMEA,Paid,SMB,1,0,0.0,0,,0
U111134,2025-04-18,Enterprise,APAC,Referral,SMB,232,11368,21.0,4,4.4,0
U111135,2024-06-05,Business,EMEA,Organic,SMB,16,464,17.0,2,4.7,0
U111136,2024-09-07,Free,APAC,Paid,SMB,1,0,6.0,0,,0
U111137,2024-08-19,free,EMEA,Paid,Mid-Market,1,0,11.0,0,,0
U111138,2025-01-22,Business,EMEA,Paid,Mid-Market,15,435,21.0,1,4.4,1
U111139,2024-09-29,Starter,APAC,Organic,Enterprise,7,84,22.0,0,,0
U111140,2024-06-29,Starter,EMEA,Paid,Mid-Market,3,36,35.0,0,,0
U111141,2024-02-22,Enterprise,APAC,Partner,SMB,158,7742,18.0,3,3.5,0
U111142,2024-06-26,Free,NA,Organic,SMB,1,0,0.0,0,,0
U111143,2024-07-30,Business,NA,Paid,SMB,12,348,14.0,1,5.0,0
U111144,2024-05-02,Business,NA,Paid,Mid-Market,26,754,11.0,1,4.0,0
U111145,2024-02-21,Free,NA,Referral,Mid-Market,1,0,5.0,1,3.3,0
U111146,2024-03-25,Free,EMEA,Partner,SMB,1,0,11.0,0,,0
U111147,2024-10-09,Free,NA,Referral,SMB,1,0,1.0,0,,1
U111148,2024-06-24,Free,EMEA,Paid,SMB,1,0,10.0,0,,0
U111149,2024-04-26,Free,NA,Organic,SMB,1,0,0.0,0,,1
U111150,2025-02-22,Free,EMEA,Referral,SMB,1,0,1.0,0,,0
U111151,2024-09-05,Free,APAC,Partner,SMB,1,0,1.0,0,,0
U111152,2024-06-10,Free,EMEA,Organic,SMB,1,0,1.0,0,,0
U111153,2025-05-05,Starter,NA,Partner,Mid-Market,5,60,21.0,0,,0
U111154,2024-06-04,Free,EMEA,Organic,SMB,1,0,6.0,0,,0
U111155,2024-01-12,Starter,EMEA,Organic,Enterprise,3,36,20.0,0,,0
U111156,2024-01-26,Free,NA,Organic,SMB,1,0,15.0,2,2.9,0
U111157,2024-03-02,Free,EMEA,Paid,SMB,1,0,0.0,0,,1
U111158,2025-01-03,Free,,Organic,Mid-Market,1,0,14.0,0,,0
U111159,2024-03-30,Enterprise,NA,Paid,Mid-Market,289,14161,39.0,1,3.6,0
U111160,2024-11-02,Business,NA,Paid,SMB,10,290,10.0,1,4.7,0
U111161,2025-03-10,Starter,APAC,Organic,SMB,4,48,12.0,2,4.1,1
U111162,2025-01-24,Business,NA,Organic,SMB,15,435,10.0,2,3.7,0
U111163,2025-06-05,Starter,NA,Partner,Mid-Market,4,48,5.0,1,4.8,0
U111164,2024-08-20,Starter,NA,Organic,Mid-Market,3,36,22.0,3,4.5,0
U111165,2024-01-12,Free,EMEA,Organic,SMB,1,0,4.0,2,4.0,1
U111166,2024-04-04,Starter,EMEA,Organic,SMB,6,72,31.0,0,,0
U111167,2025-03-09,Starter,EMEA,Organic,Enterprise,6,72,21.0,2,5.0,0
U111168,2024-07-18,Free,EMEA,Organic,Enterprise,1,0,0.0,1,4.5,1
U111169,2024-08-13,Business,NA,Organic,SMB,33,957,16.0,1,4.5,1
U111170,2025-05-26,Starter,NA,Organic,SMB,2,24,16.0,0,,0
U111171,2025-03-14,Business,APAC,Referral,Mid-Market,14,406,29.0,3,1.8,0
U111172,2025-03-07,Free,NA,Paid,SMB,1,0,1.0,0,,0
U111173,2024-04-24,Free,EMEA,Organic,SMB,1,0,7.0,0,,0
U111174,2025-06-19,Free,NA,Referral,SMB,1,0,,1,4.7,1
U111175,2024-01-27,Free,NA,Organic,Mid-Market,1,0,2.0,1,4.2,0
U111176,2024-12-27,Starter,NA,Organic,Mid-Market,6,72,12.0,2,3.9,0
U111177,2024-10-06,Starter,EMEA,Organic,SMB,5,60,1.0,0,,0
U111178,2024-10-29,Starter,EMEA,Organic,SMB,5,60,15.0,1,4.5,0
U111179,2024-08-28,Business,NA,Partner,Mid-Market,37,1073,14.0,2,3.9,0
U111180,2024-08-17,Free,EMEA,Organic,Mid-Market,1,0,12.0,0,,0
U111181,2024-01-29,Free,APAC,Organic,SMB,1,0,,1,3.5,1
U111182,2025-05-13,Free,EMEA,Organic,Mid-Market,1,0,6.0,0,,0
U111183,2025-02-28,Starter,NA,Organic,SMB,2,24,13.0,0,,0
U111184,2024-10-15,Free,NA,Referral,Mid-Market,1,0,4.0,0,,0
U111185,2025-05-02,Starter,NA,Partner,SMB,4,48,13.0,0,,0
U111186,2024-12-10,Starter,NA,Referral,Enterprise,4,48,13.0,1,3.4,0
U111187,2024-12-27,Starter,NA,Organic,Enterprise,4,48,20.0,0,,0
U111188,2024-02-29,Starter,EMEA,Organic,Mid-Market,5,60,12.0,0,,0
U111189,2025-01-03,Starter,EMEA,Paid,SMB,3,36,3.0,1,4.2,0
U111190,2024-11-13,Enterprise,EMEA,Organic,SMB,278,13622,34.0,3,4.2,1
U111191,2024-08-27,Starter,APAC,Referral,Mid-Market,2,24,15.0,2,4.2,0
U111192,2024-12-18,Free,APAC,Referral,Mid-Market,1,0,21.0,0,,0
U111193,2024-08-05,Business,NA,Partner,SMB,22,638,7.0,4,3.7,1
U111194,2024-05-25,Free,LATAM,Paid,SMB,1,0,8.0,0,,0
U111195,2025-06-13,Starter,EMEA,Organic,SMB,4,48,9.0,0,,0
U111196,2024-10-26,Free,LATAM,Organic,SMB,1,0,0.0,0,,0
U111197,2025-02-03,Free,NA,Organic,SMB,1,0,6.0,0,,0
U111198,2025-06-20,Enterprise,EMEA,Organic,SMB,223,10927,22.0,3,5.0,0
U111199,2024-09-07,Enterprise,NA,Organic,SMB,114,5586,26.0,4,3.9,0
U111200,2024-04-22,Business,EMEA,Organic,SMB,38,1102,23.0,1,4.9,0
U111201,2024-11-05,Free,NA,Paid,SMB,1,0,0.0,0,,0
U111202,2024-07-16,Starter,EMEA,Organic,SMB,3,36,22.0,1,3.6,0
U111203,2025-02-10,Starter,APAC,Organic,Mid-Market,6,72,17.0,1,5.0,1
U111204,2025-02-09,Business,EMEA,Organic,SMB,23,667,21.0,2,3.9,0
U111205,2025-05-31,Free,APAC,Partner,SMB,1,0,7.0,0,,0
U111206,2024-07-08,Starter,EMEA,Partner,SMB,5,60,24.0,2,3.5,1
U111207,2024-03-28,Free,EMEA,Organic,Mid-Market,1,0,7.0,0,,0
U111208,2024-03-07,Free,LATAM,Referral,SMB,1,0,10.0,1,4.7,0
U111209,2025-03-13,Free,EMEA,Organic,SMB,1,0,17.0,0,,0
U111210,2024-10-12,Free,,Paid,Mid-Market,1,0,11.0,0,,0
U111211,2024-01-14,Business,EMEA,Referral,SMB,22,638,14.0,0,,0
U111212,2025-04-13,Free,NA,Paid,SMB,1,0,0.0,0,,0
U111213,2025-01-25,Free,EMEA,Organic,Mid-Market,1,0,12.0,1,3.8,0
U111214,2024-01-05,Starter,APAC,Referral,Mid-Market,4,48,10.0,2,4.1,1
U111215,2024-10-20,Free,NA,Organic,SMB,1,0,17.0,1,5.0,0
U111216,2025-03-02,Starter,NA,Organic,SMB,4,48,17.0,1,4.0,0
U111217,2024-01-15,Free,NA,Organic,SMB,1,0,12.0,0,,1
U111218,2024-11-23,Starter,NA,Organic,SMB,4,48,9.0,0,,0
U111219,2024-10-13,Business,LATAM,Referral,Mid-Market,12,348,21.0,0,,0
U111220,2024-03-20,Business,EMEA,Organic,Mid-Market,7,203,11.0,0,,1
U111221,2025-01-02,Free,NA,Referral,Enterprise,1,0,15.0,1,3.3,0
U111222,2024-08-25,Free,,Referral,Mid-Market,1,0,7.0,0,,0
U111223,2025-01-31,Free,NA,Referral,Enterprise,1,0,0.0,1,4.9,0
U111224,2024-10-08,Business,APAC,Organic,Mid-Market,9,261,13.0,2,2.9,1
U111225,2024-04-07,Starter,EMEA,Organic,SMB,6,72,21.0,2,4.1,0
U111226,2024-04-12,Business,APAC,Referral,SMB,32,928,29.0,2,4.3,0
U111227,2024-01-30,Starter,NA,Organic,SMB,3,36,22.0,0,,0
U111228,2024-11-13,Starter,EMEA,Organic,SMB,7,84,2.0,0,,0
U111229,2025-01-21,Starter,NA,Referral,Mid-Market,7,84,16.0,0,,0
U111230,2024-04-13,Enterprise,EMEA,Partner,SMB,156,7644,27.0,1,4.9,0
U111231,2024-06-22,Free,APAC,Referral,SMB,1,0,14.0,0,,0
U111232,2025-06-19,Free,NA,Organic,Mid-Market,1,0,0.0,1,4.8,1
U111233,2024-09-29,Enterprise,NA,Paid,SMB,46,2254,25.0,1,5.0,1
U111234,2025-04-04,Enterprise,NA,Organic,SMB,173,8477,13.0,0,,1
U111235,2024-07-25,Free,NA,Organic,Mid-Market,1,0,1.0,0,,0
U111236,2024-04-20,Starter,NA,Referral,SMB,4,48,12.0,0,,1
U111237,2025-04-05,Starter,NA,Partner,Mid-Market,3,36,2.0,1,3.3,1
U111238,2025-05-01,Business,LATAM,Organic,SMB,15,435,30.0,1,3.1,0
U111239,2025-06-13,Starter,EMEA,Organic,Enterprise,6,72,27.0,0,,0
U111240,2025-06-14,Free,NA,Organic,Enterprise,1,0,6.0,1,4.6,0
U111241,2025-02-20,Enterprise,APAC,Paid,SMB,269,13181,34.0,1,4.6,0
U111242,2024-12-20,Business,NA,Partner,SMB,39,1131,23.0,2,3.3,0
U111243,2024-03-03,Business,LATAM,Organic,SMB,31,899,27.0,2,4.2,0
U111244,2024-04-05,Free,NA,Organic,SMB,1,0,22.0,0,,0
U111245,2025-03-10,Free,APAC,Organic,Enterprise,1,0,6.0,1,3.8,0
U111246,2024-09-05,Starter,EMEA,Organic,Mid-Market,2,24,3.0,1,4.1,0
U111247,2025-01-23,Free,EMEA,Paid,Mid-Market,1,0,3.0,0,,0
U111248,2024-09-13,Starter,EMEA,Organic,SMB,7,84,19.0,1,5.0,0
U111249,2025-03-05,Starter,EMEA,Partner,SMB,7,84,4.0,0,,0
U111250,2025-05-31,Enterprise,EMEA,Paid,Mid-Market,180,8820,31.0,1,3.9,0
U111251,2025-05-18,Free,LATAM,Organic,Mid-Market,1,0,2.0,0,,0
U111252,2024-07-21,Starter,NA,Partner,SMB,5,60,22.0,3,3.8,0
U111253,2024-03-25,Free,EMEA,Paid,SMB,1,0,9.0,0,,0
U111254,2025-01-22,Business,NA,Partner,SMB,9,261,24.0,0,,0
U111255,2024-09-17,Business,NA,Organic,Mid-Market,24,696,12.0,3,3.6,0
U111256,2025-03-08,Starter,NA,Organic,Mid-Market,5,60,,1,4.6,1
U111257,2024-07-18,Free,APAC,Organic,SMB,1,0,4.0,0,,0
U111258,2024-03-01,Starter,NA,Paid,Mid-Market,4,48,6.0,1,3.9,0
U111259,2024-11-22,Free,EMEA,Referral,SMB,1,0,7.0,1,4.4,0
U111260,2024-08-26,Business,LATAM,Paid,Enterprise,19,551,17.0,2,3.8,0
U111261,2024-08-14,Enterprise,LATAM,Organic,SMB,156,7644,23.0,4,4.3,1
U111262,2025-03-01,Free,EMEA,Referral,SMB,1,0,7.0,1,4.0,0
U111263,2024-08-18,Free,APAC,Organic,Mid-Market,1,0,8.0,0,,0
U111264,2024-03-04,Free,EMEA,Organic,Mid-Market,1,0,5.0,0,,1
U111265,2024-08-02,Starter,,Paid,SMB,6,72,31.0,1,4.1,0
U111266,2024-04-25,Business,LATAM,Paid,Enterprise,6,174,,3,4.4,0
U111267,2025-02-02,Business,EMEA,Organic,SMB,30,870,24.0,2,4.7,0
U111268,2025-04-11,Starter,EMEA,Referral,Enterprise,6,72,23.0,0,,0
U111269,2024-06-17,Enterprise,EMEA,Referral,SMB,208,10192,26.0,3,4.2,0
U111270,2025-05-01,Free,EMEA,Paid,Mid-Market,1,0,3.0,1,3.4,0
U111271,2024-08-28,Free,LATAM,Paid,SMB,1,0,5.0,0,,1
U111272,2025-04-20,Enterprise,EMEA,Referral,SMB,182,8918,17.0,3,3.7,0
U111273,2024-04-21,Business,EMEA,Paid,Enterprise,6,174,23.0,2,4.3,0
U111274,2024-08-12,Free,APAC,Paid,SMB,1,0,0.0,0,,0
U111275,2024-12-11,Starter,EMEA,Referral,SMB,4,48,8.0,0,,0
U111276,2025-02-09,Starter,APAC,Organic,SMB,6,72,11.0,1,4.1,0
U111277,2025-04-14,Starter,NA,Organic,Mid-Market,7,84,9.0,1,3.7,1
U111278,2025-01-13,Starter,LATAM,Partner,SMB,4,48,13.0,1,4.6,1
U111279,2025-04-23,Starter,,Organic,Mid-Market,5,60,24.0,1,3.6,0
U111280,2024-08-27,Free,NA,Referral,SMB,1,0,17.0,1,4.0,0
U111281,2024-04-07,free,NA,Partner,SMB,1,0,8.0,0,,1
U111282,2024-11-22,Enterprise,NA,Organic,Mid-Market,38,1862,29.0,1,3.9,0
U111283,2024-02-10,Free,EMEA,Organic,Mid-Market,1,0,6.0,0,,0
U111284,2024-01-09,Starter,APAC,Paid,Mid-Market,6,72,20.0,2,5.0,0
U111285,2024-11-12,Starter,LATAM,Organic,Enterprise,6,72,5.0,0,,1
U111286,2024-10-11,Enterprise,NA,Paid,SMB,219,10731,34.0,3,4.5,0
U111287,2024-01-26,Starter,EMEA,Referral,Mid-Market,3,36,19.0,1,3.7,0
U111288,2024-06-19,Enterprise,EMEA,Referral,SMB,137,6713,14.0,5,2.6,1
U111289,2024-11-28,Free,NA,Organic,SMB,1,0,0.0,0,,1
U111290,2024-02-10,Business,APAC,Organic,SMB,7,203,,1,3.9,0
U111291,2024-01-15,Starter,APAC,Paid,SMB,3,36,13.0,0,,0
U111292,2024-02-15,Enterprise,NA,Referral,SMB,43,2107,23.0,5,2.6,0
U111293,2025-02-10,Starter,EMEA,Organic,SMB,4,48,13.0,1,3.9,0
U111294,2025-03-18,Free,NA,Paid,Mid-Market,1,0,0.0,0,,0
U111295,2025-04-25,Business,APAC,Organic,SMB,19,551,22.0,3,2.8,1
U111296,2025-05-27,Starter,LATAM,Partner,Mid-Market,3,36,19.0,3,4.2,0
U111297,2025-01-03,Starter,EMEA,Paid,SMB,2,24,18.0,0,,0
U111298,2025-04-12,Business,APAC,Referral,Mid-Market,38,1102,17.0,2,2.5,1
U111299,2024-08-19,Free,EMEA,Organic,Mid-Market,1,0,12.0,0,,0
U111300,2024-12-30,Business,,Organic,SMB,9,261,20.0,0,,0
U111301,2025-04-10,Starter,EMEA,Organic,SMB,2,24,16.0,1,2.2,0
U111302,2024-06-01,Free,EMEA,Referral,Enterprise,1,0,2.0,0,,0
U111303,2024-10-09,Free,EMEA,Partner,SMB,1,0,0.0,1,4.7,0
U111304,2024-04-12,Starter,NA,Partner,SMB,4,48,14.0,3,4.4,0
U111305,2024-12-13,Enterprise,EMEA,Organic,Enterprise,123,6027,36.0,1,4.2,0
U111306,2024-07-23,Free,NA,Partner,SMB,1,0,7.0,0,,0
U111307,2025-01-02,Free,EMEA,Organic,SMB,1,0,,0,,0
U111308,2024-11-27,Starter,EMEA,Referral,SMB,5,60,1.0,1,4.0,1
U111309,2024-11-30,Free,NA,Paid,SMB,1,0,7.0,1,3.8,1
U111310,2024-02-26,Starter,APAC,Organic,SMB,5,60,11.0,3,3.9,0
U111311,2024-11-12,Starter,NA,Organic,Mid-Market,6,72,19.0,1,4.4,0
U111312,2024-11-27,Business,NA,Partner,Mid-Market,28,812,10.0,2,4.1,0
U111313,2025-01-14,Starter,NA,Organic,SMB,7,84,15.0,0,,0
U111314,2025-04-01,Enterprise,APAC,Organic,Enterprise,142,6958,21.0,1,3.5,0
U111315,2024-11-14,Starter,EMEA,Organic,Mid-Market,6,72,7.0,2,4.3,0
U111316,2025-01-30,Starter,NA,Organic,Mid-Market,2,24,3.0,1,2.6,0
U111317,2024-12-31,Free,LATAM,Referral,SMB,1,0,14.0,0,,0
U111318,2024-12-24,Enterprise,NA,Partner,SMB,40,1960,23.0,3,2.4,0
U111319,2024-08-25,Free,EMEA,Partner,Mid-Market,1,0,0.0,0,,1
U111320,2024-03-28,Business,APAC,Organic,SMB,35,1015,30.0,2,3.6,0
U111321,2024-01-12,Business,,Partner,SMB,35,1015,17.0,1,3.8,1
U111322,2025-01-01,Free,APAC,Organic,Mid-Market,1,0,0.0,2,4.6,0
U111323,2024-12-13,Starter,NA,Organic,Mid-Market,5,60,17.0,0,,0
U111324,2024-03-07,starter,EMEA,Organic,Mid-Market,3,36,7.0,0,,1
U111325,2024-06-13,Free,EMEA,Organic,Mid-Market,1,0,2.0,0,,0
U111326,2025-06-18,Starter,NA,Paid,SMB,6,72,13.0,0,,1
U111327,2024-02-29,Starter,NA,Organic,Mid-Market,5,60,10.0,0,,1
U111328,2025-04-01,Enterprise,EMEA,Paid,SMB,243,11907,38.0,4,3.8,0
U111329,2025-02-17,Starter,LATAM,Referral,SMB,7,84,22.0,0,,0
U111330,2024-12-17,Free,EMEA,Organic,SMB,1,0,10.0,1,3.5,1
U111331,2024-10-29,Enterprise,NA,Referral,Mid-Market,197,9653,25.0,0,,0
U111332,2025-05-11,Starter,NA,Paid,Mid-Market,3,36,15.0,1,4.3,0
U111333,2024-04-17,Free,LATAM,Partner,SMB,1,0,1.0,2,4.9,1
U111334,2024-01-29,Free,APAC,Referral,SMB,1,0,4.0,0,,0
U111335,2025-05-28,Free,LATAM,Referral,SMB,1,0,0.0,0,,1
U111336,2024-08-18,Free,LATAM,Organic,SMB,1,0,0.0,1,4.6,0
U111337,2024-08-17,Starter,EMEA,Paid,SMB,7,84,13.0,0,,0
U111338,2024-05-01,Starter,EMEA,Organic,SMB,2,24,19.0,1,4.1,0
U111339,2024-04-04,Starter,APAC,Organic,Enterprise,6,72,17.0,0,,0
U111340,2025-05-17,Free,NA,Organic,Enterprise,1,0,2.0,0,,0
U111341,2024-03-07,Starter,APAC,Paid,SMB,3,36,21.0,2,4.1,1
U111342,2024-03-09,Free,NA,Organic,Mid-Market,1,0,0.0,1,3.4,0
U111343,2025-03-03,Starter,NA,Paid,SMB,4,48,9.0,0,,1
U111344,2024-08-28,Starter,NA,Paid,Mid-Market,7,84,7.0,0,,0
U111345,2024-03-02,Free,APAC,Paid,SMB,1,0,16.0,1,5.0,0
U111346,2024-06-08,Business,NA,Referral,SMB,32,928,24.0,3,5.0,0
U111347,2024-12-31,Starter,NA,Organic,SMB,7,84,14.0,2,5.0,0
U111348,2024-08-19,Enterprise,EMEA,Organic,SMB,89,4361,30.0,0,,0
U111349,2024-10-22,Free,EMEA,Organic,SMB,1,0,2.0,0,,0
U111350,2024-04-26,Enterprise,EMEA,Partner,Enterprise,86,4214,18.0,2,3.0,0
U111351,2024-06-09,Free,NA,Paid,Mid-Market,1,0,3.0,0,,0
U111352,2024-02-07,starter,APAC,Organic,Mid-Market,3,36,1.0,1,3.7,0
U111353,2024-06-11,Free,APAC,Organic,SMB,1,0,6.0,0,,0
U111354,2024-08-16,Free,,Organic,Mid-Market,1,0,0.0,1,4.4,0
U111355,2024-02-21,Starter,APAC,Organic,Enterprise,3,36,12.0,1,4.9,0
U111356,2024-07-11,Starter,APAC,Partner,SMB,2,24,16.0,1,4.1,0
U111357,2024-06-26,Business,EMEA,Organic,Mid-Market,35,1015,27.0,2,4.5,0
U111358,2024-06-15,Free,EMEA,Partner,SMB,1,0,0.0,0,,0
U111359,2024-02-14,Free,APAC,Organic,SMB,1,0,11.0,1,3.7,0
U111360,2024-06-17,Enterprise,LATAM,Referral,SMB,75,3675,36.0,0,,0
U111361,2025-03-25,Free,NA,Organic,Mid-Market,1,0,8.0,0,,0
U111362,2025-01-26,Business,NA,Partner,SMB,28,812,14.0,0,,0
U111363,2025-05-03,Business,APAC,Organic,SMB,25,725,15.0,5,2.3,0
U111364,2024-02-08,Free,APAC,Organic,Enterprise,1,0,6.0,1,4.3,0
U111365,2025-01-17,Free,EMEA,Paid,SMB,1,0,0.0,1,3.9,1
U111366,2025-05-22,Enterprise,EMEA,Paid,Enterprise,269,13181,26.0,5,1.8,0
U111367,2024-08-16,Starter,APAC,Paid,SMB,5,60,18.0,0,,0
U111368,2025-04-30,Free,NA,Organic,Mid-Market,1,0,1.0,1,4.3,0
U111369,2025-03-06,Starter,EMEA,Referral,SMB,3,36,22.0,0,,0
U111370,2024-08-10,Free,NA,Organic,SMB,1,0,,0,,1
U111371,2024-04-10,Free,LATAM,Organic,Enterprise,1,0,8.0,0,,0
U111372,2025-01-19,Free,EMEA,Paid,SMB,1,0,9.0,0,,0
U111373,2024-07-30,Free,EMEA,Organic,SMB,1,0,21.0,0,,0
U111374,2024-04-21,Business,EMEA,Organic,Enterprise,17,493,29.0,1,3.3,0
U111375,2024-09-01,Enterprise,EMEA,Organic,Mid-Market,258,12642,19.0,0,,1
U111376,2025-02-04,Starter,NA,Paid,SMB,6,72,34.0,1,3.7,0
U111377,2024-08-13,Free,APAC,Organic,Enterprise,1,0,8.0,1,4.3,0
U111378,2024-11-15,Business,EMEA,Organic,SMB,14,406,19.0,1,4.5,0
U111379,2024-09-10,Business,NA,Partner,Enterprise,35,1015,30.0,1,5.0,0
U111380,2024-04-15,Starter,EMEA,Organic,SMB,4,48,13.0,1,4.4,0
U111381,2024-02-04,Starter,EMEA,Partner,Mid-Market,3,36,10.0,0,,0
U111382,2024-05-02,Starter,NA,Referral,SMB,3,36,15.0,1,4.1,1
U111383,2025-01-18,Free,NA,Paid,SMB,1,0,0.0,1,3.4,0
U111384,2024-02-26,Business,NA,Paid,Mid-Market,26,754,22.0,3,2.7,0
U111385,2025-06-23,Free,NA,Organic,SMB,1,0,0.0,0,,1
U111386,2024-03-06,Free,NA,Organic,SMB,1,0,,1,1.9,0
U111387,2025-04-18,Starter,NA,Organic,Mid-Market,6,72,10.0,2,4.5,0
U111388,2025-04-14,Business,NA,Organic,Mid-Market,33,957,23.0,2,4.0,0
U111389,2024-10-24,Starter,APAC,Paid,Mid-Market,2,24,19.0,0,,0
U111390,2024-11-14,Free,EMEA,Partner,SMB,1,0,2.0,0,,0
U111391,2024-12-09,Free,NA,Paid,Mid-Market,1,0,26.0,0,,0
U111392,2025-03-02,Free,NA,Organic,SMB,1,0,13.0,0,,0
U111393,2025-01-08,Free,NA,Organic,Mid-Market,1,0,0.0,1,4.5,0
U111394,2025-03-29,Free,EMEA,Referral,SMB,1,0,0.0,1,4.6,0
U111395,2024-02-16,Free,LATAM,Paid,SMB,1,0,2.0,0,,0
U111396,2024-04-11,Enterprise,LATAM,Referral,SMB,236,11564,25.0,1,4.0,0
U111397,2024-07-06,Starter,NA,Organic,SMB,6,72,9.0,0,,0
U111398,2024-04-07,Free,NA,Organic,Enterprise,1,0,10.0,0,,0
U111399,2024-12-04,Free,EMEA,Referral,Enterprise,1,0,5.0,0,,0
U111400,2024-10-17,Business,EMEA,Organic,SMB,14,406,25.0,0,,0
U111401,2024-12-23,Starter,,Paid,SMB,3,36,16.0,1,4.0,0
U111402,2025-04-20,Free,APAC,Paid,Enterprise,1,0,5.0,0,,0
U111403,2024-09-13,Free,EMEA,Paid,Mid-Market,1,0,12.0,0,,0
U111404,2024-10-25,Starter,NA,Paid,Mid-Market,7,84,9.0,1,2.2,0
U111405,2025-04-16,Free,APAC,Organic,SMB,1,0,9.0,0,,0
U111406,2024-04-24,Free,NA,Partner,Mid-Market,1,0,8.0,0,,0
U111407,2025-01-19,Free,NA,Paid,Mid-Market,1,0,11.0,1,4.0,0
U111408,2024-05-13,Free,NA,Organic,SMB,1,0,1.0,0,,0
U111409,2025-05-11,Business,APAC,Organic,SMB,11,319,17.0,4,2.7,1
U111410,2024-10-02,Starter,EMEA,Organic,SMB,2,24,21.0,2,4.1,0
U111411,2025-05-10,Business,EMEA,Organic,SMB,12,348,22.0,1,3.9,0
U111412,2024-06-25,Business,,Organic,SMB,29,841,22.0,1,3.2,1
U111413,2025-06-13,Free,APAC,Organic,Mid-Market,1,0,4.0,0,,0
U111414,2024-03-19,Free,EMEA,Organic,SMB,1,0,16.0,1,5.0,0
U111415,2024-03-13,Starter,LATAM,Organic,Mid-Market,3,36,13.0,0,,0
U111416,2025-04-17,Starter,NA,Referral,SMB,6,72,30.0,3,4.4,1
U111417,2025-01-21,Free,NA,Organic,SMB,1,0,5.0,2,3.8,1
U111418,2025-05-12,Business,NA,Organic,SMB,15,435,18.0,1,4.2,0
U111419,2024-07-20,Free,APAC,Organic,SMB,1,0,0.0,0,,0
U111420,2024-08-18,Business,NA,Partner,Enterprise,13,377,26.0,2,5.0,0
U111421,2024-05-04,Business,EMEA,Paid,Enterprise,13,377,19.0,0,,0
U111422,2024-11-23,Free,NA,Paid,Mid-Market,1,0,6.0,1,3.6,0
U111423,2024-10-17,Starter,APAC,Partner,Enterprise,2,24,22.0,1,3.5,0
U111424,2025-04-11,Business,EMEA,Organic,Mid-Market,37,1073,19.0,0,,0
U111425,2025-01-25,Free,,Organic,SMB,1,0,6.0,0,,0
U111426,2025-05-02,Starter,APAC,Organic,Mid-Market,3,36,21.0,1,4.7,0
U111427,2025-04-14,Enterprise,APAC,Organic,SMB,269,13181,29.0,1,4.6,0
U111428,2024-05-03,Starter,LATAM,Paid,Enterprise,7,84,0.0,0,,1
U111429,2024-09-22,Business,EMEA,Organic,SMB,35,1015,5.0,0,,0
U111430,2025-01-18,Free,EMEA,Organic,SMB,1,0,16.0,0,,0
U111431,2024-03-14,Starter,APAC,Partner,Enterprise,7,84,6.0,0,,0
U111432,2024-05-26,Free,APAC,Partner,SMB,1,0,0.0,1,5.0,0
U111433,2024-03-02,starter,LATAM,Organic,SMB,6,72,8.0,1,5.0,0
U111434,2025-04-25,Free,APAC,Partner,Mid-Market,1,0,7.0,0,,0
U111435,2025-05-30,Starter,APAC,Organic,SMB,4,48,25.0,0,,0
U111436,2024-10-11,Free,EMEA,Paid,Mid-Market,1,0,16.0,0,,0
U111437,2025-06-19,Business,APAC,Partner,Enterprise,8,232,24.0,4,2.1,1
U111438,2024-10-12,Starter,NA,Organic,SMB,3,36,5.0,1,4.6,0
U111439,2025-04-21,Free,LATAM,Organic,SMB,1,0,0.0,0,,0
U111440,2024-03-14,Enterprise,EMEA,Paid,Mid-Market,176,8624,28.0,3,3.5,0
U111441,2025-05-16,Free,,Organic,SMB,1,0,11.0,0,,1
U111442,2025-01-02,Free,EMEA,Organic,SMB,1,0,0.0,0,,0
U111443,2024-03-25,Enterprise,NA,Organic,SMB,143,7007,32.0,2,3.7,1
U111444,2024-02-14,Free,NA,Partner,SMB,1,0,0.0,1,4.4,0
U111445,2025-03-22,Free,EMEA,Organic,SMB,1,0,8.0,1,4.6,1
U111446,2025-04-16,Starter,NA,Partner,SMB,4,48,5.0,1,4.0,0
U111447,2024-11-02,Free,APAC,Organic,SMB,1,0,0.0,0,,0
U111448,2024-04-23,Free,NA,Organic,Mid-Market,1,0,4.0,2,4.6,0
U111449,2024-05-28,Business,NA,Organic,SMB,31,899,18.0,1,5.0,0
U111450,2024-10-28,Starter,EMEA,Paid,SMB,6,72,11.0,1,4.6,0
U111451,2024-05-04,Free,LATAM,Organic,SMB,1,0,11.0,0,,0
U111452,2024-09-18,Starter,EMEA,Referral,SMB,6,72,5.0,1,4.2,0
U111453,2025-06-18,Starter,NA,Paid,SMB,3,36,14.0,1,3.9,1
U111454,2025-05-12,Free,NA,Organic,Enterprise,1,0,0.0,0,,0
U111455,2024-05-24,Starter,APAC,Referral,Enterprise,6,72,15.0,2,4.8,0
U111456,2024-09-08,Starter,NA,Paid,SMB,3,36,9.0,4,4.1,1
U111457,2024-09-25,Business,NA,Organic,SMB,28,812,16.0,2,4.5,0
U111458,2024-04-10,Business,NA,Organic,SMB,8,232,8.0,2,4.5,0
U111459,2024-11-05,Starter,EMEA,Referral,SMB,6,72,4.0,1,3.0,1
U111460,2024-01-27,Business,NA,Paid,Enterprise,17,493,10.0,3,4.3,1
U111461,2024-05-08,Starter,APAC,Organic,Mid-Market,4,48,19.0,0,,0
U111462,2024-03-09,Business,NA,Organic,SMB,24,696,31.0,0,,0
U111463,2025-03-25,Business,EMEA,Paid,SMB,8,232,16.0,0,,0
U111464,2024-03-28,Business,NA,Referral,SMB,26,754,19.0,4,5.0,0
U111465,2024-10-20,Free,NA,Referral,Mid-Market,1,0,6.0,1,4.2,0
U111466,2025-03-03,Enterprise,EMEA,Referral,SMB,252,12348,23.0,0,,0
U111467,2025-03-01,Starter,EMEA,Partner,SMB,4,48,12.0,1,3.7,0
U111468,2024-04-18,Business,EMEA,Organic,SMB,25,725,23.0,2,3.9,0
U111469,2025-01-26,Free,NA,Organic,SMB,1,0,10.0,1,3.9,0
U111470,2025-02-08,Starter,EMEA,Organic,SMB,7,84,18.0,1,4.0,0
U111471,2024-11-29,Free,APAC,Organic,SMB,1,0,12.0,1,4.7,0
U111472,2024-10-26,Business,NA,Referral,Mid-Market,26,754,14.0,2,3.3,0
U111473,2024-05-08,Starter,NA,Referral,Mid-Market,2,24,16.0,0,,1
U111474,2024-07-12,Starter,EMEA,Organic,Mid-Market,6,72,16.0,4,3.0,0
U111475,2025-05-18,Enterprise,NA,Paid,Mid-Market,154,7546,23.0,3,3.0,0
U111476,2024-01-18,Business,NA,Organic,SMB,21,609,17.0,3,3.2,0
U111477,2024-01-09,Starter,NA,Referral,SMB,7,84,18.0,0,,1
U111478,2024-10-06,Starter,EMEA,Partner,SMB,5,60,15.0,2,5.0,0
U111479,2024-01-02,Free,NA,Organic,Mid-Market,1,0,6.0,0,,1
U111480,2025-02-11,Free,APAC,Paid,Mid-Market,1,0,6.0,0,,0
U111481,2024-12-20,Business,EMEA,Organic,SMB,39,1131,20.0,1,2.8,0
U111482,2024-06-16,Free,NA,Organic,SMB,1,0,6.0,1,5.0,0
U111483,2025-01-03,Free,NA,Organic,Mid-Market,1,0,1.0,1,4.0,0
U111484,2025-03-01,Business,NA,Organic,SMB,39,1131,21.0,3,5.0,1
U111485,2024-09-28,Starter,EMEA,Paid,SMB,5,60,16.0,3,3.1,1
U111486,2025-04-30,Free,EMEA,Partner,Mid-Market,1,0,0.0,0,,0
U111487,2025-01-01,Starter,NA,Referral,Mid-Market,4,48,21.0,3,5.0,1
U111488,2025-02-16,Free,NA,Partner,SMB,1,0,7.0,2,3.8,0
U111489,2025-03-05,Starter,APAC,Referral,Enterprise,4,48,18.0,0,,0
U111490,2024-07-13,Free,NA,Organic,SMB,1,0,5.0,2,4.4,1
U111491,2024-06-14,Business,NA,Organic,SMB,24,696,29.0,3,3.7,0
U111492,2024-06-05,Free,APAC,Referral,SMB,1,0,15.0,1,3.4,0
U111493,2024-01-23,Starter,NA,Paid,Mid-Market,2,24,23.0,0,,0
U111494,2025-01-07,Business,EMEA,Referral,Mid-Market,16,464,38.0,0,,0
U111495,2024-07-20,Free,NA,Organic,SMB,1,0,1.0,0,,1
U111496,2024-09-19,Business,APAC,Referral,Enterprise,11,319,28.0,2,3.6,0
U111497,2024-03-20,Free,EMEA,Paid,SMB,1,0,1.0,1,4.8,0
U111498,2025-04-01,Starter,NA,Organic,SMB,3,36,12.0,1,3.4,0
U111499,2025-04-27,Free,NA,Organic,Mid-Market,1,0,14.0,0,,0
U111500,2025-05-24,Starter,APAC,Organic,SMB,3,36,16.0,0,,0
U111501,2024-10-08,Starter,EMEA,Paid,SMB,5,60,18.0,2,4.5,0
U111502,2025-06-02,Free,LATAM,Organic,SMB,1,0,0.0,1,2.4,0
U111503,2024-02-20,Starter,NA,Organic,Enterprise,3,36,6.0,1,3.9,0
U111504,2025-03-26,Business,NA,Organic,SMB,39,1131,5.0,1,2.6,0
U111505,2025-01-03,Free,EMEA,Organic,SMB,1,0,16.0,0,,0
U111506,2025-06-08,Free,APAC,Organic,SMB,1,0,4.0,1,3.6,0
U111507,2024-09-24,Free,NA,Organic,SMB,1,0,9.0,0,,0
U111508,2025-03-09,Free,APAC,Organic,SMB,1,0,6.0,1,4.8,0
U111509,2024-12-25,Business,EMEA,Partner,SMB,15,435,24.0,2,3.6,0
U111510,2024-10-13,Starter,EMEA,Organic,SMB,2,24,9.0,0,,0
U111511,2024-10-09,Business,NA,Partner,SMB,22,638,24.0,2,3.0,0
U111512,2025-04-28,Free,APAC,Paid,Mid-Market,1,0,0.0,2,4.6,1
U111513,2025-03-04,Business,APAC,Partner,Mid-Market,18,522,30.0,5,2.2,0
U111514,2025-04-29,Free,EMEA,Paid,Enterprise,1,0,,1,4.8,0
U111515,2025-06-06,Starter,NA,Organic,SMB,3,36,23.0,0,,0
U111516,2024-09-04,Starter,LATAM,Organic,SMB,3,36,5.0,2,2.7,0
U111517,2025-02-21,Free,NA,Paid,Mid-Market,1,0,0.0,0,,1
U111518,2025-01-14,Free,NA,Paid,SMB,1,0,4.0,0,,0
U111519,2024-10-26,Enterprise,NA,Paid,Mid-Market,110,5390,17.0,5,3.1,0
U111520,2024-06-22,Starter,EMEA,Organic,Mid-Market,7,84,20.0,1,4.0,0
U111521,2024-10-06,Starter,EMEA,Partner,SMB,4,48,12.0,2,3.7,0
U111522,2025-04-30,Free,NA,Organic,Enterprise,1,0,8.0,0,,0
U111523,2025-02-18,Free,LATAM,Organic,SMB,1,0,0.0,0,,0
U111524,2024-02-23,Starter,LATAM,Paid,SMB,3,36,22.0,0,,0
U111525,2024-03-09,Starter,EMEA,Organic,SMB,3,36,15.0,1,3.4,0
U111526,2025-06-04,Free,NA,Organic,SMB,1,0,0.0,0,,0
U111527,2024-04-03,Business,NA,Organic,Mid-Market,11,319,31.0,1,5.0,0
U111528,2024-01-08,Free,NA,Organic,SMB,1,0,3.0,1,4.3,1
U111529,2025-05-22,Starter,EMEA,Organic,SMB,6,72,0.0,0,,0
U111530,2025-03-15,Starter,LATAM,Organic,SMB,5,60,12.0,2,4.9,0
U111531,2024-11-24,Free,EMEA,Organic,Mid-Market,1,0,21.0,0,,0
U111532,2024-05-20,Free,NA,Partner,SMB,1,0,8.0,0,,0
U111533,2024-04-28,Free,LATAM,Organic,Enterprise,1,0,10.0,2,3.6,0
U111534,2024-03-03,Starter,APAC,Paid,Mid-Market,5,60,12.0,1,4.5,0
U111535,2024-03-29,Enterprise,NA,Paid,Mid-Market,55,2695,26.0,2,3.2,0
U111536,2024-01-02,Starter,EMEA,Organic,SMB,5,60,10.0,0,,0
U111537,2025-06-11,Free,EMEA,Organic,SMB,1,0,9.0,0,,0
U111538,2024-08-04,Starter,APAC,Paid,Enterprise,6,72,23.0,0,,0
U111539,2024-01-12,Starter,LATAM,Organic,SMB,3,36,14.0,1,3.9,0
U111540,2024-06-20,Free,NA,Paid,SMB,1,0,14.0,0,,0
U111541,2025-01-28,Free,NA,Paid,SMB,1,0,6.0,0,,0
U111542,2024-08-19,Business,NA,Organic,SMB,11,319,18.0,1,3.5,0
U111543,2025-04-30,Free,EMEA,Organic,SMB,1,0,10.0,0,,0
U111544,2024-12-27,Free,LATAM,Organic,SMB,1,0,3.0,1,4.1,0
U111545,2024-03-12,Enterprise,APAC,Paid,SMB,81,3969,28.0,3,4.3,0
U111546,2025-03-05,Free,EMEA,Referral,SMB,1,0,5.0,2,3.6,0
U111547,2025-04-09,Enterprise,NA,Organic,SMB,243,11907,28.0,1,4.6,0
U111548,2024-09-22,Free,EMEA,Referral,SMB,1,0,2.0,0,,0
U111549,2024-04-07,Starter,APAC,Referral,SMB,4,48,13.0,0,,0
U111550,2025-04-02,Starter,NA,Organic,SMB,3,36,5.0,1,3.8,0
U111551,2025-04-30,Business,LATAM,Organic,SMB,9,261,20.0,0,,0
U111552,2024-12-15,Free,APAC,Referral,Mid-Market,1,0,0.0,0,,0
U111553,2024-08-13,Free,NA,Paid,SMB,1,0,1.0,0,,1
U111554,2024-03-13,Free,EMEA,Referral,SMB,1,0,12.0,0,,0
U111555,2024-07-22,Business,NA,Partner,Mid-Market,22,638,31.0,2,4.9,0
U111556,2024-09-26,Free,EMEA,Organic,SMB,1,0,5.0,3,3.1,1
U111557,2024-01-27,Free,LATAM,Partner,SMB,1,0,10.0,1,4.7,0
U111558,2024-08-02,Starter,APAC,Paid,Enterprise,6,72,7.0,0,,0
U111559,2025-02-06,Free,EMEA,Paid,SMB,1,0,9.0,0,,1
U111560,2024-01-08,Free,NA,Organic,Mid-Market,1,0,15.0,1,5.0,0
U111561,2024-06-14,Free,,Organic,Enterprise,1,0,3.0,0,,0
U111562,2024-09-12,Free,APAC,Organic,Mid-Market,1,0,0.0,0,,0
U111563,2024-09-03,Business,EMEA,Partner,SMB,27,783,16.0,0,,1
U111564,2024-07-02,Free,LATAM,Paid,SMB,1,0,,2,3.8,0
U111565,2024-12-16,Free,LATAM,Paid,Mid-Market,1,0,12.0,0,,0
U111566,2025-02-05,Starter,LATAM,Referral,SMB,7,84,5.0,0,,0
U111567,2024-12-13,Starter,APAC,Partner,SMB,6,72,22.0,1,3.1,0
U111568,2025-01-24,Free,NA,Paid,SMB,1,0,13.0,0,,0
U111569,2024-12-14,Free,LATAM,Partner,SMB,1,0,7.0,2,3.2,1
U111570,2024-10-16,Free,NA,Organic,Mid-Market,1,0,1.0,0,,1
U111571,2024-08-17,Starter,EMEA,Referral,SMB,4,48,18.0,0,,0
U111572,2024-02-19,Free,NA,Organic,SMB,1,0,1.0,0,,0
U111573,2024-06-21,enterprise,NA,Organic,Enterprise,218,10682,29.0,5,1.8,1
U111574,2024-02-21,Free,NA,Paid,SMB,1,0,11.0,0,,0
U111575,2024-10-26,Free,APAC,Paid,SMB,1,0,2.0,0,,0
U111576,2025-06-08,Starter,APAC,Organic,Mid-Market,6,72,24.0,1,3.7,0
U111577,2024-01-21,Free,NA,Partner,Mid-Market,1,0,0.0,0,,0
U111578,2024-05-06,free,NA,Organic,SMB,1,0,15.0,1,4.5,1
U111579,2024-05-13,Free,NA,Paid,Mid-Market,1,0,5.0,0,,0
U111580,2024-02-01,Starter,EMEA,Referral,SMB,3,36,28.0,1,3.7,0
U111581,2025-05-17,Free,APAC,Organic,SMB,1,0,10.0,0,,0
U111582,2024-01-26,Starter,EMEA,Paid,Enterprise,3,36,13.0,1,4.7,0
U111583,2024-01-10,Starter,NA,Partner,SMB,2,24,23.0,0,,0
U111584,2024-07-24,Enterprise,NA,Referral,Mid-Market,197,9653,19.0,2,4.3,0
U111585,2024-12-16,Starter,LATAM,Organic,Mid-Market,4,48,0.0,0,,0
U111586,2024-12-06,Starter,EMEA,Organic,Enterprise,3,36,9.0,2,4.7,0
U111587,2024-09-04,Free,EMEA,Organic,SMB,1,0,14.0,0,,0
U111588,2024-09-10,Free,LATAM,Paid,SMB,1,0,0.0,0,,0
U111589,2024-08-21,Business,NA,Paid,SMB,10,290,15.0,2,3.1,0
U111590,2024-12-13,Starter,NA,Organic,SMB,6,72,23.0,2,3.9,0
U111591,2025-04-14,Enterprise,EMEA,Organic,SMB,207,10143,29.0,4,4.3,0
U111592,2024-06-14,Starter,EMEA,Paid,Enterprise,2,24,10.0,0,,0
U111593,2024-12-28,Free,APAC,Referral,SMB,1,0,0.0,0,,1
U111594,2025-01-28,Enterprise,NA,Paid,SMB,88,4312,29.0,0,,0
U111595,2024-10-30,Starter,LATAM,Paid,SMB,4,48,11.0,0,,0
U111596,2025-04-09,Free,LATAM,Referral,SMB,1,0,4.0,0,,1
U111597,2025-05-30,Free,LATAM,Organic,Mid-Market,1,0,0.0,1,3.3,1
U111598,2024-03-05,Free,EMEA,Paid,SMB,1,0,13.0,1,4.2,0
U111599,2024-11-08,Free,NA,Organic,SMB,1,0,9.0,0,,0
U111600,2024-07-26,Free,NA,Partner,SMB,1,0,0.0,0,,0
U111601,2024-10-10,Free,APAC,Organic,SMB,1,0,0.0,0,,0
U111602,2024-02-11,Free,LATAM,Organic,Enterprise,1,0,0.0,0,,0
U111603,2024-03-01,Starter,APAC,Organic,SMB,2,24,10.0,1,4.0,0
U111604,2024-05-23,Free,EMEA,Partner,SMB,1,0,9.0,0,,0
U111605,2024-07-17,Starter,NA,Paid,SMB,6,72,11.0,1,4.7,0
U111606,2024-10-05,Starter,EMEA,Paid,SMB,4,48,0.0,1,5.0,0
U111607,2024-09-20,Business,NA,Organic,SMB,38,1102,,4,3.4,0
U111608,2025-06-08,Enterprise,LATAM,Paid,SMB,119,5831,24.0,2,3.8,0
U111609,2024-09-23,Free,APAC,Organic,SMB,1,0,8.0,0,,0
U111610,2024-09-11,Free,NA,Organic,Mid-Market,1,0,0.0,1,3.5,0
U111611,2025-02-13,Free,NA,Paid,Enterprise,1,0,5.0,0,,0
U111612,2024-08-26,Business,LATAM,Organic,SMB,15,435,13.0,3,4.5,0
U111613,2024-04-27,Starter,NA,Organic,SMB,7,84,16.0,3,3.1,1
U111614,2024-08-17,Starter,APAC,Paid,Mid-Market,7,84,22.0,1,4.1,0
U111615,2024-08-13,Free,EMEA,Paid,SMB,1,0,0.0,1,3.7,0
U111616,2025-03-18,Free,LATAM,Organic,SMB,1,0,3.0,1,4.6,0
U111617,2024-08-13,Starter,NA,Paid,SMB,3,36,11.0,2,4.2,0
U111618,2025-04-13,Starter,EMEA,Paid,SMB,5,60,26.0,1,3.7,0
U111619,2024-04-14,Enterprise,EMEA,Organic,SMB,148,7252,24.0,3,3.7,0
U111620,2024-03-11,Free,NA,Referral,SMB,1,0,8.0,0,,0
U111621,2025-06-10,Starter,NA,Partner,SMB,2,24,19.0,0,,0
U111622,2024-02-14,Business,NA,Partner,SMB,31,899,22.0,3,4.2,0
U111623,2025-05-14,Starter,NA,Referral,SMB,4,48,24.0,0,,0
U111624,2024-12-07,Free,EMEA,Paid,SMB,1,0,0.0,1,4.0,1
U111625,2024-12-11,Starter,EMEA,Organic,Mid-Market,4,48,19.0,1,5.0,0
U111626,2024-11-29,Enterprise,EMEA,Organic,Mid-Market,260,12740,34.0,0,,0
U111627,2024-02-21,Starter,NA,Paid,SMB,2,24,14.0,1,4.9,0
U111628,2025-01-27,Free,LATAM,Organic,SMB,1,0,4.0,0,,0
U111629,2024-06-05,Starter,NA,Paid,Enterprise,2,24,25.0,1,4.7,0
U111630,2024-06-06,Free,APAC,Referral,Mid-Market,1,0,17.0,1,4.8,0
U111631,2024-11-19,Enterprise,LATAM,Paid,SMB,214,10486,18.0,5,3.7,0
U111632,2025-03-17,Starter,NA,Organic,SMB,5,60,13.0,1,4.9,0
U111633,2024-03-17,Free,APAC,Organic,SMB,1,0,6.0,0,,0
U111634,2025-04-27,Business,APAC,Paid,SMB,33,957,28.0,1,2.1,0
U111635,2024-01-30,Enterprise,NA,Paid,SMB,158,7742,,3,3.3,0
U111636,2024-01-14,Free,NA,Organic,SMB,1,0,9.0,0,,0
U111637,2024-05-18,Business,APAC,Organic,SMB,5,145,20.0,2,3.4,0
U111638,2025-05-31,Starter,EMEA,Organic,SMB,6,72,15.0,1,4.1,0
U111639,2024-04-22,Business,NA,Organic,Mid-Market,32,928,14.0,1,5.0,0
U111640,2024-11-16,Business,EMEA,Referral,SMB,39,1131,25.0,2,2.6,0
U111641,2024-09-21,Starter,APAC,Paid,SMB,6,72,17.0,1,4.7,0
U111642,2025-03-04,Starter,NA,Organic,SMB,2,24,13.0,1,3.9,0
U111643,2024-02-01,Free,EMEA,Paid,SMB,1,0,9.0,1,5.0,0
U111644,2024-07-20,Business,APAC,Organic,SMB,21,609,29.0,0,,1
U111645,2024-11-21,Enterprise,EMEA,Paid,SMB,226,11074,38.0,2,4.3,0
U111646,2024-07-16,Free,EMEA,Organic,Enterprise,1,0,2.0,0,,0
U111647,2024-07-06,Business,EMEA,Organic,SMB,36,1044,21.0,3,4.3,1
U111648,2024-10-22,Free,NA,Organic,SMB,1,0,0.0,0,,1
U111649,2025-01-22,Starter,LATAM,Organic,Mid-Market,6,72,9.0,0,,0
U111650,2024-07-04,Starter,EMEA,Organic,Mid-Market,4,48,9.0,0,,0
U111651,2025-04-07,Free,NA,Referral,Enterprise,1,0,0.0,0,,0
U111652,2024-06-27,Starter,APAC,Referral,Mid-Market,2,24,4.0,1,3.9,1
U111653,2025-05-29,Free,EMEA,Referral,SMB,1,0,5.0,0,,0
U111654,2024-02-20,Starter,NA,Paid,Mid-Market,2,24,13.0,1,2.8,0
U111655,2024-01-30,Business,EMEA,Paid,Mid-Market,35,1015,22.0,4,3.7,0
U111656,2024-02-20,Business,NA,Referral,Mid-Market,14,406,30.0,1,5.0,0
U111657,2024-07-09,Starter,APAC,Organic,SMB,3,36,6.0,0,,0
U111658,2024-07-26,Free,NA,Paid,SMB,1,0,0.0,1,3.3,1
U111659,2025-05-13,Free,LATAM,Partner,SMB,1,0,0.0,0,,0
U111660,2024-03-02,Starter,NA,Paid,SMB,5,60,12.0,2,3.2,0
U111661,2025-05-02,Starter,NA,Paid,SMB,3,36,1.0,3,3.2,0
U111662,2024-10-31,Starter,NA,Referral,SMB,5,60,17.0,1,4.3,0
U111663,2024-06-02,Business,EMEA,Organic,SMB,37,1073,25.0,2,4.0,0
U111664,2025-02-16,Free,EMEA,Paid,Mid-Market,1,0,5.0,0,,0
U111665,2024-03-02,Free,NA,Referral,Enterprise,1,0,7.0,0,,0
U111666,2025-01-13,Starter,APAC,Paid,SMB,3,36,7.0,3,4.0,1
U111667,2024-09-15,Business,NA,Organic,Mid-Market,6,174,22.0,2,3.4,0
U111668,2024-04-10,Starter,EMEA,Paid,SMB,2,24,0.0,0,,0
U111669,2025-01-26,Starter,EMEA,Organic,SMB,7,84,8.0,0,,0
U111670,2024-08-09,Free,NA,Organic,SMB,1,0,16.0,0,,0
U111671,2025-02-15,Enterprise,NA,Referral,SMB,180,8820,22.0,1,3.4,0
U111672,2024-08-29,Free,NA,Organic,Mid-Market,1,0,6.0,0,,0
U111673,2024-10-17,Free,EMEA,Organic,SMB,1,0,5.0,0,,1
U111674,2024-12-17,Starter,EMEA,Organic,SMB,4,48,16.0,0,,0
U111675,2024-10-11,Starter,LATAM,Paid,SMB,3,36,11.0,1,2.4,1
U111676,2025-02-01,Starter,NA,Organic,SMB,4,48,10.0,0,,0
U111677,2024-06-18,Free,EMEA,Organic,Mid-Market,1,0,4.0,0,,0
U111678,2025-03-20,Starter,NA,Referral,SMB,2,24,21.0,0,,0
U111679,2025-03-03,Free,NA,Paid,SMB,1,0,3.0,0,,0
U111680,2025-05-21,Free,LATAM,Referral,SMB,1,0,4.0,0,,0
U111681,2024-05-17,Free,NA,Referral,SMB,1,0,12.0,0,,0
U111682,2025-01-27,Starter,EMEA,Organic,Enterprise,4,48,23.0,0,,0
U111683,2024-02-21,Starter,EMEA,Paid,SMB,3,36,17.0,0,,0
U111684,2025-01-06,Enterprise,NA,Organic,Mid-Market,214,10486,30.0,1,3.1,0
U111685,2024-12-19,Starter,APAC,Organic,SMB,3,36,18.0,2,4.3,0
U111686,2024-08-13,Free,NA,Organic,Enterprise,1,0,11.0,0,,0
U111687,2024-05-11,Free,APAC,Paid,SMB,1,0,12.0,0,,0
U111688,2025-06-11,Business,EMEA,Organic,Mid-Market,34,986,22.0,1,4.6,1
U111689,2024-11-03,Free,APAC,Organic,SMB,1,0,8.0,0,,0
U111690,2024-07-26,Free,EMEA,Paid,SMB,1,0,13.0,0,,0
U111691,2025-04-08,Starter,EMEA,Referral,Mid-Market,7,84,2.0,2,3.2,0
U111692,2024-07-26,Starter,EMEA,Partner,SMB,6,72,15.0,0,,0
U111693,2024-06-02,Starter,EMEA,Paid,Mid-Market,4,48,12.0,0,,0
U111694,2024-09-01,Enterprise,NA,Paid,SMB,175,8575,26.0,5,3.1,0
U111695,2024-02-13,Starter,,Organic,Enterprise,7,84,0.0,1,4.4,0
U111696,2024-01-19,Starter,APAC,Paid,Mid-Market,6,72,22.0,0,,0
U111697,2024-12-21,Free,APAC,Paid,Mid-Market,1,0,2.0,0,,0
U111698,2024-05-08,Free,EMEA,Paid,Enterprise,1,0,14.0,1,3.5,0
U111699,2024-02-28,Enterprise,EMEA,Referral,SMB,95,4655,23.0,1,4.3,0
U111700,2024-04-28,Starter,NA,Paid,Enterprise,2,24,20.0,1,5.0,0
U111701,2024-10-24,Free,NA,Referral,Enterprise,1,0,10.0,1,4.8,0
U111702,2025-03-26,Business,LATAM,Referral,SMB,10,290,33.0,5,3.6,0
U111703,2024-05-05,Business,NA,Organic,SMB,36,1044,18.0,3,3.4,1
U111704,2025-01-30,Business,EMEA,Organic,SMB,35,1015,18.0,1,3.9,0
U111705,2024-02-12,Business,NA,Organic,Mid-Market,11,319,17.0,3,3.1,0
U111706,2025-04-08,Starter,APAC,Organic,Mid-Market,5,60,20.0,0,,0
U111707,2024-01-12,Starter,NA,Paid,Mid-Market,7,84,4.0,0,,0
U111708,2024-09-06,Free,EMEA,Organic,SMB,1,0,0.0,1,3.5,0
U111709,2024-01-09,business,NA,Organic,SMB,14,406,25.0,4,4.0,0
U111710,2025-03-16,Business,APAC,Organic,Mid-Market,26,754,21.0,4,2.7,0
U111711,2024-02-06,Free,LATAM,Organic,Mid-Market,1,0,11.0,0,,0
U111712,2025-03-30,Business,APAC,Paid,Mid-Market,36,1044,15.0,4,3.4,1
U111713,2024-05-23,Free,NA,Organic,SMB,1,0,7.0,0,,0
U111714,2025-02-18,Business,APAC,Organic,SMB,8,232,8.0,2,3.0,0
U111715,2024-05-28,Enterprise,APAC,Paid,SMB,192,9408,24.0,3,3.4,0
U111716,2025-04-30,Starter,LATAM,Organic,Enterprise,5,60,17.0,0,,0
U111717,2024-10-10,Business,APAC,Paid,SMB,37,1073,15.0,3,2.1,1
U111718,2025-01-21,Business,EMEA,Organic,SMB,23,667,,1,5.0,0
U111719,2025-04-15,Business,NA,Organic,SMB,37,1073,14.0,4,4.0,1
U111720,2025-01-13,Free,NA,Organic,Mid-Market,1,0,0.0,0,,1
U111721,2024-10-27,Business,EMEA,Organic,Mid-Market,13,377,13.0,3,4.5,1
U111722,2025-03-13,Free,NA,Organic,Mid-Market,1,0,4.0,1,3.7,0
U111723,2024-01-06,Free,NA,Partner,Enterprise,1,0,13.0,0,,0
U111724,2025-06-06,Free,APAC,Paid,SMB,1,0,13.0,0,,0
U111725,2024-11-17,Starter,APAC,Paid,SMB,2,24,28.0,0,,0
U111726,2025-06-17,Starter,LATAM,Paid,Mid-Market,6,72,15.0,1,3.0,0
U111727,2024-04-12,Free,EMEA,Organic,SMB,1,0,2.0,0,,0
U111728,2025-04-08,Business,APAC,Paid,SMB,16,464,30.0,6,1.9,0
U111729,2024-01-24,Starter,LATAM,Paid,Mid-Market,5,60,26.0,1,3.5,0
U111730,2024-01-22,Business,EMEA,Organic,SMB,14,406,19.0,1,2.9,0
U111731,2025-04-15,Free,,Organic,Mid-Market,1,0,10.0,0,,0
U111732,2025-05-24,Starter,NA,Organic,Mid-Market,2,24,10.0,1,4.9,0
U111733,2024-09-10,Business,EMEA,Paid,SMB,9,261,3.0,2,4.4,1
U111734,2025-04-09,Starter,NA,Organic,SMB,5,60,13.0,1,4.1,0
U111735,2024-12-16,Starter,APAC,Referral,SMB,3,36,14.0,0,,0
U111736,2025-05-04,Starter,EMEA,Organic,Mid-Market,3,36,15.0,1,3.9,0
U111737,2024-04-03,Free,APAC,Partner,SMB,1,0,8.0,0,,1
U111738,2024-11-10,Starter,NA,Organic,Enterprise,3,36,26.0,0,,0
U111739,2024-01-25,Business,APAC,Paid,Mid-Market,9,261,9.0,1,3.4,0
U111740,2024-08-20,Starter,NA,Organic,Mid-Market,7,84,0.0,0,,1
U111741,2024-09-17,Business,NA,Paid,SMB,9,261,9.0,4,3.2,1
U111742,2024-02-09,Free,NA,Organic,SMB,1,0,7.0,2,4.1,0
U111743,2024-04-04,Enterprise,NA,Paid,SMB,92,4508,21.0,7,3.1,0
U111744,2024-12-12,Free,APAC,Organic,Enterprise,1,0,0.0,0,,0
U111745,2024-10-02,Free,EMEA,Organic,SMB,1,0,13.0,1,4.0,0
U111746,2024-09-05,Starter,EMEA,Organic,SMB,2,24,12.0,0,,0
U111747,2024-02-27,Starter,NA,Paid,SMB,5,60,5.0,2,4.0,0
U111748,2024-12-02,Free,NA,Organic,SMB,1,0,18.0,0,,0
U111749,2025-05-26,Starter,EMEA,Referral,Enterprise,6,72,30.0,3,3.8,0
U111750,2024-02-10,Starter,EMEA,Paid,SMB,2,24,17.0,0,,0
U111751,2025-03-02,Business,APAC,Organic,SMB,39,1131,21.0,0,,0
U111752,2025-03-27,Free,EMEA,Organic,SMB,1,0,9.0,0,,0
U111753,2024-07-07,Business,EMEA,Organic,Mid-Market,16,464,14.0,1,4.2,0
U111754,2025-01-17,Free,EMEA,Organic,Mid-Market,1,0,1.0,0,,0
U111755,2024-04-17,Free,NA,Partner,SMB,1,0,19.0,0,,0
U111756,2024-03-13,Starter,NA,Organic,SMB,3,36,10.0,2,5.0,0
U111757,2025-04-10,Free,APAC,Organic,Mid-Market,1,0,5.0,0,,0
U111758,2024-12-14,Free,NA,Organic,SMB,1,0,0.0,0,,0
U111759,2024-06-19,Starter,NA,Organic,SMB,5,60,13.0,0,,0
U111760,2025-06-19,Free,NA,Paid,SMB,1,0,15.0,3,3.2,0
U111761,2024-07-25,enterprise,NA,Organic,SMB,255,12495,28.0,6,3.0,0
U111762,2025-06-11,Free,EMEA,Paid,Mid-Market,1,0,9.0,2,4.0,0
U111763,2024-07-02,Free,NA,Paid,SMB,1,0,0.0,0,,0
U111764,2025-04-09,Business,LATAM,Organic,SMB,33,957,21.0,0,,0
U111765,2024-02-20,Free,NA,Paid,Mid-Market,1,0,8.0,0,,0
U111766,2024-11-19,Free,NA,Paid,SMB,1,0,11.0,0,,1
U111767,2025-01-01,Free,NA,Partner,SMB,1,0,27.0,0,,0
U111768,2025-02-16,Starter,,Organic,Mid-Market,5,60,20.0,0,,0
U111769,2024-08-04,Free,EMEA,Organic,Mid-Market,1,0,12.0,0,,0
U111770,2024-05-31,Starter,NA,Organic,SMB,3,36,16.0,0,,0
U111771,2025-03-02,Starter,NA,Organic,SMB,4,48,12.0,1,3.7,0
U111772,2025-03-29,Starter,NA,Organic,SMB,2,24,23.0,1,5.0,0
U111773,2025-02-23,Starter,NA,Organic,SMB,3,36,19.0,0,,0
U111774,2024-09-26,Starter,NA,Referral,SMB,6,72,26.0,2,4.8,0
U111775,2025-03-20,Starter,NA,Organic,SMB,5,60,22.0,1,4.4,1
U111776,2024-11-15,Enterprise,NA,Paid,SMB,148,7252,18.0,2,3.4,0
U111777,2025-02-19,Starter,NA,Paid,SMB,5,60,19.0,1,4.6,0
U111778,2025-05-01,Free,APAC,Organic,SMB,1,0,9.0,1,4.0,0
U111779,2024-10-18,Free,NA,Paid,SMB,1,0,1.0,1,3.7,0
U111780,2025-03-19,Free,EMEA,Organic,SMB,1,0,7.0,0,,0
U111781,2025-02-19,free,LATAM,Referral,SMB,1,0,0.0,1,4.4,0
U111782,2024-02-11,Business,NA,Organic,Mid-Market,22,638,29.0,1,3.7,0
U111783,2024-08-08,Free,NA,Paid,SMB,1,0,12.0,0,,1
U111784,2024-09-25,Starter,NA,Organic,Mid-Market,2,24,15.0,1,3.1,0
U111785,2024-01-31,Starter,EMEA,Organic,Enterprise,4,48,13.0,0,,1
U111786,2024-09-25,Free,NA,Organic,Enterprise,1,0,10.0,1,4.8,1
U111787,2024-07-26,Starter,,Partner,SMB,3,36,18.0,0,,1
U111788,2025-03-24,Business,,Referral,Mid-Market,11,319,20.0,3,4.7,1
U111789,2024-04-30,Business,NA,Partner,Mid-Market,18,522,21.0,3,3.9,0
U111790,2024-02-26,Business,NA,Organic,Mid-Market,36,1044,29.0,1,4.7,0
U111791,2024-03-27,Starter,EMEA,Paid,Mid-Market,5,60,11.0,0,,0
U111792,2024-04-06,Enterprise,NA,Paid,Mid-Market,165,8085,28.0,1,4.2,0
U111793,2024-12-16,Business,NA,Paid,Mid-Market,14,406,17.0,0,,0
U111794,2024-01-27,Free,EMEA,Paid,SMB,1,0,17.0,0,,0
U111795,2025-03-31,Business,APAC,Paid,SMB,17,493,28.0,4,1.5,1
U111796,2024-06-04,Free,NA,Paid,SMB,1,0,4.0,1,3.7,0
U111797,2024-08-03,Starter,APAC,Organic,SMB,3,36,7.0,1,3.6,0
U111798,2024-02-03,Free,APAC,Organic,SMB,1,0,3.0,0,,0
U111799,2024-01-19,Starter,NA,Organic,Mid-Market,4,48,16.0,2,3.2,0
U111800,2024-01-19,Business,EMEA,Paid,SMB,16,464,8.0,0,,0
U111801,2024-12-20,Free,EMEA,Paid,Mid-Market,1,0,12.0,0,,0
U111802,2025-03-21,Free,NA,Referral,Mid-Market,1,0,12.0,0,,0
U111803,2025-02-06,Free,APAC,Organic,SMB,1,0,13.0,0,,0
U111804,2025-06-20,Enterprise,NA,Organic,Mid-Market,99,4851,17.0,0,,0
U111805,2025-03-20,Starter,NA,Partner,SMB,5,60,14.0,0,,0
U111806,2024-09-23,Free,NA,Organic,Enterprise,1,0,1.0,2,4.6,1
U111807,2024-04-13,Starter,NA,Partner,SMB,6,72,11.0,0,,0
U111808,2024-02-22,Business,APAC,Referral,SMB,12,348,22.0,0,,0
U111809,2024-04-16,Business,APAC,Organic,SMB,29,841,20.0,0,,0
U111810,2024-07-26,Starter,EMEA,Organic,SMB,5,60,15.0,1,3.1,0
U111811,2024-12-08,Free,EMEA,Organic,SMB,1,0,7.0,1,3.8,0
U111812,2025-05-10,Business,NA,Paid,SMB,36,1044,4.0,1,2.5,0
U111813,2024-12-18,Starter,NA,Paid,SMB,2,24,6.0,1,3.5,1
U111814,2024-12-17,Free,NA,Paid,Mid-Market,1,0,5.0,0,,0
U111815,2024-02-02,Free,APAC,Referral,Mid-Market,1,0,2.0,1,4.3,0
U111816,2024-10-08,Business,APAC,Paid,Mid-Market,17,493,29.0,2,2.2,0
U111817,2025-05-18,Free,LATAM,Paid,Mid-Market,1,0,4.0,0,,0
U111818,2024-03-21,Business,NA,Organic,Mid-Market,36,1044,12.0,1,5.0,0
U111819,2024-07-26,Starter,NA,Organic,SMB,6,72,7.0,0,,1
U111820,2025-01-27,Business,NA,Organic,Enterprise,30,870,22.0,1,3.4,0
U111821,2024-08-12,Starter,EMEA,Paid,SMB,5,60,0.0,0,,0
U111822,2024-06-17,Business,NA,Referral,SMB,14,406,22.0,1,4.4,0
U111823,2025-02-03,Starter,LATAM,Referral,SMB,3,36,14.0,0,,0
U111824,2024-04-09,Business,NA,Organic,SMB,24,696,21.0,2,3.5,0
U111825,2024-06-25,Business,NA,Paid,SMB,35,1015,18.0,1,3.6,0
U111826,2025-01-22,Free,EMEA,Organic,Enterprise,1,0,0.0,0,,0
U111827,2024-10-31,Free,EMEA,Paid,SMB,1,0,6.0,0,,0
U111828,2025-03-03,Free,EMEA,Paid,SMB,1,0,0.0,0,,0
U111829,2024-01-07,Business,EMEA,Organic,Enterprise,35,1015,12.0,0,,0
U111830,2024-07-19,Free,EMEA,Organic,SMB,1,0,6.0,0,,0
U111831,2024-01-21,Business,NA,Paid,SMB,19,551,16.0,0,,0
U111832,2024-05-06,Free,NA,Paid,SMB,1,0,19.0,0,,0
U111833,2024-12-06,Free,APAC,Paid,Mid-Market,1,0,9.0,0,,0
U111834,2025-02-13,Starter,NA,Partner,SMB,7,84,1.0,1,3.0,0
U111835,2024-03-22,Free,NA,Organic,SMB,1,0,13.0,1,4.2,0
U111836,2024-07-28,Starter,NA,Organic,SMB,5,60,14.0,1,3.8,1
U111837,2025-01-11,Starter,NA,Paid,SMB,2,24,16.0,1,5.0,0
U111838,2024-05-06,Starter,APAC,Organic,Mid-Market,5,60,10.0,0,,0
U111839,2024-05-11,Business,NA,Referral,SMB,16,464,19.0,2,3.1,0
U111840,2024-01-24,Business,APAC,Partner,SMB,36,1044,18.0,1,4.4,0
U111841,2024-12-10,Free,EMEA,Partner,SMB,1,0,4.0,1,5.0,0
U111842,2024-11-16,Starter,NA,Referral,Mid-Market,3,36,8.0,0,,0
U111843,2025-06-01,Free,NA,Organic,SMB,1,0,3.0,3,4.5,0
U111844,2025-01-18,Business,NA,Paid,SMB,30,870,20.0,2,3.7,0
U111845,2024-08-12,Free,EMEA,Paid,Mid-Market,1,0,0.0,1,5.0,0
U111846,2024-04-09,Free,EMEA,Organic,SMB,1,0,16.0,0,,0
U111847,2024-05-25,Starter,NA,Organic,SMB,7,84,20.0,2,5.0,0
U111848,2024-04-24,Free,EMEA,Paid,Enterprise,1,0,0.0,0,,1
U111849,2024-06-08,Free,LATAM,Paid,Mid-Market,1,0,10.0,0,,0
U111850,2024-12-05,Free,APAC,Organic,SMB,1,0,6.0,0,,0
U111851,2024-12-29,Enterprise,NA,Organic,SMB,157,7693,25.0,0,,0
U111852,2024-11-22,Free,NA,Referral,SMB,1,0,12.0,1,4.3,0
U111853,2025-05-08,Enterprise,NA,Organic,Mid-Market,119,5831,25.0,2,4.2,0
U111854,2024-04-17,Free,NA,Partner,Mid-Market,1,0,25.0,0,,0
U111855,2025-03-16,Free,EMEA,Paid,SMB,1,0,0.0,0,,0
U111856,2024-04-21,Free,NA,Organic,Enterprise,1,0,3.0,0,,0
U111857,2025-04-03,Business,NA,Referral,Mid-Market,34,986,32.0,1,4.7,0
U111858,2024-10-09,Business,NA,Referral,Mid-Market,11,319,24.0,2,3.2,0
U111859,2024-01-11,Starter,NA,Organic,SMB,4,48,12.0,0,,0
U111860,2024-02-26,Business,EMEA,Paid,SMB,15,435,12.0,2,3.7,0
U111861,2024-04-04,Starter,EMEA,Referral,SMB,6,72,15.0,1,4.6,0
U111862,2024-08-20,Starter,EMEA,Paid,Mid-Market,4,48,22.0,1,4.2,0
U111863,2024-12-23,Starter,EMEA,Organic,Mid-Market,3,36,14.0,0,,0
U111864,2024-08-02,Enterprise,NA,Organic,Mid-Market,207,10143,23.0,2,3.6,0
U111865,2025-02-23,Free,APAC,Organic,SMB,1,0,0.0,0,,1
U111866,2025-06-04,Free,NA,Referral,SMB,1,0,0.0,0,,0
U111867,2025-05-02,Enterprise,NA,Paid,SMB,60,2940,24.0,4,2.6,0
U111868,2025-06-10,Business,NA,Paid,Enterprise,12,348,23.0,1,3.8,0
U111869,2025-01-22,Free,LATAM,Organic,SMB,1,0,0.0,1,3.2,0
U111870,2025-04-07,Free,EMEA,Referral,SMB,1,0,15.0,0,,0
U111871,2024-09-10,Free,NA,Paid,SMB,1,0,0.0,1,3.5,0
U111872,2024-04-01,Starter,EMEA,Organic,SMB,6,72,18.0,0,,0
U111873,2024-12-07,Free,NA,Organic,SMB,1,0,10.0,1,4.1,0
U111874,2024-07-02,Free,APAC,Paid,Mid-Market,1,0,15.0,1,3.2,0
U111875,2025-05-14,Enterprise,APAC,Organic,Mid-Market,61,2989,24.0,3,3.2,0
U111876,2024-01-18,Starter,NA,Organic,SMB,3,36,20.0,1,3.6,0
U111877,2025-05-25,Starter,EMEA,Organic,Mid-Market,6,72,25.0,0,,0
U111878,2024-08-08,Business,NA,Organic,SMB,11,319,15.0,1,3.8,0
U111879,2024-02-21,Free,NA,Organic,Enterprise,1,0,8.0,1,4.4,0
U111880,2024-05-28,Free,APAC,Organic,SMB,1,0,9.0,0,,1
U111881,2025-05-21,Free,NA,Organic,SMB,1,0,9.0,0,,0
U111882,2024-05-12,Business,NA,Organic,SMB,18,522,28.0,2,5.0,0
U111883,2024-02-18,Free,EMEA,Organic,Mid-Market,1,0,12.0,0,,0
U111884,2024-07-28,Starter,NA,Organic,Mid-Market,7,84,12.0,2,3.8,1
U111885,2024-04-09,Enterprise,EMEA,Organic,SMB,76,3724,32.0,0,,0
U111886,2024-06-28,Starter,NA,Paid,SMB,3,36,7.0,0,,0
U111887,2024-08-30,Starter,NA,Referral,SMB,3,36,27.0,1,4.5,0
U111888,2025-04-24,Starter,EMEA,Partner,Enterprise,3,36,23.0,1,3.5,0
U111889,2024-10-10,Free,NA,Organic,Mid-Market,1,0,3.0,0,,1
U111890,2024-10-23,Starter,EMEA,Paid,Enterprise,3,36,7.0,0,,0
U111891,2024-05-29,Free,LATAM,Paid,Mid-Market,1,0,9.0,0,,0
U111892,2024-12-18,Free,EMEA,Paid,SMB,1,0,9.0,2,3.5,0
U111893,2024-11-07,Starter,EMEA,Referral,Mid-Market,3,36,7.0,0,,0
U111894,2025-01-28,Free,NA,Referral,SMB,1,0,1.0,0,,0
U111895,2024-10-26,Free,EMEA,Paid,SMB,1,0,14.0,2,4.7,0
U111896,2024-09-25,Free,NA,Referral,SMB,1,0,5.0,0,,1
U111897,2024-11-04,Free,EMEA,Organic,Mid-Market,1,0,10.0,0,,0
U111898,2024-08-14,Free,NA,Organic,SMB,1,0,10.0,3,4.1,0
U111899,2024-06-12,Starter,EMEA,Referral,SMB,3,36,22.0,1,3.8,0
U111900,2025-04-11,Business,APAC,Organic,Enterprise,38,1102,7.0,9,1.9,1
U111901,2024-12-30,Free,NA,Organic,SMB,1,0,3.0,0,,0
U111902,2024-09-15,Starter,APAC,Referral,Mid-Market,6,72,16.0,1,3.9,0
U111903,2024-06-01,Free,NA,Referral,SMB,1,0,18.0,0,,0
U111904,2024-03-04,Starter,LATAM,Partner,SMB,5,60,33.0,1,4.4,0
U111905,2024-09-20,Free,LATAM,Organic,Mid-Market,1,0,15.0,0,,1
U111906,2024-03-28,Business,EMEA,Organic,SMB,8,232,22.0,1,3.5,0
U111907,2025-06-15,Business,NA,Organic,Enterprise,37,1073,14.0,1,3.5,0
U111908,2025-02-07,Free,EMEA,Organic,Mid-Market,1,0,0.0,0,,0
U111909,2024-03-01,Business,NA,Organic,SMB,6,174,27.0,2,3.9,1
U111910,2025-01-30,Free,APAC,Organic,SMB,1,0,29.0,0,,0
U111911,2024-01-01,Free,LATAM,Organic,SMB,1,0,7.0,0,,0
U111912,2024-03-16,Free,LATAM,Paid,SMB,1,0,0.0,1,4.0,1
U111913,2024-03-19,Starter,NA,Organic,Enterprise,5,60,11.0,1,2.9,0
U111914,2024-07-10,Business,NA,Organic,Mid-Market,30,870,17.0,0,,0
U111915,2025-06-10,Starter,NA,Organic,SMB,6,72,3.0,1,3.5,0
U111916,2024-03-05,Starter,EMEA,Paid,Enterprise,4,48,22.0,0,,0
U111917,2025-03-17,Starter,EMEA,Organic,Mid-Market,2,24,16.0,0,,0
U111918,2025-01-27,Business,NA,Partner,SMB,27,783,22.0,0,,0
U111919,2025-03-25,Starter,NA,Organic,SMB,2,24,24.0,1,5.0,0
U111920,2024-10-16,Starter,EMEA,Referral,SMB,7,84,7.0,1,3.7,0
U111921,2024-01-20,Enterprise,NA,Referral,SMB,285,13965,15.0,1,4.3,0
U111922,2024-01-18,Business,NA,Organic,SMB,29,841,11.0,1,2.3,0
U111923,2024-02-07,Free,APAC,Referral,Mid-Market,1,0,0.0,0,,0
U111924,2024-10-28,Free,,Organic,SMB,1,0,0.0,0,,0
U111925,2025-01-27,Starter,LATAM,Organic,Mid-Market,6,72,14.0,1,5.0,1
U111926,2024-01-15,Free,EMEA,Paid,SMB,1,0,9.0,0,,0
U111927,2024-04-15,Free,NA,Organic,SMB,1,0,7.0,2,4.5,0
U111928,2024-05-06,Free,,Organic,SMB,1,0,4.0,0,,0
U111929,2024-04-26,Starter,APAC,Referral,SMB,5,60,7.0,0,,0
U111930,2024-09-23,Free,LATAM,Referral,SMB,1,0,6.0,0,,0
U111931,2024-11-25,Starter,NA,Organic,SMB,6,72,7.0,3,3.6,0
U111932,2024-05-08,Starter,EMEA,Organic,Mid-Market,3,36,4.0,0,,0
U111933,2024-11-24,Free,NA,Organic,SMB,1,0,10.0,0,,1
U111934,2024-02-15,Business,LATAM,Organic,Enterprise,17,493,20.0,2,4.5,0
U111935,2025-02-20,Enterprise,NA,Partner,Mid-Market,223,10927,6.0,2,4.4,0
U111936,2024-05-12,Business,LATAM,Organic,Enterprise,6,174,28.0,4,2.6,0
U111937,2024-03-13,Enterprise,NA,Organic,Enterprise,299,14651,28.0,1,4.3,0
U111938,2024-07-03,Free,LATAM,Organic,Mid-Market,1,0,5.0,0,,0
U111939,2025-01-12,Starter,APAC,Organic,SMB,4,48,17.0,1,4.9,1
U111940,2024-10-07,Enterprise,NA,Partner,SMB,288,14112,9.0,0,,0
U111941,2024-04-27,Enterprise,NA,Organic,SMB,232,11368,35.0,1,3.9,0
U111942,2024-04-16,Business,NA,Paid,SMB,11,319,30.0,1,4.5,0
U111943,2024-03-11,Free,APAC,Paid,Mid-Market,1,0,12.0,0,,1
U111944,2024-06-19,Free,NA,Paid,Enterprise,1,0,10.0,0,,0
U111945,2025-01-31,Starter,EMEA,Organic,Mid-Market,2,24,20.0,2,3.2,0
U111946,2024-12-27,Enterprise,NA,Organic,SMB,92,4508,19.0,3,4.7,0
U111947,2025-03-04,Starter,NA,Referral,Mid-Market,3,36,4.0,1,4.5,0
U111948,2024-07-02,Free,NA,Organic,Mid-Market,1,0,6.0,0,,0
U111949,2024-05-08,Starter,NA,Paid,SMB,3,36,17.0,0,,0
U111950,2024-04-17,Business,NA,Organic,SMB,19,551,9.0,1,3.7,0
U111951,2024-03-15,Free,EMEA,Organic,Mid-Market,1,0,24.0,0,,0
U111952,2025-05-01,Free,NA,Paid,SMB,1,0,0.0,1,3.8,1
U111953,2025-01-26,Starter,NA,Organic,SMB,3,36,21.0,0,,0
U111954,2024-02-19,Business,NA,Paid,Enterprise,12,348,20.0,2,5.0,1
U111955,2025-01-31,Business,NA,Referral,Mid-Market,27,783,32.0,1,4.7,0
U111956,2024-06-12,Enterprise,APAC,Referral,SMB,151,7399,21.0,3,4.0,0
U111957,2024-06-27,Business,LATAM,Paid,SMB,20,580,11.0,1,3.8,1
U111958,2024-09-07,Free,NA,Paid,SMB,1,0,10.0,1,3.0,1
U111959,2025-04-06,Starter,APAC,Referral,SMB,7,84,14.0,0,,0
U111960,2025-06-08,Starter,EMEA,Referral,Mid-Market,2,24,8.0,1,4.0,0
U111961,2024-01-24,Starter,NA,Referral,SMB,5,60,15.0,0,,0
U111962,2025-01-28,Free,NA,Referral,SMB,1,0,8.0,0,,0
U111963,2025-04-24,Business,APAC,Organic,SMB,14,406,19.0,4,3.1,0
U111964,2024-01-19,Business,EMEA,Organic,SMB,7,203,13.0,2,4.6,0
U111965,2024-02-14,Starter,EMEA,Partner,Mid-Market,4,48,16.0,3,3.2,0
U111966,2024-08-30,Free,LATAM,Organic,Mid-Market,1,0,0.0,0,,1
U111967,2024-12-22,Starter,NA,Paid,SMB,5,60,15.0,0,,0
U111968,2024-01-29,Starter,APAC,Organic,Mid-Market,2,24,8.0,0,,1
U111969,2024-07-30,Starter,APAC,Paid,Enterprise,5,60,22.0,0,,0
U111970,2024-08-09,Business,NA,Paid,SMB,33,957,24.0,1,3.9,0
U111971,2024-04-15,Free,NA,Paid,SMB,1,0,0.0,0,,1
U111972,2024-10-11,Business,NA,Organic,SMB,8,232,32.0,0,,0
U111973,2024-02-26,Starter,EMEA,Organic,Enterprise,5,60,6.0,0,,0
U111974,2025-03-03,Starter,APAC,Organic,Enterprise,5,60,11.0,3,5.0,1
U111975,2024-08-19,Free,EMEA,Paid,Mid-Market,1,0,0.0,1,4.6,0
U111976,2025-05-09,Starter,NA,Referral,SMB,6,72,19.0,4,3.5,0
U111977,2024-12-26,Free,EMEA,Organic,SMB,1,0,0.0,0,,0
U111978,2025-04-16,Business,NA,Paid,SMB,14,406,21.0,2,4.5,0
U111979,2025-06-08,Business,EMEA,Organic,SMB,38,1102,24.0,5,3.6,0
U111980,2025-06-17,Free,NA,Organic,Mid-Market,1,0,6.0,0,,0
U111981,2025-03-14,Starter,NA,Organic,SMB,6,72,12.0,1,3.6,0
U111982,2025-05-04,Free,EMEA,Organic,Mid-Market,1,0,10.0,0,,0
U111983,2025-02-05,Business,APAC,Organic,Mid-Market,22,638,10.0,5,2.2,0
U111984,2024-11-14,Free,EMEA,Paid,Mid-Market,1,0,,0,,0
U111985,2024-01-25,Free,NA,Organic,SMB,1,0,0.0,1,3.2,0
U111986,2025-05-06,Starter,EMEA,Organic,SMB,2,24,20.0,0,,0
U111987,2025-02-08,Free,NA,Organic,SMB,1,0,7.0,2,3.3,0
U111988,2024-07-27,Business,NA,Organic,SMB,7,203,14.0,1,3.5,0
U111989,2025-01-29,Starter,NA,Paid,Mid-Market,3,36,19.0,1,3.5,0
U111990,2024-07-16,Starter,EMEA,Organic,SMB,5,60,9.0,1,5.0,1
U111991,2025-05-22,Starter,EMEA,Partner,Enterprise,2,24,15.0,2,4.6,0
U111992,2025-05-30,Free,LATAM,Organic,Enterprise,1,0,7.0,0,,0
U111993,2024-10-16,Business,NA,Organic,SMB,36,1044,17.0,1,3.3,0
U111994,2025-03-08,Free,NA,Paid,SMB,1,0,,2,4.2,0
U111995,2025-03-13,Business,LATAM,Organic,Mid-Market,11,319,29.0,3,2.9,0
U111996,2025-05-09,Free,EMEA,Organic,Enterprise,1,0,0.0,0,,0
U111997,2024-08-31,Starter,LATAM,Organic,SMB,5,60,4.0,2,3.9,0
U111998,2024-06-01,Starter,NA,Paid,SMB,5,60,5.0,0,,0
U111999,2024-04-04,Business,NA,Paid,Enterprise,35,1015,27.0,1,4.3,0
U108552,2024-05-12,Starter,EMEA,Organic,Mid-Market,6,72,2.0,2,3.0,1
U110948,2024-06-27,Free,LATAM,Organic,SMB,1,0,0.0,1,4.0,1
U111828,2025-03-03,Free,EMEA,Paid,SMB,1,0,0.0,0,,0
U108894,2025-06-13,Business,NA,Organic,SMB,25,725,27.0,0,,0
U102753,2024-08-22,Starter,EMEA,Partner,Enterprise,5,60,15.0,0,,0
U100770,2024-07-01,Free,EMEA,Referral,SMB,1,0,0.0,0,,0
U100526,2025-04-11,Free,EMEA,Organic,SMB,1,0,,0,,0
U110136,2024-01-30,Free,EMEA,Partner,SMB,1,0,7.0,2,3.8,0
U110295,2025-03-12,Free,NA,Partner,SMB,1,0,5.0,0,,1
U104066,2024-10-10,Free,EMEA,Paid,SMB,1,0,12.0,0,,1
U106342,2024-03-20,Starter,NA,Referral,SMB,4,48,12.0,0,,0
U104746,2025-04-28,Free,LATAM,Organic,SMB,1,0,8.0,1,4.6,0
U103456,2024-12-26,Starter,LATAM,Partner,SMB,6,72,7.0,1,5.0,0
U100956,2025-02-15,Starter,NA,Referral,Mid-Market,7,84,8.0,1,3.8,1
U104685,2025-01-01,Starter,NA,Organic,SMB,2,24,13.0,1,3.7,0
U111293,2025-02-10,Starter,EMEA,Organic,SMB,4,48,13.0,1,3.9,0
U110064,2024-08-05,Starter,APAC,Organic,Mid-Market,6,72,10.0,3,4.2,0
U110112,2025-02-23,Starter,NA,Organic,Enterprise,5,60,0.0,0,,0
U109333,2024-05-24,Starter,EMEA,Organic,SMB,4,48,19.0,4,3.9,0
U105106,2024-12-04,Starter,EMEA,Organic,SMB,4,48,14.0,1,4.1,1
U109775,2025-03-28,Free,NA,Organic,Enterprise,1,0,0.0,1,4.0,0
U104787,2025-05-05,Starter,EMEA,Paid,SMB,3,36,10.0,0,,0
U105707,2025-03-18,Enterprise,APAC,Paid,SMB,71,3479,30.0,2,3.9,0
U108356,2024-08-03,Free,NA,Organic,SMB,1,0,16.0,0,,0
U106638,2024-03-20,Starter,NA,Organic,SMB,4,48,4.0,1,3.7,0
U111698,2024-05-08,Free,EMEA,Paid,Enterprise,1,0,14.0,1,3.5,0
U104617,2024-08-05,Starter,NA,Organic,SMB,7,84,29.0,1,4.4,0
U100530,2025-05-19,Free,NA,Paid,Enterprise,1,0,13.0,0,,0
U108442,2024-09-13,Starter,EMEA,Paid,SMB,6,72,16.0,0,,0
U105437,2024-08-14,Starter,NA,Referral,Mid-Market,4,48,11.0,3,4.6,0
U103219,2024-10-26,Free,LATAM,Organic,SMB,1,0,1.0,1,4.5,1
U109865,2024-08-14,Free,EMEA,Referral,Mid-Market,1,0,6.0,0,,0
U109905,2024-12-22,Free,NA,Paid,SMB,1,0,0.0,0,,0
U100507,2025-05-23,Business,EMEA,Referral,SMB,9,261,7.0,0,,0
U101532,2024-03-28,Free,NA,Organic,Enterprise,1,0,8.0,0,,0
U104272,2024-06-06,Free,LATAM,Paid,Enterprise,1,0,10.0,1,3.9,0
U102671,2024-03-08,Free,APAC,Partner,SMB,1,0,0.0,1,4.2,1
U111462,2024-03-09,Business,NA,Organic,SMB,24,696,31.0,0,,0
U111823,2025-02-03,Starter,LATAM,Referral,SMB,3,36,14.0,0,,0
U104352,2024-08-03,Free,NA,Referral,Mid-Market,1,0,0.0,0,,0
U110794,2024-08-11,Starter,EMEA,Organic,SMB,3,36,18.0,1,3.2,0
U108885,2024-03-14,Free,NA,Paid,Mid-Market,1,0,3.0,1,4.1,1
U104559,2024-12-01,Free,EMEA,Organic,SMB,1,0,4.0,0,,0
U105723,2024-07-20,Free,NA,Organic,Enterprise,1,0,0.0,1,4.5,0
U105300,2024-02-25,Starter,NA,Organic,SMB,4,48,3.0,1,4.8,0
U106713,2025-04-28,Free,EMEA,Organic,SMB,1,0,,0,,1
U107266,2025-03-29,Enterprise,APAC,Organic,SMB,195,9555,44.0,2,5.0,0
U103281,2024-09-16,Starter,LATAM,Organic,SMB,2,24,10.0,0,,0
U107968,2025-03-11,Business,EMEA,Partner,Mid-Market,24,696,15.0,1,4.3,0
U109219,2025-05-30,Free,APAC,Referral,SMB,1,0,4.0,0,,0
U110023,2024-09-07,Starter,NA,Organic,SMB,2,24,19.0,1,4.7,0
U105522,2024-10-23,Starter,NA,Paid,SMB,3,36,15.0,2,3.6,0
U102327,2024-09-24,Free,EMEA,Referral,SMB,1,0,0.0,1,4.3,0
U101483,2025-04-17,Enterprise,EMEA,Referral,SMB,250,12250,28.0,2,4.3,0
U106156,2024-01-31,Starter,NA,Paid,SMB,3,36,12.0,1,3.9,0
U102353,2025-01-31,Enterprise,,Partner,SMB,158,7742,21.0,4,4.5,0
U111968,2024-01-29,Starter,APAC,Organic,Mid-Market,2,24,8.0,0,,1
U109054,2025-03-28,Free,APAC,Paid,Mid-Market,1,0,0.0,1,5.0,0
U106699,2024-11-14,Enterprise,EMEA,Organic,SMB,62,3038,17.0,4,3.1,0
U103029,2024-12-20,Free,NA,Referral,SMB,1,0,2.0,0,,1
U108044,2024-07-08,Business,EMEA,Referral,SMB,11,319,17.0,0,,0
U110994,2024-06-11,Starter,NA,Organic,SMB,4,48,16.0,1,4.7,0
U101664,2024-03-28,Starter,LATAM,Organic,Mid-Market,2,24,28.0,0,,0
U109446,2024-08-27,Enterprise,EMEA,Referral,SMB,48,2352,28.0,3,5.0,0
U111155,2024-01-12,Starter,EMEA,Organic,Enterprise,3,36,20.0,0,,0
U100213,2024-03-17,Starter,APAC,Paid,SMB,6,72,9.0,1,4.0,0
U111095,2024-12-17,Starter,LATAM,Referral,SMB,4,48,22.0,0,,0
U111355,2024-02-21,Starter,APAC,Organic,Enterprise,3,36,12.0,1,4.9,0
U106904,2025-01-26,Free,NA,Referral,SMB,1,0,6.0,0,,0
U103788,2024-08-19,Starter,NA,Referral,Mid-Market,2,24,11.0,2,4.5,0
U109712,2025-04-09,Starter,EMEA,Referral,Mid-Market,4,48,9.0,0,,0
U103887,2024-07-09,Business,EMEA,Paid,SMB,22,638,29.0,2,3.7,0
U102518,2024-01-29,Starter,NA,Organic,Mid-Market,7,84,9.0,1,3.4,0
U103292,2025-01-04,Starter,APAC,Referral,Enterprise,7,84,6.0,1,3.1,1
U105506,2025-06-17,Business,APAC,Organic,SMB,30,870,15.0,2,2.3,0
U104929,2025-01-12,Free,NA,Referral,SMB,1,0,0.0,0,,1
U107709,2024-11-24,Business,NA,Organic,SMB,16,464,18.0,3,3.1,0
U107810,2024-02-20,Enterprise,EMEA,Organic,Enterprise,110,5390,22.0,6,3.4,0
U111522,2025-04-30,Free,NA,Organic,Enterprise,1,0,8.0,0,,0
U107325,2025-05-23,Free,NA,Organic,SMB,1,0,3.0,0,,0
